{"Type":"0T:System.Web.Http.Description.ApiParameterDescription, System.Web.Http, 5.1.0.0","ClassCtx":"0T:Apress.Recipes.WebApi.Areas.HelpPage.HelpPageConfigurationExtensions, Apress.Recipes.WebApi","MethodCtx":"0M:static [p:void] [Apress.Recipes.WebApi.Areas.HelpPage.HelpPageConfigurationExtensions, Apress.Recipes.WebApi].GenerateUriParameters([Apress.Recipes.WebApi.Areas.HelpPage.Models.HelpPageApiModel, Apress.Recipes.WebApi] apiModel, [Apress.Recipes.WebApi.Areas.HelpPage.ModelDescriptions.ModelDescriptionGenerator, Apress.Recipes.WebApi] modelGenerator)","Definition":{"Type":"UNKNOWN"},"CallParameters":[{"Method":"0M:static [Apress.Recipes.WebApi.Areas.HelpPage.ModelDescriptions.ParameterDescription, Apress.Recipes.WebApi] [Apress.Recipes.WebApi.Areas.HelpPage.HelpPageConfigurationExtensions, Apress.Recipes.WebApi].AddParameterDescription([Apress.Recipes.WebApi.Areas.HelpPage.Models.HelpPageApiModel, Apress.Recipes.WebApi] apiModel, [System.Web.Http.Description.ApiParameterDescription, System.Web.Http, 5.1.0.0] apiParameter, [Apress.Recipes.WebApi.Areas.HelpPage.ModelDescriptions.ModelDescription, Apress.Recipes.WebApi] typeDescription)","ArgIndex":1}],"MemberAccesses":[{"Type":"MEMBER_REFERENCE","Member":"0P:set get [e:System.Web.Http.Description.ApiParameterSource, System.Web.Http, 5.1.0.0] [System.Web.Http.Description.ApiParameterDescription, System.Web.Http, 5.1.0.0].Source()"},{"Type":"MEMBER_REFERENCE","Member":"0P:set get [System.Web.Http.Controllers.HttpParameterDescriptor, System.Web.Http, 5.1.0.0] [System.Web.Http.Description.ApiParameterDescription, System.Web.Http, 5.1.0.0].ParameterDescriptor()"}]}