{"Type":"0T:System.Web.Http.Description.ApiParameterDescription, System.Web.Http, 5.1.0.0","ClassCtx":"0T:Apress.Recipes.WebApi.Areas.HelpPage.HelpPageSampleGenerator, Apress.Recipes.WebApi","MethodCtx":"0M:[TResult] [d:[TResult] [System.Func`2[[T],[TResult]], mscorlib, 4.0.0.0].([T] arg)].Invoke([T] arg)","Definition":{"Type":"LAMBDA_PARAMETER"},"MemberAccesses":[{"Type":"MEMBER_REFERENCE","Member":"0P:set get [p:string] [System.Web.Http.Description.ApiParameterDescription, System.Web.Http, 5.1.0.0].Name()"}]}