{"Type":"0T:System.IO.DirectoryInfo, mscorlib, 4.0.0.0","ClassCtx":"0T:MSHelpSystem.Core.Help3Service, HelpViewer","MethodCtx":"0M:static [p:void] [MSHelpSystem.Core.Help3Service, HelpViewer].UpdateCatalogs()","Definition":{"Type":"NEW","Member":"0M:[p:void] [System.IO.DirectoryInfo, mscorlib, 4.0.0.0]..ctor([p:string] path)"},"MemberAccesses":[{"Type":"METHOD_CALL","Member":"0M:[System.IO.FileInfo[], mscorlib, 4.0.0.0] [System.IO.DirectoryInfo, mscorlib, 4.0.0.0].GetFiles([p:string] searchPattern)"}]}