{"Type":"0T:System.Web.Http.Description.ApiExplorerSettingsAttribute, System.Web.Http, 5.1.0.0","ClassCtx":"0T:Apress.Recipes.WebApi.Areas.HelpPage.ModelDescriptions.ModelDescriptionGenerator, Apress.Recipes.WebApi","MethodCtx":"0M:static [p:bool] [Apress.Recipes.WebApi.Areas.HelpPage.ModelDescriptions.ModelDescriptionGenerator, Apress.Recipes.WebApi].ShouldDisplayMember([System.Reflection.MemberInfo, mscorlib, 4.0.0.0] member, [p:bool] hasDataContractAttribute)","Definition":{"Type":"RETURN_VALUE","Member":"0M:static [T] [System.Reflection.CustomAttributeExtensions, mscorlib, 4.0.0.0].GetCustomAttribute`1[[T]](this [System.Reflection.MemberInfo, mscorlib, 4.0.0.0] element)"},"MemberAccesses":[{"Type":"MEMBER_REFERENCE","Member":"0P:set get [p:bool] [System.Web.Http.Description.ApiExplorerSettingsAttribute, System.Web.Http, 5.1.0.0].IgnoreApi()"}]}