{"Type":"0T:System.Net.HttpWebRequest, System, 4.0.0.0","ClassCtx":"0T:ExampleLibrary.TileMapAnnotation, ExampleLibrary_NET40","MethodCtx":"0M:[p:void] [ExampleLibrary.TileMapAnnotation, ExampleLibrary_NET40].BeginDownload()","Definition":{"Type":"CAST"},"CallParameters":[{"Method":"0M:[i:System.IAsyncResult, mscorlib, 4.0.0.0] [System.Net.HttpWebRequest, System, 4.0.0.0].BeginGetResponse([d:[p:void] [System.AsyncCallback, mscorlib, 4.0.0.0].([i:System.IAsyncResult, mscorlib, 4.0.0.0] ar)] callback, [p:object] state)","ArgIndex":1}],"MemberAccesses":[{"Type":"METHOD_CALL","Member":"0M:[i:System.IAsyncResult, mscorlib, 4.0.0.0] [System.Net.HttpWebRequest, System, 4.0.0.0].BeginGetResponse([d:[p:void] [System.AsyncCallback, mscorlib, 4.0.0.0].([i:System.IAsyncResult, mscorlib, 4.0.0.0] ar)] callback, [p:object] state)"}]}