{"Type":"0T:SharpDX.WIC.Bitmap, SharpDX.Direct2D1, 2.6.3.0","ClassCtx":"0T:Cocos2D.CCLabel, Cocos2d.WinRT","MethodCtx":"0M:[?] [Cocos2D.CCLabel, Cocos2d.WinRT].GetBitmapData([?] s, out [?] stride)","Definition":{"Type":"MEMBER_ACCESS","Member":"0F:[SharpDX.WIC.Bitmap, SharpDX.Direct2D1, 2.6.3.0] [Cocos2D.CCLabel, Cocos2d.WinRT]._bitmap"},"MemberAccesses":[{"Type":"MEMBER_REFERENCE","Member":"0P:get [s:SharpDX.Size2, SharpDX, 2.6.3.0] [SharpDX.WIC.BitmapSource, SharpDX.Direct2D1, 2.6.3.0].Size()"},{"Type":"MEMBER_REFERENCE","Member":"0P:get [s:SharpDX.Size2, SharpDX, 2.6.3.0] [SharpDX.WIC.BitmapSource, SharpDX.Direct2D1, 2.6.3.0].Size()"},{"Type":"METHOD_CALL","Member":"0M:[p:void] [SharpDX.WIC.BitmapSource, SharpDX.Direct2D1, 2.6.3.0].CopyPixels([p:int] stride, [s:SharpDX.DataPointer, SharpDX, 2.6.3.0] dataPointer)"}]}