{"Type":"0T:SharpDX.WIC.Bitmap, SharpDX.Direct2D1, 2.6.3.0","ClassCtx":"0T:Cocos2D.CCLabel, Cocos2d.WinRT","MethodCtx":"0M:[?] [Cocos2D.CCLabel, Cocos2d.WinRT].SaveToFile([?] fileName)","Definition":{"Type":"MEMBER_ACCESS","Member":"0F:[SharpDX.WIC.Bitmap, SharpDX.Direct2D1, 2.6.3.0] [Cocos2D.CCLabel, Cocos2d.WinRT]._bitmap"},"CallParameters":[{"Method":"0M:[p:void] [SharpDX.WIC.BitmapFrameEncode, SharpDX.Direct2D1, 2.6.3.0].WriteSource([SharpDX.WIC.BitmapSource, SharpDX.Direct2D1, 2.6.3.0] bitmapSource)","ArgIndex":0}]}