{"Type":"0T:p:uint","ClassCtx":"0T:MSHelpSystem.Core.Native.NativeMethods, HelpViewer","MethodCtx":"0M:static [p:int] [MSHelpSystem.Core.Native.NativeMethods, HelpViewer].GetSessionId()","Definition":{"Type":"OUT_PARAMETER","Member":"0M:static [p:bool] [MSHelpSystem.Core.Native.NativeMethods, HelpViewer].WTSQuerySessionInformation([s:System.IntPtr, mscorlib, 4.0.0.0] hServer, [p:int] sessionId, [e:MSHelpSystem.Core.Native.NativeMethods+WTSInfoClass, HelpViewer] wtsInfoClass, out [s:System.IntPtr, mscorlib, 4.0.0.0] ppBuffer, out [p:uint] pBytesReturned)"}}