{"Type":"0T:SharpDX.DirectWrite.LocalizedStrings, SharpDX.Direct2D1, 2.6.3.0","ClassCtx":"0T:Cocos2D.CCLabel, Cocos2d.WinRT","MethodCtx":"0M:[?] [Cocos2D.CCLabel, Cocos2d.WinRT].CreateFont([?] fontName, [?] fontSize, [Cocos2D.CCRawList`1[[T]], Cocos2d.WinRT] charset)","Definition":{"Type":"MEMBER_ACCESS","Member":"0P:get [SharpDX.DirectWrite.LocalizedStrings, SharpDX.Direct2D1, 2.6.3.0] [SharpDX.DirectWrite.FontFamily, SharpDX.Direct2D1, 2.6.3.0].FamilyNames()"},"MemberAccesses":[{"Type":"METHOD_CALL","Member":"0M:[p:string] [SharpDX.DirectWrite.LocalizedStrings, SharpDX.Direct2D1, 2.6.3.0].GetString([p:int] index)"}]}