{"Type":"0T:p:object","ClassCtx":"0T:Apress.Recipes.WebApi.Areas.HelpPage.HelpPageConfigurationExtensions, Apress.Recipes.WebApi","MethodCtx":"0M:static [p:void] [Apress.Recipes.WebApi.Areas.HelpPage.HelpPageConfigurationExtensions, Apress.Recipes.WebApi].SetSampleRequest(this [System.Web.Http.HttpConfiguration, System.Web.Http, 5.1.0.0] config, [p:object] sample, [System.Net.Http.Headers.MediaTypeHeaderValue, System.Net.Http, 4.0.0.0] mediaType, [p:string] controllerName, [p:string] actionName, params [p:string[]] parameterNames)","Definition":{"Type":"METHOD_PARAMETER","Member":"0M:static [p:void] [Apress.Recipes.WebApi.Areas.HelpPage.HelpPageConfigurationExtensions, Apress.Recipes.WebApi].SetSampleRequest(this [System.Web.Http.HttpConfiguration, System.Web.Http, 5.1.0.0] config, [p:object] sample, [System.Net.Http.Headers.MediaTypeHeaderValue, System.Net.Http, 4.0.0.0] mediaType, [p:string] controllerName, [p:string] actionName, params [p:string[]] parameterNames)","ArgIndex":1}}