{"Type":"0T:p:object","ClassCtx":"0T:Apress.Recipes.WebApi.Areas.HelpPage.ModelDescriptions.ModelDescriptionGenerator, Apress.Recipes.WebApi","MethodCtx":"0M:[Apress.Recipes.WebApi.Areas.HelpPage.ModelDescriptions.EnumTypeModelDescription, Apress.Recipes.WebApi] [Apress.Recipes.WebApi.Areas.HelpPage.ModelDescriptions.ModelDescriptionGenerator, Apress.Recipes.WebApi].GenerateEnumTypeModelDescription([System.Type, mscorlib, 4.0.0.0] modelType)","Definition":{"Type":"RETURN_VALUE","Member":"0M:[p:object] [System.Reflection.FieldInfo, mscorlib, 4.0.0.0].GetRawConstantValue()"},"MemberAccesses":[{"Type":"METHOD_CALL","Member":"0M:[p:string] [p:object].ToString()"}]}