{"Type":"0T:p:object","ClassCtx":"0T:Apress.Recipes.WebApi.Areas.HelpPage.HelpPageSampleGenerator, Apress.Recipes.WebApi","MethodCtx":"0M:[i:System.Collections.Generic.IDictionary`2[[TKey],[TValue]], mscorlib, 4.0.0.0] [Apress.Recipes.WebApi.Areas.HelpPage.HelpPageSampleGenerator, Apress.Recipes.WebApi].GetSample([System.Web.Http.Description.ApiDescription, System.Web.Http, 5.1.0.0] api, [e:Apress.Recipes.WebApi.Areas.HelpPage.SampleDirection, Apress.Recipes.WebApi] sampleDirection)","Definition":{"Type":"RETURN_VALUE","Member":"0M:static [p:object] [Apress.Recipes.WebApi.Areas.HelpPage.HelpPageSampleGenerator, Apress.Recipes.WebApi].WrapSampleIfString([p:object] sample)"},"CallParameters":[{"Method":"0M:[p:void] [System.Collections.Generic.Dictionary`2[[TKey],[TValue]], mscorlib, 4.0.0.0].Add([TKey] key, [TValue] value)","ArgIndex":1},{"Method":"0M:static [p:object] [Apress.Recipes.WebApi.Areas.HelpPage.HelpPageSampleGenerator, Apress.Recipes.WebApi].WrapSampleIfString([p:object] sample)","ArgIndex":0},{"Method":"0M:[p:object] [Apress.Recipes.WebApi.Areas.HelpPage.HelpPageSampleGenerator, Apress.Recipes.WebApi].WriteSampleObjectUsingFormatter([System.Net.Http.Formatting.MediaTypeFormatter, System.Net.Http.Formatting, 5.1.0.0] formatter, [p:object] value, [System.Type, mscorlib, 4.0.0.0] type, [System.Net.Http.Headers.MediaTypeHeaderValue, System.Net.Http, 4.0.0.0] mediaType)","ArgIndex":1}]}