{"Type":"0T:p:object","ClassCtx":"0T:Apress.Recipes.WebApi.Areas.HelpPage.ObjectGenerator, Apress.Recipes.WebApi","MethodCtx":"0M:static [p:object] [Apress.Recipes.WebApi.Areas.HelpPage.ObjectGenerator, Apress.Recipes.WebApi].GenerateTuple([System.Type, mscorlib, 4.0.0.0] type, [System.Collections.Generic.Dictionary`2[[TKey],[TValue]], mscorlib, 4.0.0.0] createdObjectReferences)","Definition":{"Type":"RETURN_VALUE","Member":"0M:static [p:object] [System.Activator, mscorlib, 4.0.0.0].CreateInstance([System.Type, mscorlib, 4.0.0.0] type, params [p:object[]] args)"}}