{"Type":"0T:p:object","ClassCtx":"0T:Apress.Recipes.WebApi.Areas.HelpPage.ObjectGenerator, Apress.Recipes.WebApi","MethodCtx":"0M:static [p:object] [Apress.Recipes.WebApi.Areas.HelpPage.ObjectGenerator, Apress.Recipes.WebApi].GenerateCollection([System.Type, mscorlib, 4.0.0.0] collectionType, [p:int] size, [System.Collections.Generic.Dictionary`2[[TKey],[TValue]], mscorlib, 4.0.0.0] createdObjectReferences)","Definition":{"Type":"RETURN_VALUE","Member":"0M:[p:object] [Apress.Recipes.WebApi.Areas.HelpPage.ObjectGenerator, Apress.Recipes.WebApi].GenerateObject([System.Type, mscorlib, 4.0.0.0] type)"},"CallParameters":[{"Method":"0M:[p:object] [System.Reflection.MethodBase, mscorlib, 4.0.0.0].Invoke([p:object] obj, [p:object[]] parameters)","ArgIndex":0}]}