{"Type":"0T:p:object","ClassCtx":"0T:Apress.Recipes.WebApi.Areas.HelpPage.ObjectGenerator, Apress.Recipes.WebApi","MethodCtx":"0M:static [p:void] [Apress.Recipes.WebApi.Areas.HelpPage.ObjectGenerator, Apress.Recipes.WebApi].SetPublicFields([System.Type, mscorlib, 4.0.0.0] type, [p:object] obj, [System.Collections.Generic.Dictionary`2[[TKey],[TValue]], mscorlib, 4.0.0.0] createdObjectReferences)","Definition":{"Type":"RETURN_VALUE","Member":"0M:[p:object] [Apress.Recipes.WebApi.Areas.HelpPage.ObjectGenerator, Apress.Recipes.WebApi].GenerateObject([System.Type, mscorlib, 4.0.0.0] type)"},"CallParameters":[{"Method":"0M:[p:void] [System.Reflection.FieldInfo, mscorlib, 4.0.0.0].SetValue([p:object] obj, [p:object] value)","ArgIndex":0},{"Method":"0M:[p:void] [System.Reflection.FieldInfo, mscorlib, 4.0.0.0].SetValue([p:object] obj, [p:object] value)","ArgIndex":1}]}