{"Type":"0T:p:object","ClassCtx":"0T:Apress.Recipes.WebApi.Areas.HelpPage.HelpPageConfigurationExtensions, Apress.Recipes.WebApi","MethodCtx":"0M:static [Apress.Recipes.WebApi.Areas.HelpPage.ModelDescriptions.ModelDescriptionGenerator, Apress.Recipes.WebApi] [Apress.Recipes.WebApi.Areas.HelpPage.HelpPageConfigurationExtensions, Apress.Recipes.WebApi].GetModelDescriptionGenerator(this [System.Web.Http.HttpConfiguration, System.Web.Http, 5.1.0.0] config)","Definition":{"Type":"RETURN_VALUE","Member":"0M:[TValue] [System.Collections.Concurrent.ConcurrentDictionary`2[[TKey],[TValue]], mscorlib, 4.0.0.0].GetOrAdd([TKey] key, [d:[TResult] [System.Func`2[[T],[TResult]], mscorlib, 4.0.0.0].([T] arg)] valueFactory)"}}