{"Type":"0T:p:object","ClassCtx":"0T:Apress.Recipes.WebApi.Areas.HelpPage.HelpPageConfigurationExtensions, Apress.Recipes.WebApi","MethodCtx":"0M:static [Apress.Recipes.WebApi.Areas.HelpPage.Models.HelpPageApiModel, Apress.Recipes.WebApi] [Apress.Recipes.WebApi.Areas.HelpPage.HelpPageConfigurationExtensions, Apress.Recipes.WebApi].GetHelpPageApiModel(this [System.Web.Http.HttpConfiguration, System.Web.Http, 5.1.0.0] config, [p:string] apiDescriptionId)","Definition":{"Type":"RETURN_VALUE","Member":"0M:static [Apress.Recipes.WebApi.Areas.HelpPage.Models.HelpPageApiModel, Apress.Recipes.WebApi] [Apress.Recipes.WebApi.Areas.HelpPage.HelpPageConfigurationExtensions, Apress.Recipes.WebApi].GenerateApiModel([System.Web.Http.Description.ApiDescription, System.Web.Http, 5.1.0.0] apiDescription, [System.Web.Http.HttpConfiguration, System.Web.Http, 5.1.0.0] config)"},"CallParameters":[{"Method":"0M:[p:bool] [System.Collections.Concurrent.ConcurrentDictionary`2[[TKey],[TValue]], mscorlib, 4.0.0.0].TryAdd([TKey] key, [TValue] value)","ArgIndex":1}]}