{"Type":"0T:p:object","ClassCtx":"0T:Apress.Recipes.WebApi.Areas.HelpPage.HelpPageConfigurationExtensions, Apress.Recipes.WebApi","MethodCtx":"0M:static [p:void] [Apress.Recipes.WebApi.Areas.HelpPage.HelpPageConfigurationExtensions, Apress.Recipes.WebApi].GenerateUriParameters([Apress.Recipes.WebApi.Areas.HelpPage.Models.HelpPageApiModel, Apress.Recipes.WebApi] apiModel, [Apress.Recipes.WebApi.Areas.HelpPage.ModelDescriptions.ModelDescriptionGenerator, Apress.Recipes.WebApi] modelGenerator)","Definition":{"Type":"MEMBER_ACCESS","Member":"0P:get [p:object] [System.Web.Http.Controllers.HttpParameterDescriptor, System.Web.Http, 5.1.0.0].DefaultValue()"},"CallParameters":[{"Method":"0M:static [p:string] [System.Convert, mscorlib, 4.0.0.0].ToString([p:object] value, [i:System.IFormatProvider, mscorlib, 4.0.0.0] provider)","ArgIndex":0}]}