{"Type":"0T:i:System.IFormattable, mscorlib, 4.0.0.0","ClassCtx":"0T:OxyPlot.Reporting.ItemsTableField, OxyPlot_NET40","MethodCtx":"0M:[p:string] [OxyPlot.Reporting.ItemsTableField, OxyPlot_NET40].GetText([p:object] item, [i:System.IFormatProvider, mscorlib, 4.0.0.0] formatProvider)","Definition":{"Type":"CAST"},"MemberAccesses":[{"Type":"METHOD_CALL","Member":"0M:[p:string] [i:System.IFormattable, mscorlib, 4.0.0.0].ToString([p:string] format, [i:System.IFormatProvider, mscorlib, 4.0.0.0] formatProvider)"}]}