{"Type":"0T:p:double","ClassCtx":"0T:OxyPlot.Annotations.EllipseAnnotation, OxyPlot_NET40","MethodCtx":"0M:[p:void] [OxyPlot.Annotations.Annotation, OxyPlot_NET40].Render([i:OxyPlot.IRenderContext, OxyPlot_NET40] rc)","Definition":{"Type":"UNKNOWN"},"CallParameters":[{"Method":"0M:[s:OxyPlot.ScreenPoint, OxyPlot_NET40] [OxyPlot.Annotations.Annotation, OxyPlot_NET40].Transform([p:double] x, [p:double] y)","ArgIndex":0},{"Method":"0M:static [p:void] [OxyPlot.RenderingExtensions, OxyPlot_NET40].DrawClippedEllipse(this [i:OxyPlot.IRenderContext, OxyPlot_NET40] rc, [s:OxyPlot.OxyRect, OxyPlot_NET40] clippingRectangle, [s:OxyPlot.OxyRect, OxyPlot_NET40] rect, [s:OxyPlot.OxyColor, OxyPlot_NET40] fill, [s:OxyPlot.OxyColor, OxyPlot_NET40] stroke, [p:double] thickness, opt [p:int] n)","ArgIndex":5},{"Method":"0M:[s:OxyPlot.ScreenPoint, OxyPlot_NET40] [OxyPlot.Annotations.Annotation, OxyPlot_NET40].Transform([p:double] x, [p:double] y)","ArgIndex":1},{"Method":"0M:static [p:void] [OxyPlot.RenderingExtensions, OxyPlot_NET40].DrawClippedText(this [i:OxyPlot.IRenderContext, OxyPlot_NET40] rc, [s:OxyPlot.OxyRect, OxyPlot_NET40] clippingRectangle, [s:OxyPlot.ScreenPoint, OxyPlot_NET40] p, [p:string] text, [s:OxyPlot.OxyColor, OxyPlot_NET40] fill, opt [p:string] fontFamily, opt [p:double] fontSize, opt [p:double] fontWeight, opt [p:double] rotate, opt [e:OxyPlot.HorizontalAlignment, OxyPlot_NET40] horizontalAlignment, opt [e:OxyPlot.VerticalAlignment, OxyPlot_NET40] verticalAlignment, opt [s:System.Nullable`1[[T]], mscorlib, 4.0.0.0] maxSize)","ArgIndex":7},{"Method":"0M:static [p:void] [OxyPlot.RenderingExtensions, OxyPlot_NET40].DrawClippedText(this [i:OxyPlot.IRenderContext, OxyPlot_NET40] rc, [s:OxyPlot.OxyRect, OxyPlot_NET40] clippingRectangle, [s:OxyPlot.ScreenPoint, OxyPlot_NET40] p, [p:string] text, [s:OxyPlot.OxyColor, OxyPlot_NET40] fill, opt [p:string] fontFamily, opt [p:double] fontSize, opt [p:double] fontWeight, opt [p:double] rotate, opt [e:OxyPlot.HorizontalAlignment, OxyPlot_NET40] horizontalAlignment, opt [e:OxyPlot.VerticalAlignment, OxyPlot_NET40] verticalAlignment, opt [s:System.Nullable`1[[T]], mscorlib, 4.0.0.0] maxSize)","ArgIndex":8},{"Method":"0M:static [p:void] [OxyPlot.RenderingExtensions, OxyPlot_NET40].DrawClippedText(this [i:OxyPlot.IRenderContext, OxyPlot_NET40] rc, [s:OxyPlot.OxyRect, OxyPlot_NET40] clippingRectangle, [s:OxyPlot.ScreenPoint, OxyPlot_NET40] p, [p:string] text, [s:OxyPlot.OxyColor, OxyPlot_NET40] fill, opt [p:string] fontFamily, opt [p:double] fontSize, opt [p:double] fontWeight, opt [p:double] rotate, opt [e:OxyPlot.HorizontalAlignment, OxyPlot_NET40] horizontalAlignment, opt [e:OxyPlot.VerticalAlignment, OxyPlot_NET40] verticalAlignment, opt [s:System.Nullable`1[[T]], mscorlib, 4.0.0.0] maxSize)","ArgIndex":6}]}