{"Type":"0T:p:double","ClassCtx":"0T:OxyPlot.Annotations.ImageAnnotation, OxyPlot_NET40","MethodCtx":"0M:[p:void] [OxyPlot.Annotations.Annotation, OxyPlot_NET40].Render([i:OxyPlot.IRenderContext, OxyPlot_NET40] rc)","Definition":{"Type":"UNKNOWN"},"CallParameters":[{"Method":"0M:static [p:void] [OxyPlot.RenderingExtensions, OxyPlot_NET40].DrawImage(this [i:OxyPlot.IRenderContext, OxyPlot_NET40] rc, [OxyPlot.OxyImage, OxyPlot_NET40] image, [p:double] x, [p:double] y, [p:double] w, [p:double] h, [p:double] opacity, [p:bool] interpolate)","ArgIndex":2},{"Method":"0M:static [p:double] [System.Math, mscorlib, 4.0.0.0].Abs([p:double] value)","ArgIndex":0},{"Method":"0M:[p:void] [s:OxyPlot.OxyRect, OxyPlot_NET40]..ctor([p:double] left, [p:double] top, [p:double] width, [p:double] height)","ArgIndex":0},{"Method":"0M:[p:void] [s:OxyPlot.OxyRect, OxyPlot_NET40]..ctor([p:double] left, [p:double] top, [p:double] width, [p:double] height)","ArgIndex":1},{"Method":"0M:[p:void] [s:OxyPlot.OxyRect, OxyPlot_NET40]..ctor([p:double] left, [p:double] top, [p:double] width, [p:double] height)","ArgIndex":2},{"Method":"0M:[p:void] [s:OxyPlot.OxyRect, OxyPlot_NET40]..ctor([p:double] left, [p:double] top, [p:double] width, [p:double] height)","ArgIndex":3},{"Method":"0M:static [p:void] [OxyPlot.RenderingExtensions, OxyPlot_NET40].DrawClippedImage(this [i:OxyPlot.IRenderContext, OxyPlot_NET40] rc, [s:OxyPlot.OxyRect, OxyPlot_NET40] clippingRectangle, [OxyPlot.OxyImage, OxyPlot_NET40] source, [p:double] x, [p:double] y, [p:double] w, [p:double] h, [p:double] opacity, [p:bool] interpolate)","ArgIndex":4},{"Method":"0M:static [p:void] [OxyPlot.RenderingExtensions, OxyPlot_NET40].DrawImage(this [i:OxyPlot.IRenderContext, OxyPlot_NET40] rc, [OxyPlot.OxyImage, OxyPlot_NET40] image, [p:double] x, [p:double] y, [p:double] w, [p:double] h, [p:double] opacity, [p:bool] interpolate)","ArgIndex":6},{"Method":"0M:static [p:void] [OxyPlot.RenderingExtensions, OxyPlot_NET40].DrawClippedImage(this [i:OxyPlot.IRenderContext, OxyPlot_NET40] rc, [s:OxyPlot.OxyRect, OxyPlot_NET40] clippingRectangle, [OxyPlot.OxyImage, OxyPlot_NET40] source, [p:double] x, [p:double] y, [p:double] w, [p:double] h, [p:double] opacity, [p:bool] interpolate)","ArgIndex":5},{"Method":"0M:static [p:void] [OxyPlot.RenderingExtensions, OxyPlot_NET40].DrawImage(this [i:OxyPlot.IRenderContext, OxyPlot_NET40] rc, [OxyPlot.OxyImage, OxyPlot_NET40] image, [p:double] x, [p:double] y, [p:double] w, [p:double] h, [p:double] opacity, [p:bool] interpolate)","ArgIndex":5},{"Method":"0M:static [p:bool] [p:double].IsNaN([p:double] d)","ArgIndex":0},{"Method":"0M:static [p:void] [OxyPlot.RenderingExtensions, OxyPlot_NET40].DrawImage(this [i:OxyPlot.IRenderContext, OxyPlot_NET40] rc, [OxyPlot.OxyImage, OxyPlot_NET40] image, [p:double] x, [p:double] y, [p:double] w, [p:double] h, [p:double] opacity, [p:bool] interpolate)","ArgIndex":4},{"Method":"0M:static [p:void] [OxyPlot.RenderingExtensions, OxyPlot_NET40].DrawClippedImage(this [i:OxyPlot.IRenderContext, OxyPlot_NET40] rc, [s:OxyPlot.OxyRect, OxyPlot_NET40] clippingRectangle, [OxyPlot.OxyImage, OxyPlot_NET40] source, [p:double] x, [p:double] y, [p:double] w, [p:double] h, [p:double] opacity, [p:bool] interpolate)","ArgIndex":3},{"Method":"0M:static [p:void] [OxyPlot.RenderingExtensions, OxyPlot_NET40].DrawImage(this [i:OxyPlot.IRenderContext, OxyPlot_NET40] rc, [OxyPlot.OxyImage, OxyPlot_NET40] image, [p:double] x, [p:double] y, [p:double] w, [p:double] h, [p:double] opacity, [p:bool] interpolate)","ArgIndex":3},{"Method":"0M:static [p:void] [OxyPlot.RenderingExtensions, OxyPlot_NET40].DrawClippedImage(this [i:OxyPlot.IRenderContext, OxyPlot_NET40] rc, [s:OxyPlot.OxyRect, OxyPlot_NET40] clippingRectangle, [OxyPlot.OxyImage, OxyPlot_NET40] source, [p:double] x, [p:double] y, [p:double] w, [p:double] h, [p:double] opacity, [p:bool] interpolate)","ArgIndex":6},{"Method":"0M:static [p:void] [OxyPlot.RenderingExtensions, OxyPlot_NET40].DrawClippedImage(this [i:OxyPlot.IRenderContext, OxyPlot_NET40] rc, [s:OxyPlot.OxyRect, OxyPlot_NET40] clippingRectangle, [OxyPlot.OxyImage, OxyPlot_NET40] source, [p:double] x, [p:double] y, [p:double] w, [p:double] h, [p:double] opacity, [p:bool] interpolate)","ArgIndex":7}]}