{"Type":"0T:p:double","ClassCtx":"0T:OxyPlot.Annotations.ImageAnnotation, OxyPlot_NET40","MethodCtx":"0M:[s:OxyPlot.ScreenPoint, OxyPlot_NET40] [OxyPlot.Annotations.ImageAnnotation, OxyPlot_NET40].GetPoint([s:OxyPlot.PlotLength, OxyPlot_NET40] x, [s:OxyPlot.PlotLength, OxyPlot_NET40] y, [i:OxyPlot.IRenderContext, OxyPlot_NET40] rc, [OxyPlot.PlotModel, OxyPlot_NET40] model)","Definition":{"Type":"MEMBER_ACCESS","Member":"0P:get [p:double] [s:OxyPlot.PlotLength, OxyPlot_NET40].Value()"},"CallParameters":[{"Method":"0M:[p:void] [s:OxyPlot.ScreenPoint, OxyPlot_NET40]..ctor([p:double] x, [p:double] y)","ArgIndex":0},{"Method":"0M:[p:void] [s:OxyPlot.ScreenPoint, OxyPlot_NET40]..ctor([p:double] x, [p:double] y)","ArgIndex":1},{"Method":"0M:[s:OxyPlot.ScreenPoint, OxyPlot_NET40] [OxyPlot.Axes.Axis, OxyPlot_NET40].Transform([p:double] x, [p:double] y, [OxyPlot.Axes.Axis, OxyPlot_NET40] yaxis)","ArgIndex":0},{"Method":"0M:[s:OxyPlot.ScreenPoint, OxyPlot_NET40] [OxyPlot.Axes.Axis, OxyPlot_NET40].Transform([p:double] x, [p:double] y, [OxyPlot.Axes.Axis, OxyPlot_NET40] yaxis)","ArgIndex":1}]}