{"Type":"0T:p:double","ClassCtx":"0T:OxyPlot.Annotations.PathAnnotation, OxyPlot_NET40","MethodCtx":"0M:[p:void] [OxyPlot.Annotations.PathAnnotation, OxyPlot_NET40].CalculateActualMinimumsMaximums()","Definition":{"Type":"RETURN_VALUE","Member":"0M:static [p:double] [System.Math, mscorlib, 4.0.0.0].Min([p:double] val1, [p:double] val2)"},"CallParameters":[{"Method":"0M:[p:double] [OxyPlot.Axes.Axis, OxyPlot_NET40].InverseTransform([p:double] sx)","ArgIndex":0},{"Method":"0M:static [p:double] [System.Math, mscorlib, 4.0.0.0].Min([p:double] val1, [p:double] val2)","ArgIndex":1},{"Method":"0M:static [p:double] [System.Math, mscorlib, 4.0.0.0].Max([p:double] val1, [p:double] val2)","ArgIndex":1},{"Method":"0M:static [p:double] [System.Math, mscorlib, 4.0.0.0].Max([p:double] val1, [p:double] val2)","ArgIndex":0},{"Method":"0M:static [p:double] [System.Math, mscorlib, 4.0.0.0].Min([p:double] val1, [p:double] val2)","ArgIndex":0}]}