{"Type":"0T:p:double","ClassCtx":"0T:OxyPlot.Annotations.PathAnnotation, OxyPlot_NET40","MethodCtx":"0M:static [p:bool] [OxyPlot.Annotations.PathAnnotation, OxyPlot_NET40].GetPointAtRelativeDistance([i:System.Collections.Generic.IList`1[[T]], mscorlib, 4.0.0.0] pts, [p:double] p, [p:double] margin, out [s:OxyPlot.ScreenPoint, OxyPlot_NET40] position, out [p:double] angle)","Definition":{"Type":"CONSTANT"},"CallParameters":[{"Method":"0M:static [p:double] [System.Math, mscorlib, 4.0.0.0].Atan2([p:double] y, [p:double] x)","ArgIndex":0},{"Method":"0M:static [p:double] [System.Math, mscorlib, 4.0.0.0].Atan2([p:double] y, [p:double] x)","ArgIndex":1},{"Method":"0M:[p:void] [s:OxyPlot.ScreenPoint, OxyPlot_NET40]..ctor([p:double] x, [p:double] y)","ArgIndex":0},{"Method":"0M:[p:void] [s:OxyPlot.ScreenPoint, OxyPlot_NET40]..ctor([p:double] x, [p:double] y)","ArgIndex":1}]}