{"Type":"0T:p:double","ClassCtx":"0T:OxyPlot.Annotations.PolylineAnnotation, OxyPlot_NET40","MethodCtx":"0M:[i:System.Collections.Generic.IList`1[[T]], mscorlib, 4.0.0.0] [OxyPlot.Annotations.PathAnnotation, OxyPlot_NET40].GetScreenPoints()","Definition":{"Type":"MEMBER_ACCESS","Member":"0P:set get [p:double] [OxyPlot.Annotations.PolylineAnnotation, OxyPlot_NET40].MinimumSegmentLength()"},"CallParameters":[{"Method":"0M:static [i:System.Collections.Generic.IList`1[[T]], mscorlib, 4.0.0.0] [OxyPlot.ScreenPointHelper, OxyPlot_NET40].ResamplePoints([i:System.Collections.Generic.IList`1[[T]], mscorlib, 4.0.0.0] allPoints, [p:double] minimumDistance)","ArgIndex":1}]}