{"Type":"0T:p:double","ClassCtx":"0T:OxyPlot.Model, OxyPlot_NET40","MethodCtx":"0M:[p:void] [OxyPlot.Model, OxyPlot_NET40].HandleTouchStarted([p:object] sender, [OxyPlot.OxyTouchEventArgs, OxyPlot_NET40] e)","Definition":{"Type":"MEMBER_ACCESS","Member":"0F:static [p:double] [OxyPlot.Model, OxyPlot_NET40].MouseHitTolerance"},"CallParameters":[{"Method":"0M:[p:void] [OxyPlot.HitTestArguments, OxyPlot_NET40]..ctor([s:OxyPlot.ScreenPoint, OxyPlot_NET40] point, [p:double] tolerance)","ArgIndex":1}]}