{"Type":"0T:p:double","ClassCtx":"0T:OxyPlot.OxyTouchEventArgs, OxyPlot_NET40","MethodCtx":"0M:[p:void] [OxyPlot.OxyTouchEventArgs, OxyPlot_NET40]..ctor([s:OxyPlot.ScreenPoint[], OxyPlot_NET40] currentTouches, [s:OxyPlot.ScreenPoint[], OxyPlot_NET40] previousTouches)","Definition":{"Type":"CONSTANT"},"CallParameters":[{"Method":"0M:[p:void] [s:OxyPlot.ScreenVector, OxyPlot_NET40]..ctor([p:double] x, [p:double] y)","ArgIndex":0},{"Method":"0M:[p:void] [s:OxyPlot.ScreenVector, OxyPlot_NET40]..ctor([p:double] x, [p:double] y)","ArgIndex":1}]}