{"Type":"0T:p:double","ClassCtx":"0T:OxyPlot.PlotManipulator`1[[T]], OxyPlot_NET40","MethodCtx":"0M:[s:OxyPlot.DataPoint, OxyPlot_NET40] [OxyPlot.PlotManipulator`1[[T]], OxyPlot_NET40].InverseTransform([p:double] x, [p:double] y)","Definition":{"Type":"RETURN_VALUE","Member":"0M:[p:double] [OxyPlot.Axes.Axis, OxyPlot_NET40].InverseTransform([p:double] sx)"},"CallParameters":[{"Method":"0M:[p:double] [OxyPlot.Axes.Axis, OxyPlot_NET40].InverseTransform([p:double] sx)","ArgIndex":0},{"Method":"0M:[s:OxyPlot.DataPoint, OxyPlot_NET40] [OxyPlot.Axes.Axis, OxyPlot_NET40].InverseTransform([p:double] x, [p:double] y, [OxyPlot.Axes.Axis, OxyPlot_NET40] yaxis)","ArgIndex":1},{"Method":"0M:[p:void] [s:OxyPlot.DataPoint, OxyPlot_NET40]..ctor([p:double] x, [p:double] y)","ArgIndex":0},{"Method":"0M:[s:OxyPlot.DataPoint, OxyPlot_NET40] [OxyPlot.Axes.Axis, OxyPlot_NET40].InverseTransform([p:double] x, [p:double] y, [OxyPlot.Axes.Axis, OxyPlot_NET40] yaxis)","ArgIndex":0}]}