{"Type":"0T:p:double","ClassCtx":"0T:OxyPlot.ZoomRectangleManipulator, OxyPlot_NET40","MethodCtx":"0M:[p:void] [OxyPlot.ManipulatorBase`1[[T]], OxyPlot_NET40].Delta([T] e)","Definition":{"Type":"MEMBER_ACCESS","Member":"0P:get [p:double] [s:OxyPlot.OxyRect, OxyPlot_NET40].Height()"},"CallParameters":[{"Method":"0M:[p:void] [s:OxyPlot.OxyRect, OxyPlot_NET40]..ctor([p:double] left, [p:double] top, [p:double] width, [p:double] height)","ArgIndex":3},{"Method":"0M:static [p:double] [System.Math, mscorlib, 4.0.0.0].Min([p:double] val1, [p:double] val2)","ArgIndex":1},{"Method":"0M:static [p:double] [System.Math, mscorlib, 4.0.0.0].Abs([p:double] value)","ArgIndex":0},{"Method":"0M:[p:void] [s:OxyPlot.OxyRect, OxyPlot_NET40]..ctor([p:double] left, [p:double] top, [p:double] width, [p:double] height)","ArgIndex":0},{"Method":"0M:static [p:double] [System.Math, mscorlib, 4.0.0.0].Min([p:double] val1, [p:double] val2)","ArgIndex":0},{"Method":"0M:[p:void] [s:OxyPlot.OxyRect, OxyPlot_NET40]..ctor([p:double] left, [p:double] top, [p:double] width, [p:double] height)","ArgIndex":1},{"Method":"0M:[p:void] [s:OxyPlot.OxyRect, OxyPlot_NET40]..ctor([p:double] left, [p:double] top, [p:double] width, [p:double] height)","ArgIndex":2}]}