{"Type":"0T:p:double","ClassCtx":"0T:OxyPlot.ZoomStepManipulator, OxyPlot_NET40","MethodCtx":"0M:[p:void] [OxyPlot.ManipulatorBase`1[[T]], OxyPlot_NET40].Started([T] e)","Definition":{"Type":"CONSTANT"},"CallParameters":[{"Method":"0M:[s:OxyPlot.DataPoint, OxyPlot_NET40] [OxyPlot.PlotManipulator`1[[T]], OxyPlot_NET40].InverseTransform([p:double] x, [p:double] y)","ArgIndex":1},{"Method":"0M:[s:OxyPlot.DataPoint, OxyPlot_NET40] [OxyPlot.PlotManipulator`1[[T]], OxyPlot_NET40].InverseTransform([p:double] x, [p:double] y)","ArgIndex":0},{"Method":"0M:[p:void] [OxyPlot.Axes.Axis, OxyPlot_NET40].ZoomAt([p:double] factor, [p:double] x)","ArgIndex":0},{"Method":"0M:[p:void] [OxyPlot.Axes.Axis, OxyPlot_NET40].ZoomAt([p:double] factor, [p:double] x)","ArgIndex":1}]}