{"Type":"0T:p:double","ClassCtx":"0T:OxyPlot.PlotCommands, OxyPlot_NET40","MethodCtx":"0M:static [p:void] [OxyPlot.PlotCommands, OxyPlot_NET40].HandlePan([i:OxyPlot.IPlotView, OxyPlot_NET40] view, [OxyPlot.OxyInputEventArgs, OxyPlot_NET40] args, [p:double] dx, [p:double] dy)","Definition":{"Type":"UNKNOWN"},"CallParameters":[{"Method":"0M:[p:void] [OxyPlot.PlotModel, OxyPlot_NET40].PanAllAxes([p:double] dx, [p:double] dy)","ArgIndex":0},{"Method":"0M:[p:void] [OxyPlot.PlotModel, OxyPlot_NET40].PanAllAxes([p:double] dx, [p:double] dy)","ArgIndex":1}]}