{"Type":"0T:p:double","ClassCtx":"0T:OxyPlot.PlotModel, OxyPlot_NET40","MethodCtx":"0M:[s:OxyPlot.OxyRect, OxyPlot_NET40] [OxyPlot.PlotModel, OxyPlot_NET40].GetLegendRectangle([s:OxyPlot.OxySize, OxyPlot_NET40] legendSize)","Definition":{"Type":"UNKNOWN"},"CallParameters":[{"Method":"0M:[p:void] [s:OxyPlot.OxyRect, OxyPlot_NET40]..ctor([p:double] left, [p:double] top, [p:double] width, [p:double] height)","ArgIndex":3},{"Method":"0M:[p:void] [s:OxyPlot.OxyRect, OxyPlot_NET40]..ctor([p:double] left, [p:double] top, [p:double] width, [p:double] height)","ArgIndex":0},{"Method":"0M:[p:void] [s:OxyPlot.OxyRect, OxyPlot_NET40]..ctor([p:double] left, [p:double] top, [p:double] width, [p:double] height)","ArgIndex":1},{"Method":"0M:[p:void] [s:OxyPlot.OxyRect, OxyPlot_NET40]..ctor([p:double] left, [p:double] top, [p:double] width, [p:double] height)","ArgIndex":2}]}