{"Type":"0T:p:double","ClassCtx":"0T:OxyPlot.PlotModel, OxyPlot_NET40","MethodCtx":"0M:[p:void] [OxyPlot.PlotModel, OxyPlot_NET40].RenderLegend([i:OxyPlot.IRenderContext, OxyPlot_NET40] rc, [OxyPlot.Series.Series, OxyPlot_NET40] s, [s:OxyPlot.OxyRect, OxyPlot_NET40] rect)","Definition":{"Type":"UNKNOWN"},"CallParameters":[{"Method":"0M:[p:void] [s:OxyPlot.ScreenPoint, OxyPlot_NET40]..ctor([p:double] x, [p:double] y)","ArgIndex":0},{"Method":"0M:[p:void] [s:OxyPlot.ScreenPoint, OxyPlot_NET40]..ctor([p:double] x, [p:double] y)","ArgIndex":1},{"Method":"0M:[p:void] [s:OxyPlot.OxySize, OxyPlot_NET40]..ctor([p:double] width, [p:double] height)","ArgIndex":1},{"Method":"0M:[p:void] [s:OxyPlot.OxySize, OxyPlot_NET40]..ctor([p:double] width, [p:double] height)","ArgIndex":0},{"Method":"0M:[p:void] [s:OxyPlot.OxyRect, OxyPlot_NET40]..ctor([p:double] left, [p:double] top, [p:double] width, [p:double] height)","ArgIndex":0},{"Method":"0M:static [p:double] [System.Math, mscorlib, 4.0.0.0].Max([p:double] val1, [p:double] val2)","ArgIndex":0},{"Method":"0M:[p:void] [s:OxyPlot.OxyRect, OxyPlot_NET40]..ctor([p:double] left, [p:double] top, [p:double] width, [p:double] height)","ArgIndex":1}]}