{"Type":"0T:p:double","ClassCtx":"0T:OxyPlot.PlotModel, OxyPlot_NET40","MethodCtx":"0M:[p:void] [d:[p:void] [System.Action, mscorlib, 4.0.0.0].()].Invoke()","Definition":{"Type":"RETURN_VALUE","Member":"0M:static [p:double] [System.Math, mscorlib, 4.0.0.0].Max([p:double] val1, [p:double] val2)"},"CallParameters":[{"Method":"0M:[p:void] [s:OxyPlot.OxyRect, OxyPlot_NET40]..ctor([p:double] left, [p:double] top, [p:double] width, [p:double] height)","ArgIndex":3},{"Method":"0M:[p:void] [s:OxyPlot.OxyRect, OxyPlot_NET40]..ctor([p:double] left, [p:double] top, [p:double] width, [p:double] height)","ArgIndex":0},{"Method":"0M:static [p:double] [System.Math, mscorlib, 4.0.0.0].Max([p:double] val1, [p:double] val2)","ArgIndex":0},{"Method":"0M:[p:void] [s:OxyPlot.OxyRect, OxyPlot_NET40]..ctor([p:double] left, [p:double] top, [p:double] width, [p:double] height)","ArgIndex":1},{"Method":"0M:[p:void] [s:OxyPlot.OxyRect, OxyPlot_NET40]..ctor([p:double] left, [p:double] top, [p:double] width, [p:double] height)","ArgIndex":2}]}