{"Type":"0T:p:double","ClassCtx":"0T:OxyPlot.PlotModel, OxyPlot_NET40","MethodCtx":"0M:[p:void] [OxyPlot.PlotModel, OxyPlot_NET40].Render([i:OxyPlot.IRenderContext, OxyPlot_NET40] rc, [p:double] width, [p:double] height)","Definition":{"Type":"METHOD_PARAMETER","Member":"0M:[p:void] [OxyPlot.PlotModel, OxyPlot_NET40].Render([i:OxyPlot.IRenderContext, OxyPlot_NET40] rc, [p:double] width, [p:double] height)","ArgIndex":2},"CallParameters":[{"Method":"0M:[p:void] [OxyPlot.PlotModel, OxyPlot_NET40].RenderOverride([i:OxyPlot.IRenderContext, OxyPlot_NET40] rc, [p:double] width, [p:double] height)","ArgIndex":2},{"Method":"0M:[p:void] [OxyPlot.PlotModel, OxyPlot_NET40].RenderOverride([i:OxyPlot.IRenderContext, OxyPlot_NET40] rc, [p:double] width, [p:double] height)","ArgIndex":1}]}