{"Type":"0T:p:double","ClassCtx":"0T:OxyPlot.PlotModel, OxyPlot_NET40","MethodCtx":"0M:static [p:void] [OxyPlot.PlotModel, OxyPlot_NET40].EnsureMarginIsBigEnough(ref [s:OxyPlot.OxyThickness, OxyPlot_NET40] currentMargin, [p:double] minBorderSize, [e:OxyPlot.Axes.AxisPosition, OxyPlot_NET40] borderPosition)","Definition":{"Type":"RETURN_VALUE","Member":"0M:static [p:double] [System.Math, mscorlib, 4.0.0.0].Max([p:double] val1, [p:double] val2)"},"CallParameters":[{"Method":"0M:[p:void] [s:OxyPlot.OxyThickness, OxyPlot_NET40]..ctor([p:double] left, [p:double] top, [p:double] right, [p:double] bottom)","ArgIndex":3},{"Method":"0M:[p:void] [s:OxyPlot.OxyThickness, OxyPlot_NET40]..ctor([p:double] left, [p:double] top, [p:double] right, [p:double] bottom)","ArgIndex":0},{"Method":"0M:[p:void] [s:OxyPlot.OxyThickness, OxyPlot_NET40]..ctor([p:double] left, [p:double] top, [p:double] right, [p:double] bottom)","ArgIndex":1},{"Method":"0M:[p:void] [s:OxyPlot.OxyThickness, OxyPlot_NET40]..ctor([p:double] left, [p:double] top, [p:double] right, [p:double] bottom)","ArgIndex":2},{"Method":"0M:static [p:double] [System.Math, mscorlib, 4.0.0.0].Max([p:double] val1, [p:double] val2)","ArgIndex":1},{"Method":"0M:static [p:double] [System.Math, mscorlib, 4.0.0.0].Max([p:double] val1, [p:double] val2)","ArgIndex":0}]}