{"Type":"0T:p:double","ClassCtx":"0T:OxyPlot.PlotModel, OxyPlot_NET40","MethodCtx":"0M:[p:bool] [OxyPlot.PlotModel, OxyPlot_NET40].AdjustPlotMargins([i:OxyPlot.IRenderContext, OxyPlot_NET40] rc)","Definition":{"Type":"RETURN_VALUE","Member":"0M:[p:double] [OxyPlot.PlotModel, OxyPlot_NET40].AdjustAxesPositions([i:OxyPlot.IRenderContext, OxyPlot_NET40] rc, [i:System.Collections.Generic.IList`1[[T]], mscorlib, 4.0.0.0] parallelAxes)"},"CallParameters":[{"Method":"0M:static [p:void] [OxyPlot.PlotModel, OxyPlot_NET40].EnsureMarginIsBigEnough(ref [s:OxyPlot.OxyThickness, OxyPlot_NET40] currentMargin, [p:double] minBorderSize, [e:OxyPlot.Axes.AxisPosition, OxyPlot_NET40] borderPosition)","ArgIndex":1}]}