{"Type":"0T:p:double","ClassCtx":"0T:OxyPlot.PlotModel, OxyPlot_NET40","MethodCtx":"0M:[s:OxyPlot.OxySize, OxyPlot_NET40] [OxyPlot.PlotModel, OxyPlot_NET40].MeasureTitles([i:OxyPlot.IRenderContext, OxyPlot_NET40] rc)","Definition":{"Type":"RETURN_VALUE","Member":"0M:static [p:double] [System.Math, mscorlib, 4.0.0.0].Max([p:double] val1, [p:double] val2)"},"CallParameters":[{"Method":"0M:[p:void] [s:OxyPlot.OxySize, OxyPlot_NET40]..ctor([p:double] width, [p:double] height)","ArgIndex":1},{"Method":"0M:[p:void] [s:OxyPlot.OxySize, OxyPlot_NET40]..ctor([p:double] width, [p:double] height)","ArgIndex":0},{"Method":"0M:static [p:double] [System.Math, mscorlib, 4.0.0.0].Max([p:double] val1, [p:double] val2)","ArgIndex":1},{"Method":"0M:static [p:double] [System.Math, mscorlib, 4.0.0.0].Max([p:double] val1, [p:double] val2)","ArgIndex":0}]}