{"Type":"0T:p:double","ClassCtx":"0T:OxyPlot.PlotModel, OxyPlot_NET40","MethodCtx":"0M:[p:void] [OxyPlot.PlotModel, OxyPlot_NET40].EnforceCartesianTransforms()","Definition":{"Type":"RETURN_VALUE","Member":"0M:static [p:double] [System.Linq.Enumerable, System.Core, 4.0.0.0].Max`1[[TSource]](this [i:System.Collections.Generic.IEnumerable`1[[T]], mscorlib, 4.0.0.0] source, [d:[TResult] [System.Func`2[[T],[TResult]], mscorlib, 4.0.0.0].([T] arg)] selector)"},"CallParameters":[{"Method":"0M:[p:void] [OxyPlot.Axes.Axis, OxyPlot_NET40].Zoom([p:double] newScale)","ArgIndex":0}]}