{"Type":"0T:p:double","ClassCtx":"0T:OxyPlot.GtkSharp.GraphicsRenderContext, OxyPlot.GtkSharp_NET40","MethodCtx":"0M:[p:void] [i:OxyPlot.IRenderContext, OxyPlot_NET40].DrawLine([i:System.Collections.Generic.IList`1[[T]], mscorlib, 4.0.0.0] points, [s:OxyPlot.OxyColor, OxyPlot_NET40] stroke, opt [p:double] thickness, opt [p:double[]] dashArray, opt [e:OxyPlot.LineJoin, OxyPlot_NET40] lineJoin, opt [p:bool] aliased)","Definition":{"Type":"METHOD_PARAMETER","Member":"0M:[p:void] [OxyPlot.GtkSharp.GraphicsRenderContext, OxyPlot.GtkSharp_NET40].DrawLine([i:System.Collections.Generic.IList`1[[T]], mscorlib, 4.0.0.0] points, [s:OxyPlot.OxyColor, OxyPlot_NET40] stroke, [p:double] thickness, [p:double[]] dashArray, [e:OxyPlot.LineJoin, OxyPlot_NET40] lineJoin, [p:bool] aliased)","ArgIndex":2}}