{"Type":"0T:p:double","ClassCtx":"0T:OxyPlot.Annotations.TextAnnotation, OxyPlot_NET40","MethodCtx":"0M:[p:void] [OxyPlot.Annotations.Annotation, OxyPlot_NET40].Render([i:OxyPlot.IRenderContext, OxyPlot_NET40] rc)","Definition":{"Type":"UNKNOWN"},"CallParameters":[{"Method":"0M:static [p:void] [OxyPlot.MathRenderingExtensions, OxyPlot_NET40].DrawMathText(this [i:OxyPlot.IRenderContext, OxyPlot_NET40] rc, [s:OxyPlot.ScreenPoint, OxyPlot_NET40] pt, [p:string] text, [s:OxyPlot.OxyColor, OxyPlot_NET40] textColor, [p:string] fontFamily, [p:double] fontSize, [p:double] fontWeight, [p:double] angle, [e:OxyPlot.HorizontalAlignment, OxyPlot_NET40] ha, [e:OxyPlot.VerticalAlignment, OxyPlot_NET40] va, opt [s:System.Nullable`1[[T]], mscorlib, 4.0.0.0] maxSize)","ArgIndex":7},{"Method":"0M:static [p:void] [OxyPlot.MathRenderingExtensions, OxyPlot_NET40].DrawMathText(this [i:OxyPlot.IRenderContext, OxyPlot_NET40] rc, [s:OxyPlot.ScreenPoint, OxyPlot_NET40] pt, [p:string] text, [s:OxyPlot.OxyColor, OxyPlot_NET40] textColor, [p:string] fontFamily, [p:double] fontSize, [p:double] fontWeight, [p:double] angle, [e:OxyPlot.HorizontalAlignment, OxyPlot_NET40] ha, [e:OxyPlot.VerticalAlignment, OxyPlot_NET40] va, opt [s:System.Nullable`1[[T]], mscorlib, 4.0.0.0] maxSize)","ArgIndex":6},{"Method":"0M:[p:void] [i:OxyPlot.IRenderContext, OxyPlot_NET40].DrawRectangle([s:OxyPlot.OxyRect, OxyPlot_NET40] rectangle, [s:OxyPlot.OxyColor, OxyPlot_NET40] fill, [s:OxyPlot.OxyColor, OxyPlot_NET40] stroke, opt [p:double] thickness)","ArgIndex":3},{"Method":"0M:static [p:void] [OxyPlot.MathRenderingExtensions, OxyPlot_NET40].DrawMathText(this [i:OxyPlot.IRenderContext, OxyPlot_NET40] rc, [s:OxyPlot.ScreenPoint, OxyPlot_NET40] pt, [p:string] text, [s:OxyPlot.OxyColor, OxyPlot_NET40] textColor, [p:string] fontFamily, [p:double] fontSize, [p:double] fontWeight, [p:double] angle, [e:OxyPlot.HorizontalAlignment, OxyPlot_NET40] ha, [e:OxyPlot.VerticalAlignment, OxyPlot_NET40] va, opt [s:System.Nullable`1[[T]], mscorlib, 4.0.0.0] maxSize)","ArgIndex":5},{"Method":"0M:[s:OxyPlot.OxySize, OxyPlot_NET40] [i:OxyPlot.IRenderContext, OxyPlot_NET40].MeasureText([p:string] text, opt [p:string] fontFamily, opt [p:double] fontSize, opt [p:double] fontWeight)","ArgIndex":2},{"Method":"0M:[s:OxyPlot.OxySize, OxyPlot_NET40] [i:OxyPlot.IRenderContext, OxyPlot_NET40].MeasureText([p:string] text, opt [p:string] fontFamily, opt [p:double] fontSize, opt [p:double] fontWeight)","ArgIndex":3},{"Method":"0M:static [i:System.Collections.Generic.IList`1[[T]], mscorlib, 4.0.0.0] [OxyPlot.Annotations.TextAnnotation, OxyPlot_NET40].GetTextBounds([s:OxyPlot.ScreenPoint, OxyPlot_NET40] position, [s:OxyPlot.OxySize, OxyPlot_NET40] size, [s:OxyPlot.OxyThickness, OxyPlot_NET40] padding, [p:double] rotation, [e:OxyPlot.HorizontalAlignment, OxyPlot_NET40] horizontalAlignment, [e:OxyPlot.VerticalAlignment, OxyPlot_NET40] verticalAlignment)","ArgIndex":3},{"Method":"0M:[p:void] [i:OxyPlot.IRenderContext, OxyPlot_NET40].DrawPolygon([i:System.Collections.Generic.IList`1[[T]], mscorlib, 4.0.0.0] points, [s:OxyPlot.OxyColor, OxyPlot_NET40] fill, [s:OxyPlot.OxyColor, OxyPlot_NET40] stroke, opt [p:double] thickness, opt [p:double[]] dashArray, opt [e:OxyPlot.LineJoin, OxyPlot_NET40] lineJoin, opt [p:bool] aliased)","ArgIndex":3}],"MemberAccesses":[{"Type":"METHOD_CALL","Member":"0M:[p:bool] [p:double].Equals([p:double] obj)"}]}