{"Type":"0T:p:double","ClassCtx":"0T:OxyPlot.Annotations.TextAnnotation, OxyPlot_NET40","MethodCtx":"0M:static [i:System.Collections.Generic.IList`1[[T]], mscorlib, 4.0.0.0] [OxyPlot.Annotations.TextAnnotation, OxyPlot_NET40].GetTextBounds([s:OxyPlot.ScreenPoint, OxyPlot_NET40] position, [s:OxyPlot.OxySize, OxyPlot_NET40] size, [s:OxyPlot.OxyThickness, OxyPlot_NET40] padding, [p:double] rotation, [e:OxyPlot.HorizontalAlignment, OxyPlot_NET40] horizontalAlignment, [e:OxyPlot.VerticalAlignment, OxyPlot_NET40] verticalAlignment)","Definition":{"Type":"MEMBER_ACCESS","Member":"0P:get [p:double] [s:OxyPlot.OxyThickness, OxyPlot_NET40].Bottom()"},"CallParameters":[{"Method":"0M:static [p:double] [System.Math, mscorlib, 4.0.0.0].Sin([p:double] a)","ArgIndex":0},{"Method":"0M:static [p:double] [System.Math, mscorlib, 4.0.0.0].Cos([p:double] d)","ArgIndex":0},{"Method":"0M:[p:void] [s:OxyPlot.ScreenVector, OxyPlot_NET40]..ctor([p:double] x, [p:double] y)","ArgIndex":0},{"Method":"0M:[p:void] [s:OxyPlot.ScreenVector, OxyPlot_NET40]..ctor([p:double] x, [p:double] y)","ArgIndex":1}]}