{"Type":"0T:p:double","ClassCtx":"0T:OxyPlot.Annotations.PolygonAnnotation, OxyPlot_NET40","MethodCtx":"0M:[p:void] [OxyPlot.Annotations.Annotation, OxyPlot_NET40].Render([i:OxyPlot.IRenderContext, OxyPlot_NET40] rc)","Definition":{"Type":"UNKNOWN"},"CallParameters":[{"Method":"0M:static [p:void] [OxyPlot.RenderingExtensions, OxyPlot_NET40].DrawClippedPolygon(this [i:OxyPlot.IRenderContext, OxyPlot_NET40] rc, [s:OxyPlot.OxyRect, OxyPlot_NET40] clippingRectangle, [i:System.Collections.Generic.IList`1[[T]], mscorlib, 4.0.0.0] points, [p:double] minDistSquared, [s:OxyPlot.OxyColor, OxyPlot_NET40] fill, [s:OxyPlot.OxyColor, OxyPlot_NET40] stroke, opt [p:double] strokeThickness, opt [e:OxyPlot.LineStyle, OxyPlot_NET40] lineStyle, opt [e:OxyPlot.LineJoin, OxyPlot_NET40] lineJoin, opt [p:bool] aliased)","ArgIndex":6},{"Method":"0M:static [p:void] [OxyPlot.RenderingExtensions, OxyPlot_NET40].DrawClippedPolygon(this [i:OxyPlot.IRenderContext, OxyPlot_NET40] rc, [s:OxyPlot.OxyRect, OxyPlot_NET40] clippingRectangle, [i:System.Collections.Generic.IList`1[[T]], mscorlib, 4.0.0.0] points, [p:double] minDistSquared, [s:OxyPlot.OxyColor, OxyPlot_NET40] fill, [s:OxyPlot.OxyColor, OxyPlot_NET40] stroke, opt [p:double] strokeThickness, opt [e:OxyPlot.LineStyle, OxyPlot_NET40] lineStyle, opt [e:OxyPlot.LineJoin, OxyPlot_NET40] lineJoin, opt [p:bool] aliased)","ArgIndex":3},{"Method":"0M:static [p:void] [OxyPlot.RenderingExtensions, OxyPlot_NET40].DrawClippedText(this [i:OxyPlot.IRenderContext, OxyPlot_NET40] rc, [s:OxyPlot.OxyRect, OxyPlot_NET40] clippingRectangle, [s:OxyPlot.ScreenPoint, OxyPlot_NET40] p, [p:string] text, [s:OxyPlot.OxyColor, OxyPlot_NET40] fill, opt [p:string] fontFamily, opt [p:double] fontSize, opt [p:double] fontWeight, opt [p:double] rotate, opt [e:OxyPlot.HorizontalAlignment, OxyPlot_NET40] horizontalAlignment, opt [e:OxyPlot.VerticalAlignment, OxyPlot_NET40] verticalAlignment, opt [s:System.Nullable`1[[T]], mscorlib, 4.0.0.0] maxSize)","ArgIndex":7},{"Method":"0M:static [p:void] [OxyPlot.RenderingExtensions, OxyPlot_NET40].DrawClippedText(this [i:OxyPlot.IRenderContext, OxyPlot_NET40] rc, [s:OxyPlot.OxyRect, OxyPlot_NET40] clippingRectangle, [s:OxyPlot.ScreenPoint, OxyPlot_NET40] p, [p:string] text, [s:OxyPlot.OxyColor, OxyPlot_NET40] fill, opt [p:string] fontFamily, opt [p:double] fontSize, opt [p:double] fontWeight, opt [p:double] rotate, opt [e:OxyPlot.HorizontalAlignment, OxyPlot_NET40] horizontalAlignment, opt [e:OxyPlot.VerticalAlignment, OxyPlot_NET40] verticalAlignment, opt [s:System.Nullable`1[[T]], mscorlib, 4.0.0.0] maxSize)","ArgIndex":8},{"Method":"0M:static [p:void] [OxyPlot.RenderingExtensions, OxyPlot_NET40].DrawClippedText(this [i:OxyPlot.IRenderContext, OxyPlot_NET40] rc, [s:OxyPlot.OxyRect, OxyPlot_NET40] clippingRectangle, [s:OxyPlot.ScreenPoint, OxyPlot_NET40] p, [p:string] text, [s:OxyPlot.OxyColor, OxyPlot_NET40] fill, opt [p:string] fontFamily, opt [p:double] fontSize, opt [p:double] fontWeight, opt [p:double] rotate, opt [e:OxyPlot.HorizontalAlignment, OxyPlot_NET40] horizontalAlignment, opt [e:OxyPlot.VerticalAlignment, OxyPlot_NET40] verticalAlignment, opt [s:System.Nullable`1[[T]], mscorlib, 4.0.0.0] maxSize)","ArgIndex":6}]}