{"Type":"0T:p:double","ClassCtx":"0T:OxyPlot.Annotations.LineAnnotation, OxyPlot_NET40","MethodCtx":"0M:[i:System.Collections.Generic.IList`1[[T]], mscorlib, 4.0.0.0] [OxyPlot.Annotations.PathAnnotation, OxyPlot_NET40].GetScreenPoints()","Definition":{"Type":"UNKNOWN"},"CallParameters":[{"Method":"0M:[p:void] [s:OxyPlot.DataPoint, OxyPlot_NET40]..ctor([p:double] x, [p:double] y)","ArgIndex":1},{"Method":"0M:[TResult] [d:[TResult] [System.Func`2[[T],[TResult]], mscorlib, 4.0.0.0].([T] arg)].Invoke([T] arg)","ArgIndex":0},{"Method":"0M:[p:void] [s:OxyPlot.DataPoint, OxyPlot_NET40]..ctor([p:double] x, [p:double] y)","ArgIndex":0}]}