{"Type":"0T:p:double","ClassCtx":"0T:OxyPlot.GtkSharp.GraphicsRenderContext, OxyPlot.GtkSharp_NET40","MethodCtx":"0M:[p:void] [i:OxyPlot.IRenderContext, OxyPlot_NET40].DrawRectangle([s:OxyPlot.OxyRect, OxyPlot_NET40] rectangle, [s:OxyPlot.OxyColor, OxyPlot_NET40] fill, [s:OxyPlot.OxyColor, OxyPlot_NET40] stroke, opt [p:double] thickness)","Definition":{"Type":"METHOD_PARAMETER","Member":"0M:[p:void] [OxyPlot.GtkSharp.GraphicsRenderContext, OxyPlot.GtkSharp_NET40].DrawRectangle([s:OxyPlot.OxyRect, OxyPlot_NET40] rect, [s:OxyPlot.OxyColor, OxyPlot_NET40] fill, [s:OxyPlot.OxyColor, OxyPlot_NET40] stroke, [p:double] thickness)","ArgIndex":3}}