{"Type":"0T:p:double","ClassCtx":"0T:OxyPlot.GtkSharp.GraphicsRenderContext, OxyPlot.GtkSharp_NET40","MethodCtx":"0M:[p:void] [i:OxyPlot.IRenderContext, OxyPlot_NET40].DrawText([s:OxyPlot.ScreenPoint, OxyPlot_NET40] p, [p:string] text, [s:OxyPlot.OxyColor, OxyPlot_NET40] fill, opt [p:string] fontFamily, opt [p:double] fontSize, opt [p:double] fontWeight, opt [p:double] rotation, opt [e:OxyPlot.HorizontalAlignment, OxyPlot_NET40] horizontalAlignment, opt [e:OxyPlot.VerticalAlignment, OxyPlot_NET40] verticalAlignment, opt [s:System.Nullable`1[[T]], mscorlib, 4.0.0.0] maxSize)","Definition":{"Type":"UNKNOWN"},"CallParameters":[{"Method":"0M:static [p:double] [System.Math, mscorlib, 4.0.0.0].Min([p:double] val1, [p:double] val2)","ArgIndex":1},{"Method":"0M:static [p:double] [System.Math, mscorlib, 4.0.0.0].Abs([p:double] value)","ArgIndex":0}]}