{"Type":"0T:p:double","ClassCtx":"0T:OxyPlot.Annotations.Annotation, OxyPlot_NET40","MethodCtx":"0M:[s:OxyPlot.ScreenPoint, OxyPlot_NET40] [OxyPlot.Annotations.Annotation, OxyPlot_NET40].Transform([p:double] x, [p:double] y)","Definition":{"Type":"METHOD_PARAMETER","Member":"0M:[s:OxyPlot.ScreenPoint, OxyPlot_NET40] [OxyPlot.Annotations.Annotation, OxyPlot_NET40].Transform([p:double] x, [p:double] y)","ArgIndex":1},"CallParameters":[{"Method":"0M:[s:OxyPlot.ScreenPoint, OxyPlot_NET40] [OxyPlot.Axes.Axis, OxyPlot_NET40].Transform([p:double] x, [p:double] y, [OxyPlot.Axes.Axis, OxyPlot_NET40] yaxis)","ArgIndex":0},{"Method":"0M:[s:OxyPlot.ScreenPoint, OxyPlot_NET40] [OxyPlot.Axes.Axis, OxyPlot_NET40].Transform([p:double] x, [p:double] y, [OxyPlot.Axes.Axis, OxyPlot_NET40] yaxis)","ArgIndex":1}]}