{"Type":"0T:System.Diagnostics.ProcessStartInfo, System, 4.0.0.0","ClassCtx":"0T:MSHelpSystem.Core.DisplayHelp, HelpViewer","MethodCtx":"0M:static [p:void] [MSHelpSystem.Core.DisplayHelp, HelpViewer].DisplayHelpWithShellExecute([p:string] arguments)","Definition":{"Type":"NEW","Member":"0M:[p:void] [System.Diagnostics.ProcessStartInfo, System, 4.0.0.0]..ctor()"},"CallParameters":[{"Method":"0M:static [System.Diagnostics.Process, System, 4.0.0.0] [System.Diagnostics.Process, System, 4.0.0.0].Start([System.Diagnostics.ProcessStartInfo, System, 4.0.0.0] startInfo)","ArgIndex":0}]}