{"Type":"0T:p:string","ClassCtx":"0T:Apress.Recipes.WebApi.Areas.HelpPage.HelpPageConfigurationExtensions, Apress.Recipes.WebApi","MethodCtx":"0M:static [p:void] [Apress.Recipes.WebApi.Areas.HelpPage.HelpPageConfigurationExtensions, Apress.Recipes.WebApi].SetDocumentationProvider(this [System.Web.Http.HttpConfiguration, System.Web.Http, 5.1.0.0] config, [i:System.Web.Http.Description.IDocumentationProvider, System.Web.Http, 5.1.0.0] documentationProvider)","Definition":{"Type":"MEMBER_ACCESS","Member":"0F:static [p:string] [Apress.Recipes.WebApi.Areas.HelpPage.HelpPageConfigurationExtensions, Apress.Recipes.WebApi].ApiModelPrefix"}}