{"Type":"0T:p:string","ClassCtx":"0T:Apress.Recipes.WebApi.Areas.HelpPage.HelpPageSampleKey, Apress.Recipes.WebApi","MethodCtx":"0M:[p:bool] [p:object].Equals([p:object] obj)","Definition":{"Type":"MEMBER_ACCESS","Member":"0P:set get [p:string] [Apress.Recipes.WebApi.Areas.HelpPage.HelpPageSampleKey, Apress.Recipes.WebApi].ActionName()"},"CallParameters":[{"Method":"0M:static [p:bool] [p:string].Equals([p:string] a, [p:string] b, [e:System.StringComparison, mscorlib, 4.0.0.0] comparisonType)","ArgIndex":1},{"Method":"0M:static [p:bool] [p:string].Equals([p:string] a, [p:string] b, [e:System.StringComparison, mscorlib, 4.0.0.0] comparisonType)","ArgIndex":0}]}