{"Type":"0T:p:string","ClassCtx":"0T:Apress.Recipes.WebApi.Areas.HelpPage.HelpPageSampleKey, Apress.Recipes.WebApi","MethodCtx":"0M:[p:int] [p:object].GetHashCode()","Definition":{"Type":"RETURN_VALUE","Member":"0M:[p:string] [p:string].ToUpperInvariant()"},"MemberAccesses":[{"Type":"METHOD_CALL","Member":"0M:[p:string] [p:string].ToUpperInvariant()"},{"Type":"METHOD_CALL","Member":"0M:[p:int] [p:string].GetHashCode()"},{"Type":"METHOD_CALL","Member":"0M:[p:string] [p:string].ToUpperInvariant()"},{"Type":"METHOD_CALL","Member":"0M:[p:int] [p:string].GetHashCode()"},{"Type":"METHOD_CALL","Member":"0M:[p:string] [p:string].ToUpperInvariant()"}]}