{"Type":"0T:p:string","ClassCtx":"0T:Apress.Recipes.WebApi.Areas.HelpPage.XmlDocumentationProvider, Apress.Recipes.WebApi","MethodCtx":"0M:[p:void] [Apress.Recipes.WebApi.Areas.HelpPage.XmlDocumentationProvider, Apress.Recipes.WebApi]..ctor([p:string] documentPath)","Definition":{"Type":"METHOD_PARAMETER","Member":"0M:[p:void] [Apress.Recipes.WebApi.Areas.HelpPage.XmlDocumentationProvider, Apress.Recipes.WebApi]..ctor([p:string] documentPath)","ArgIndex":0},"CallParameters":[{"Method":"0M:[p:void] [System.Xml.XPath.XPathDocument, System.Xml, 4.0.0.0]..ctor([p:string] uri)","ArgIndex":0}]}