{"Type":"0T:p:string","ClassCtx":"0T:Apress.Recipes.WebApi.Areas.HelpPage.XmlDocumentationProvider, Apress.Recipes.WebApi","MethodCtx":"0M:[p:string] [i:System.Web.Http.Description.IDocumentationProvider, System.Web.Http, 5.1.0.0].GetDocumentation([System.Web.Http.Controllers.HttpActionDescriptor, System.Web.Http, 5.1.0.0] actionDescriptor)","Definition":{"Type":"RETURN_VALUE","Member":"0M:static [p:string] [Apress.Recipes.WebApi.Areas.HelpPage.XmlDocumentationProvider, Apress.Recipes.WebApi].GetTagValue([System.Xml.XPath.XPathNavigator, System.Xml, 4.0.0.0] parentNode, [p:string] tagName)"}}