{"Type":"0T:p:string","ClassCtx":"0T:Apress.Recipes.WebApi.Areas.HelpPage.XmlDocumentationProvider, Apress.Recipes.WebApi","MethodCtx":"0M:[p:string] [i:System.Web.Http.Description.IDocumentationProvider, System.Web.Http, 5.1.0.0].GetDocumentation([System.Web.Http.Controllers.HttpParameterDescriptor, System.Web.Http, 5.1.0.0] parameterDescriptor)","Definition":{"Type":"RETURN_VALUE","Member":"0M:[p:string] [p:string].Trim()"},"CallParameters":[{"Method":"0M:static [p:string] [p:string].Format([i:System.IFormatProvider, mscorlib, 4.0.0.0] provider, [p:string] format, params [p:object[]] args)","ArgIndex":1},{"Method":"0M:static [p:string] [p:string].Format([i:System.IFormatProvider, mscorlib, 4.0.0.0] provider, [p:string] format, params [p:object[]] args)","ArgIndex":2},{"Method":"0M:[System.Xml.XPath.XPathNavigator, System.Xml, 4.0.0.0] [System.Xml.XPath.XPathNavigator, System.Xml, 4.0.0.0].SelectSingleNode([p:string] xpath)","ArgIndex":0}],"MemberAccesses":[{"Type":"METHOD_CALL","Member":"0M:[p:string] [p:string].Trim()"}]}