{"Type":"0T:p:string","ClassCtx":"0T:Apress.Recipes.WebApi.Areas.HelpPage.XmlDocumentationProvider, Apress.Recipes.WebApi","MethodCtx":"0M:[p:string] [i:Apress.Recipes.WebApi.Areas.HelpPage.ModelDescriptions.IModelDocumentationProvider, Apress.Recipes.WebApi].GetDocumentation([System.Reflection.MemberInfo, mscorlib, 4.0.0.0] member)","Definition":{"Type":"RETURN_VALUE","Member":"0M:static [p:string] [Apress.Recipes.WebApi.Areas.HelpPage.XmlDocumentationProvider, Apress.Recipes.WebApi].GetTagValue([System.Xml.XPath.XPathNavigator, System.Xml, 4.0.0.0] parentNode, [p:string] tagName)"},"CallParameters":[{"Method":"0M:static [p:string] [p:string].Format([i:System.IFormatProvider, mscorlib, 4.0.0.0] provider, [p:string] format, params [p:object[]] args)","ArgIndex":1},{"Method":"0M:static [p:string] [p:string].Format([i:System.IFormatProvider, mscorlib, 4.0.0.0] provider, [p:string] format, params [p:object[]] args)","ArgIndex":2},{"Method":"0M:[System.Xml.XPath.XPathNavigator, System.Xml, 4.0.0.0] [System.Xml.XPath.XPathNavigator, System.Xml, 4.0.0.0].SelectSingleNode([p:string] xpath)","ArgIndex":0}]}