{"Type":"0T:p:string","ClassCtx":"0T:Apress.Recipes.WebApi.Areas.HelpPage.XmlDocumentationProvider, Apress.Recipes.WebApi","MethodCtx":"0M:[p:string] [i:Apress.Recipes.WebApi.Areas.HelpPage.ModelDescriptions.IModelDocumentationProvider, Apress.Recipes.WebApi].GetDocumentation([System.Type, mscorlib, 4.0.0.0] type)","Definition":{"Type":"RETURN_VALUE","Member":"0M:static [p:string] [Apress.Recipes.WebApi.Areas.HelpPage.XmlDocumentationProvider, Apress.Recipes.WebApi].GetTagValue([System.Xml.XPath.XPathNavigator, System.Xml, 4.0.0.0] parentNode, [p:string] tagName)"}}