{"Type":"0T:p:string","ClassCtx":"0T:Apress.Recipes.WebApi.Areas.HelpPage.XmlDocumentationProvider, Apress.Recipes.WebApi","MethodCtx":"0M:[System.Xml.XPath.XPathNavigator, System.Xml, 4.0.0.0] [Apress.Recipes.WebApi.Areas.HelpPage.XmlDocumentationProvider, Apress.Recipes.WebApi].GetMethodNode([System.Web.Http.Controllers.HttpActionDescriptor, System.Web.Http, 5.1.0.0] actionDescriptor)","Definition":{"Type":"RETURN_VALUE","Member":"0M:static [p:string] [p:string].Format([i:System.IFormatProvider, mscorlib, 4.0.0.0] provider, [p:string] format, params [p:object[]] args)"},"CallParameters":[{"Method":"0M:static [p:string] [p:string].Format([i:System.IFormatProvider, mscorlib, 4.0.0.0] provider, [p:string] format, params [p:object[]] args)","ArgIndex":1},{"Method":"0M:static [p:string] [p:string].Format([i:System.IFormatProvider, mscorlib, 4.0.0.0] provider, [p:string] format, params [p:object[]] args)","ArgIndex":2},{"Method":"0M:[System.Xml.XPath.XPathNavigator, System.Xml, 4.0.0.0] [System.Xml.XPath.XPathNavigator, System.Xml, 4.0.0.0].SelectSingleNode([p:string] xpath)","ArgIndex":0}]}