{"Type":"0T:p:string","ClassCtx":"0T:Apress.Recipes.WebApi.Areas.HelpPage.XmlDocumentationProvider, Apress.Recipes.WebApi","MethodCtx":"0M:static [p:string] [Apress.Recipes.WebApi.Areas.HelpPage.XmlDocumentationProvider, Apress.Recipes.WebApi].GetMemberName([System.Reflection.MethodInfo, mscorlib, 4.0.0.0] method)","Definition":{"Type":"UNKNOWN"},"CallParameters":[{"Method":"0M:static [p:string] [p:string].Format([i:System.IFormatProvider, mscorlib, 4.0.0.0] provider, [p:string] format, params [p:object[]] args)","ArgIndex":1},{"Method":"0M:static [p:string] [p:string].Format([i:System.IFormatProvider, mscorlib, 4.0.0.0] provider, [p:string] format, params [p:object[]] args)","ArgIndex":2}]}