{"Type":"0T:p:string","ClassCtx":"0T:Apress.Recipes.WebApi.Areas.HelpPage.HelpPageConfigurationExtensions, Apress.Recipes.WebApi","MethodCtx":"0M:static [p:void] [Apress.Recipes.WebApi.Areas.HelpPage.HelpPageConfigurationExtensions, Apress.Recipes.WebApi].SetActualRequestType(this [System.Web.Http.HttpConfiguration, System.Web.Http, 5.1.0.0] config, [System.Type, mscorlib, 4.0.0.0] type, [p:string] controllerName, [p:string] actionName, params [p:string[]] parameterNames)","Definition":{"Type":"METHOD_PARAMETER","Member":"0M:static [p:void] [Apress.Recipes.WebApi.Areas.HelpPage.HelpPageConfigurationExtensions, Apress.Recipes.WebApi].SetActualRequestType(this [System.Web.Http.HttpConfiguration, System.Web.Http, 5.1.0.0] config, [System.Type, mscorlib, 4.0.0.0] type, [p:string] controllerName, [p:string] actionName, params [p:string[]] parameterNames)","ArgIndex":3},"CallParameters":[{"Method":"0M:[p:void] [Apress.Recipes.WebApi.Areas.HelpPage.HelpPageSampleKey, Apress.Recipes.WebApi]..ctor([e:Apress.Recipes.WebApi.Areas.HelpPage.SampleDirection, Apress.Recipes.WebApi] sampleDirection, [p:string] controllerName, [p:string] actionName, [i:System.Collections.Generic.IEnumerable`1[[T]], mscorlib, 4.0.0.0] parameterNames)","ArgIndex":1},{"Method":"0M:[p:void] [Apress.Recipes.WebApi.Areas.HelpPage.HelpPageSampleKey, Apress.Recipes.WebApi]..ctor([e:Apress.Recipes.WebApi.Areas.HelpPage.SampleDirection, Apress.Recipes.WebApi] sampleDirection, [p:string] controllerName, [p:string] actionName, [i:System.Collections.Generic.IEnumerable`1[[T]], mscorlib, 4.0.0.0] parameterNames)","ArgIndex":2}]}