{"Type":"0T:p:string","ClassCtx":"0T:Apress.Recipes.WebApi.Areas.HelpPage.Controllers.HelpController, Apress.Recipes.WebApi","MethodCtx":"0M:[p:void] [Apress.Recipes.WebApi.Areas.HelpPage.Controllers.HelpController, Apress.Recipes.WebApi].Configuration__set__([System.Web.Http.HttpConfiguration, System.Web.Http, 5.1.0.0] value)","Definition":{"Type":"MEMBER_ACCESS","Member":"0F:static [p:string] [Apress.Recipes.WebApi.Areas.HelpPage.Controllers.HelpController, Apress.Recipes.WebApi].ErrorViewName"}}