{"Type":"0T:p:string","ClassCtx":"0T:Apress.Recipes.WebApi.Areas.HelpPage.HelpPageConfigurationExtensions, Apress.Recipes.WebApi","MethodCtx":"0M:static [Apress.Recipes.WebApi.Areas.HelpPage.ModelDescriptions.ParameterDescription, Apress.Recipes.WebApi] [Apress.Recipes.WebApi.Areas.HelpPage.HelpPageConfigurationExtensions, Apress.Recipes.WebApi].AddParameterDescription([Apress.Recipes.WebApi.Areas.HelpPage.Models.HelpPageApiModel, Apress.Recipes.WebApi] apiModel, [System.Web.Http.Description.ApiParameterDescription, System.Web.Http, 5.1.0.0] apiParameter, [Apress.Recipes.WebApi.Areas.HelpPage.ModelDescriptions.ModelDescription, Apress.Recipes.WebApi] typeDescription)","Definition":{"Type":"MEMBER_ACCESS","Member":"0P:set get [p:string] [System.Web.Http.Description.ApiParameterDescription, System.Web.Http, 5.1.0.0].Documentation()"}}