{"Type":"0T:p:string","ClassCtx":"0T:Apress.Recipes.WebApi.Areas.HelpPage.HelpPageConfigurationExtensions, Apress.Recipes.WebApi","MethodCtx":"0M:[TResult] [d:[TResult] [System.Func`2[[T],[TResult]], mscorlib, 4.0.0.0].([T] arg)].Invoke([T] arg)","Definition":{"Type":"MEMBER_ACCESS","Member":"0F:static [p:string] [Apress.Recipes.WebApi.Areas.HelpPage.HelpPageConfigurationExtensions, Apress.Recipes.WebApi].ApiModelPrefix"},"CallParameters":[{"Method":"0M:static [p:bool] [p:string].Equals([p:string] a, [p:string] b, [e:System.StringComparison, mscorlib, 4.0.0.0] comparisonType)","ArgIndex":1}]}