{"Type":"0T:p:string","ClassCtx":"0T:Apress.Recipes.WebApi.Areas.HelpPage.ModelDescriptions.ModelDescriptionGenerator, Apress.Recipes.WebApi","MethodCtx":"0M:[Apress.Recipes.WebApi.Areas.HelpPage.ModelDescriptions.ModelDescription, Apress.Recipes.WebApi] [Apress.Recipes.WebApi.Areas.HelpPage.ModelDescriptions.ModelDescriptionGenerator, Apress.Recipes.WebApi].GetOrCreateModelDescription([System.Type, mscorlib, 4.0.0.0] modelType)","Definition":{"Type":"RETURN_VALUE","Member":"0M:static [p:string] [p:string].Format([i:System.IFormatProvider, mscorlib, 4.0.0.0] provider, [p:string] format, params [p:object[]] args)"},"CallParameters":[{"Method":"0M:[p:void] [System.InvalidOperationException, mscorlib, 4.0.0.0]..ctor([p:string] message)","ArgIndex":0},{"Method":"0M:[p:bool] [System.Collections.Generic.Dictionary`2[[TKey],[TValue]], mscorlib, 4.0.0.0].TryGetValue([TKey] key, out [TValue] value)","ArgIndex":0},{"Method":"0M:static [p:string] [p:string].Format([i:System.IFormatProvider, mscorlib, 4.0.0.0] provider, [p:string] format, params [p:object[]] args)","ArgIndex":1},{"Method":"0M:static [p:string] [p:string].Format([i:System.IFormatProvider, mscorlib, 4.0.0.0] provider, [p:string] format, params [p:object[]] args)","ArgIndex":2}]}