{"Type":"0T:p:string","ClassCtx":"0T:Apress.Recipes.WebApi.Areas.HelpPage.ModelDescriptions.ModelNameHelper, Apress.Recipes.WebApi","MethodCtx":"0M:static [p:string] [Apress.Recipes.WebApi.Areas.HelpPage.ModelDescriptions.ModelNameHelper, Apress.Recipes.WebApi].GetModelName([System.Type, mscorlib, 4.0.0.0] type)","Definition":{"Type":"RETURN_VALUE","Member":"0M:static [p:string] [p:string].Format([i:System.IFormatProvider, mscorlib, 4.0.0.0] provider, [p:string] format, params [p:object[]] args)"},"CallParameters":[{"Method":"0M:static [p:string] [p:string].Format([i:System.IFormatProvider, mscorlib, 4.0.0.0] provider, [p:string] format, params [p:object[]] args)","ArgIndex":1},{"Method":"0M:static [p:string] [p:string].Format([i:System.IFormatProvider, mscorlib, 4.0.0.0] provider, [p:string] format, params [p:object[]] args)","ArgIndex":2},{"Method":"0M:static [p:bool] [p:string].IsNullOrEmpty([p:string] value)","ArgIndex":0}],"MemberAccesses":[{"Type":"METHOD_CALL","Member":"0M:[p:int] [p:string].IndexOf([p:char] value)"},{"Type":"METHOD_CALL","Member":"0M:[p:string] [p:string].Substring([p:int] startIndex, [p:int] length)"}]}