{"Type":"0T:p:string","ClassCtx":"0T:Apress.Recipes.WebApi.Areas.HelpPage.Controllers.HelpController, Apress.Recipes.WebApi","MethodCtx":"0M:[System.Web.Mvc.ActionResult, System.Web.Mvc, 5.1.0.0] [Apress.Recipes.WebApi.Areas.HelpPage.Controllers.HelpController, Apress.Recipes.WebApi].ResourceModel([p:string] modelName)","Definition":{"Type":"METHOD_PARAMETER","Member":"0M:[System.Web.Mvc.ActionResult, System.Web.Mvc, 5.1.0.0] [Apress.Recipes.WebApi.Areas.HelpPage.Controllers.HelpController, Apress.Recipes.WebApi].ResourceModel([p:string] modelName)","ArgIndex":0},"CallParameters":[{"Method":"0M:[p:bool] [System.Collections.Generic.Dictionary`2[[TKey],[TValue]], mscorlib, 4.0.0.0].TryGetValue([TKey] key, out [TValue] value)","ArgIndex":0},{"Method":"0M:[System.Web.Mvc.ViewResult, System.Web.Mvc, 5.1.0.0] [System.Web.Mvc.Controller, System.Web.Mvc, 5.1.0.0].View([p:string] viewName)","ArgIndex":0},{"Method":"0M:static [p:bool] [p:string].IsNullOrEmpty([p:string] value)","ArgIndex":0}]}