{"Type":"0T:p:string","ClassCtx":"0T:Apress.Recipes.WebApi.Areas.HelpPage.Models.HelpPageApiModel, Apress.Recipes.WebApi","MethodCtx":"0M:[p:void] [Apress.Recipes.WebApi.Areas.HelpPage.Models.HelpPageApiModel, Apress.Recipes.WebApi].SampleRequests__set__([i:System.Collections.Generic.IDictionary`2[[TKey],[TValue]], mscorlib, 4.0.0.0] value)","Definition":{"Type":"MEMBER_ACCESS","Member":"0P:set get [p:string] [Apress.Recipes.WebApi.Areas.HelpPage.Models.HelpPageApiModel, Apress.Recipes.WebApi].RequestDocumentation()"}}