{"Type":"0T:p:string","ClassCtx":"0T:Apress.Recipes.WebApi.Areas.HelpPage.Models.HelpPageApiModel, Apress.Recipes.WebApi","MethodCtx":"0M:static [i:System.Collections.Generic.IList`1[[T]], mscorlib, 4.0.0.0] [Apress.Recipes.WebApi.Areas.HelpPage.Models.HelpPageApiModel, Apress.Recipes.WebApi].GetParameterDescriptions([Apress.Recipes.WebApi.Areas.HelpPage.ModelDescriptions.ModelDescription, Apress.Recipes.WebApi] modelDescription)","Definition":{"Type":"MEMBER_ACCESS","Member":"0P:set get [p:string] [Apress.Recipes.WebApi.Areas.HelpPage.Models.HelpPageApiModel, Apress.Recipes.WebApi].RequestDocumentation()"}}