{"Type":"0T:p:string","ClassCtx":"0T:Apress.Recipes.WebApi.Areas.HelpPage.HelpPageSampleGenerator, Apress.Recipes.WebApi","MethodCtx":"0M:[p:object] [Apress.Recipes.WebApi.Areas.HelpPage.HelpPageSampleGenerator, Apress.Recipes.WebApi].WriteSampleObjectUsingFormatter([System.Net.Http.Formatting.MediaTypeFormatter, System.Net.Http.Formatting, 5.1.0.0] formatter, [p:object] value, [System.Type, mscorlib, 4.0.0.0] type, [System.Net.Http.Headers.MediaTypeHeaderValue, System.Net.Http, 4.0.0.0] mediaType)","Definition":{"Type":"RETURN_VALUE","Member":"0M:static [p:string] [p:string].Format([i:System.IFormatProvider, mscorlib, 4.0.0.0] provider, [p:string] format, params [p:object[]] args)"},"CallParameters":[{"Method":"0M:[p:void] [Apress.Recipes.WebApi.Areas.HelpPage.InvalidSample, Apress.Recipes.WebApi]..ctor([p:string] errorMessage)","ArgIndex":0},{"Method":"0M:static [p:string] [p:string].Format([i:System.IFormatProvider, mscorlib, 4.0.0.0] provider, [p:string] format, params [p:object[]] args)","ArgIndex":1},{"Method":"0M:static [p:string] [p:string].Format([i:System.IFormatProvider, mscorlib, 4.0.0.0] provider, [p:string] format, params [p:object[]] args)","ArgIndex":2},{"Method":"0M:static [p:string] [Apress.Recipes.WebApi.Areas.HelpPage.HelpPageSampleGenerator, Apress.Recipes.WebApi].TryFormatXml([p:string] str)","ArgIndex":0},{"Method":"0M:static [p:string] [Apress.Recipes.WebApi.Areas.HelpPage.HelpPageSampleGenerator, Apress.Recipes.WebApi].TryFormatJson([p:string] str)","ArgIndex":0},{"Method":"0M:[p:void] [Apress.Recipes.WebApi.Areas.HelpPage.TextSample, Apress.Recipes.WebApi]..ctor([p:string] text)","ArgIndex":0}],"MemberAccesses":[{"Type":"METHOD_CALL","Member":"0M:[p:string] [p:string].ToUpperInvariant()"},{"Type":"METHOD_CALL","Member":"0M:[p:bool] [p:string].Contains([p:string] value)"},{"Type":"METHOD_CALL","Member":"0M:[p:string] [p:string].ToUpperInvariant()"},{"Type":"METHOD_CALL","Member":"0M:[p:bool] [p:string].Contains([p:string] value)"}]}