{"Type":"0T:p:string","ClassCtx":"0T:Apress.Recipes.WebApi.Areas.HelpPage.HelpPageSampleGenerator, Apress.Recipes.WebApi","MethodCtx":"0M:static [p:string] [Apress.Recipes.WebApi.Areas.HelpPage.HelpPageSampleGenerator, Apress.Recipes.WebApi].TryFormatJson([p:string] str)","Definition":{"Type":"RETURN_VALUE","Member":"0M:static [p:string] [Newtonsoft.Json.JsonConvert, Newtonsoft.Json, 6.0.0.0].SerializeObject([p:object] value, [e:Newtonsoft.Json.Formatting, Newtonsoft.Json, 6.0.0.0] formatting)"},"CallParameters":[{"Method":"0M:static [p:object] [Newtonsoft.Json.JsonConvert, Newtonsoft.Json, 6.0.0.0].DeserializeObject([p:string] value)","ArgIndex":0}]}