{"Type":"0T:p:string","ClassCtx":"0T:Apress.Recipes.WebApi.Areas.HelpPage.HelpPageSampleGenerator, Apress.Recipes.WebApi","MethodCtx":"0M:static [p:string] [Apress.Recipes.WebApi.Areas.HelpPage.HelpPageSampleGenerator, Apress.Recipes.WebApi].TryFormatXml([p:string] str)","Definition":{"Type":"RETURN_VALUE","Member":"0M:[p:string] [System.Xml.Linq.XNode, System.Xml.Linq, 4.0.0.0].ToString()"},"CallParameters":[{"Method":"0M:static [System.Xml.Linq.XDocument, System.Xml.Linq, 4.0.0.0] [System.Xml.Linq.XDocument, System.Xml.Linq, 4.0.0.0].Parse([p:string] text)","ArgIndex":0}]}