{"Type":"0T:System.Text.RegularExpressions.Match, System, 4.0.0.0","ClassCtx":"0T:OxyPlot.CodeGenerator, OxyPlot_NET40","MethodCtx":"0M:[p:string] [OxyPlot.CodeGenerator, OxyPlot_NET40].MakeValidVariableName([p:string] title)","Definition":{"Type":"RETURN_VALUE","Member":"0M:[System.Text.RegularExpressions.Match, System, 4.0.0.0] [System.Text.RegularExpressions.Regex, System, 4.0.0.0].Match([p:string] input)"},"MemberAccesses":[{"Type":"MEMBER_REFERENCE","Member":"0P:get [p:bool] [System.Text.RegularExpressions.Group, System, 4.0.0.0].Success()"}]}