{"Type":"0T:T","ClassCtx":"0T:OxyPlot.DelegateViewCommand`1[[T]], OxyPlot_NET40","MethodCtx":"0M:[p:void] [i:OxyPlot.IViewCommand`1[[T]], OxyPlot_NET40].Execute([i:OxyPlot.IView, OxyPlot_NET40] view, [i:OxyPlot.IController, OxyPlot_NET40] controller, [T] args)","Definition":{"Type":"METHOD_PARAMETER","Member":"0M:[p:void] [OxyPlot.DelegateViewCommand`1[[T]], OxyPlot_NET40].Execute([i:OxyPlot.IView, OxyPlot_NET40] view, [i:OxyPlot.IController, OxyPlot_NET40] controller, [T] args)","ArgIndex":2},"CallParameters":[{"Method":"0M:[p:void] [d:[p:void] [System.Action`3[[T1],[T2],[T3]], mscorlib, 4.0.0.0].([T1] arg1, [T2] arg2, [T3] arg3)].Invoke([T1] arg1, [T2] arg2, [T3] arg3)","ArgIndex":2}]}