{"Type":"0T:T","ClassCtx":"0T:OxyPlot.ElementCollection`1[[T]], OxyPlot_NET40","MethodCtx":"0M:[p:void] [i:System.Collections.Generic.ICollection`1[[T]], mscorlib, 4.0.0.0].Add([T] item)","Definition":{"Type":"METHOD_PARAMETER","Member":"0M:[p:void] [OxyPlot.ElementCollection`1[[T]], OxyPlot_NET40].Add([T] item)","ArgIndex":0},"CallParameters":[{"Method":"0M:[p:void] [System.Collections.Generic.List`1[[T]], mscorlib, 4.0.0.0].Add([T] item)","ArgIndex":0}],"MemberAccesses":[{"Type":"MEMBER_REFERENCE","Member":"0P:set get [OxyPlot.Model, OxyPlot_NET40] [OxyPlot.Element, OxyPlot_NET40].Parent()"}]}