{"Type":"0T:T","ClassCtx":"0T:OxyPlot.Series.ScatterSeries`1[[T]], OxyPlot_NET40","MethodCtx":"0M:[OxyPlot.TrackerHitResult, OxyPlot_NET40] [OxyPlot.Series.Series, OxyPlot_NET40].GetNearestPoint([s:OxyPlot.ScreenPoint, OxyPlot_NET40] point, [p:bool] interpolate)","Definition":{"Type":"UNKNOWN"},"MemberAccesses":[{"Type":"MEMBER_REFERENCE","Member":"0P:set get [p:double] [OxyPlot.Series.ScatterPoint, OxyPlot_NET40].X()"},{"Type":"MEMBER_REFERENCE","Member":"0P:set get [p:double] [OxyPlot.Series.ScatterPoint, OxyPlot_NET40].X()"},{"Type":"MEMBER_REFERENCE","Member":"0P:set get [p:double] [OxyPlot.Series.ScatterPoint, OxyPlot_NET40].Y()"},{"Type":"MEMBER_REFERENCE","Member":"0P:set get [p:double] [OxyPlot.Series.ScatterPoint, OxyPlot_NET40].Y()"},{"Type":"MEMBER_REFERENCE","Member":"0P:set get [p:double] [OxyPlot.Series.ScatterPoint, OxyPlot_NET40].Value()"}]}