{"Type":"0T:T","ClassCtx":"0T:OxyPlot.Series.ScatterSeries`1[[T]], OxyPlot_NET40","MethodCtx":"0M:[p:void] [OxyPlot.Series.ScatterSeries`1[[T]], OxyPlot_NET40].InternalUpdateMaxMinValue([System.Collections.Generic.List`1[[T]], mscorlib, 4.0.0.0] pts)","Definition":{"Type":"UNKNOWN"},"MemberAccesses":[{"Type":"MEMBER_REFERENCE","Member":"0P:set get [p:double] [OxyPlot.Series.ScatterPoint, OxyPlot_NET40].X()"},{"Type":"MEMBER_REFERENCE","Member":"0P:set get [p:double] [OxyPlot.Series.ScatterPoint, OxyPlot_NET40].Y()"},{"Type":"MEMBER_REFERENCE","Member":"0P:set get [p:double] [OxyPlot.Series.ScatterPoint, OxyPlot_NET40].Value()"}]}