{"Type":"0T:T","ClassCtx":"0T:OxyPlot.Series.XYAxisSeries, OxyPlot_NET40","MethodCtx":"0M:[p:void] [OxyPlot.Series.XYAxisSeries, OxyPlot_NET40].InternalUpdateMaxMin`1[[T]]([System.Collections.Generic.List`1[[T]], mscorlib, 4.0.0.0] items, [d:[TResult] [System.Func`2[[T],[TResult]], mscorlib, 4.0.0.0].([T] arg)] xf, [d:[TResult] [System.Func`2[[T],[TResult]], mscorlib, 4.0.0.0].([T] arg)] yf)","Definition":{"Type":"UNKNOWN"},"CallParameters":[{"Method":"0M:[TResult] [d:[TResult] [System.Func`2[[T],[TResult]], mscorlib, 4.0.0.0].([T] arg)].Invoke([T] arg)","ArgIndex":0}]}