{"Type":"0T:T","ClassCtx":"0T:OxyPlot.ComparerHelper+ComparisonComparer`1[[T]], OxyPlot_NET40","MethodCtx":"0M:[p:int] [i:System.Collections.Generic.IComparer`1[[T]], mscorlib, 4.0.0.0].Compare([T] x, [T] y)","Definition":{"Type":"METHOD_PARAMETER","Member":"0M:[p:int] [OxyPlot.ComparerHelper+ComparisonComparer`1[[T]], OxyPlot_NET40].Compare([T] x, [T] y)","ArgIndex":1},"CallParameters":[{"Method":"0M:[p:int] [d:[p:int] [System.Comparison`1[[T]], mscorlib, 4.0.0.0].([T] x, [T] y)].Invoke([T] x, [T] y)","ArgIndex":0},{"Method":"0M:[p:int] [d:[p:int] [System.Comparison`1[[T]], mscorlib, 4.0.0.0].([T] x, [T] y)].Invoke([T] x, [T] y)","ArgIndex":1}]}