{"Type":"0T:T","ClassCtx":"0T:ExampleLibrary.MiscExamples, ExampleLibrary_NET40","MethodCtx":"0M:static [p:void] [ExampleLibrary.MiscExamples, ExampleLibrary_NET40].Append`1[[T]](this [i:System.Collections.Generic.IList`1[[T]], mscorlib, 4.0.0.0] target, [i:System.Collections.Generic.IEnumerable`1[[T]], mscorlib, 4.0.0.0] source)","Definition":{"Type":"UNKNOWN"},"CallParameters":[{"Method":"0M:[p:void] [i:System.Collections.Generic.ICollection`1[[T]], mscorlib, 4.0.0.0].Add([T] item)","ArgIndex":0}]}