{"Type":"0T:System.Exception, mscorlib, 4.0.0.0","ClassCtx":"0T:Apress.Recipes.WebApi.Areas.HelpPage.HelpPageConfigurationExtensions, Apress.Recipes.WebApi","MethodCtx":"0M:static [p:void] [Apress.Recipes.WebApi.Areas.HelpPage.HelpPageConfigurationExtensions, Apress.Recipes.WebApi].GenerateSamples([Apress.Recipes.WebApi.Areas.HelpPage.Models.HelpPageApiModel, Apress.Recipes.WebApi] apiModel, [Apress.Recipes.WebApi.Areas.HelpPage.HelpPageSampleGenerator, Apress.Recipes.WebApi] sampleGenerator)","Definition":{"Type":"RETURN_VALUE","Member":"0M:static [System.Exception, mscorlib, 4.0.0.0] [Apress.Recipes.WebApi.Areas.HelpPage.HelpPageSampleGenerator, Apress.Recipes.WebApi].UnwrapException([System.Exception, mscorlib, 4.0.0.0] exception)"},"CallParameters":[{"Method":"0M:static [System.Exception, mscorlib, 4.0.0.0] [Apress.Recipes.WebApi.Areas.HelpPage.HelpPageSampleGenerator, Apress.Recipes.WebApi].UnwrapException([System.Exception, mscorlib, 4.0.0.0] exception)","ArgIndex":0}]}