{"Type":"0T:System.Exception, mscorlib, 4.0.0.0","ClassCtx":"0T:Apress.Recipes.WebApi.Areas.HelpPage.HelpPageSampleGenerator, Apress.Recipes.WebApi","MethodCtx":"0M:[p:object] [Apress.Recipes.WebApi.Areas.HelpPage.HelpPageSampleGenerator, Apress.Recipes.WebApi].WriteSampleObjectUsingFormatter([System.Net.Http.Formatting.MediaTypeFormatter, System.Net.Http.Formatting, 5.1.0.0] formatter, [p:object] value, [System.Type, mscorlib, 4.0.0.0] type, [System.Net.Http.Headers.MediaTypeHeaderValue, System.Net.Http, 4.0.0.0] mediaType)","Definition":{"Type":"RETURN_VALUE","Member":"0M:static [System.Exception, mscorlib, 4.0.0.0] [Apress.Recipes.WebApi.Areas.HelpPage.HelpPageSampleGenerator, Apress.Recipes.WebApi].UnwrapException([System.Exception, mscorlib, 4.0.0.0] exception)"},"CallParameters":[{"Method":"0M:static [System.Exception, mscorlib, 4.0.0.0] [Apress.Recipes.WebApi.Areas.HelpPage.HelpPageSampleGenerator, Apress.Recipes.WebApi].UnwrapException([System.Exception, mscorlib, 4.0.0.0] exception)","ArgIndex":0}]}