{"Type":"0T:System.Exception, mscorlib, 4.0.0.0","ClassCtx":"0T:Apress.Recipes.WebApi.Areas.HelpPage.HelpPageSampleGenerator, Apress.Recipes.WebApi","MethodCtx":"0M:static [System.Exception, mscorlib, 4.0.0.0] [Apress.Recipes.WebApi.Areas.HelpPage.HelpPageSampleGenerator, Apress.Recipes.WebApi].UnwrapException([System.Exception, mscorlib, 4.0.0.0] exception)","Definition":{"Type":"METHOD_PARAMETER","Member":"0M:static [System.Exception, mscorlib, 4.0.0.0] [Apress.Recipes.WebApi.Areas.HelpPage.HelpPageSampleGenerator, Apress.Recipes.WebApi].UnwrapException([System.Exception, mscorlib, 4.0.0.0] exception)","ArgIndex":0}}