{"Type":"0T:System.Xml.XmlWriter, System.Xml, 4.0.0.0","ClassCtx":"0T:OxyPlot.XmlWriterBase, OxyPlot_NET40","MethodCtx":"0M:[p:void] [OxyPlot.XmlWriterBase, OxyPlot_NET40].WriteDocType([p:string] name, [p:string] pubid, [p:string] sysid, [p:string] subset)","Definition":{"Type":"MEMBER_ACCESS","Member":"0F:[System.Xml.XmlWriter, System.Xml, 4.0.0.0] [OxyPlot.XmlWriterBase, OxyPlot_NET40].w"},"MemberAccesses":[{"Type":"METHOD_CALL","Member":"0M:[p:void] [System.Xml.XmlWriter, System.Xml, 4.0.0.0].WriteDocType([p:string] name, [p:string] pubid, [p:string] sysid, [p:string] subset)"}]}