{"Type":"0T:i:System.Linq.IOrderedEnumerable`1[[TElement]], System.Core, 4.0.0.0","ClassCtx":"0T:OxyPlot.PlotModel, OxyPlot_NET40","MethodCtx":"0M:[p:double] [OxyPlot.PlotModel, OxyPlot_NET40].AdjustAxesPositions([i:OxyPlot.IRenderContext, OxyPlot_NET40] rc, [i:System.Collections.Generic.IList`1[[T]], mscorlib, 4.0.0.0] parallelAxes)","Definition":{"Type":"RETURN_VALUE","Member":"0M:static [i:System.Linq.IOrderedEnumerable`1[[TElement]], System.Core, 4.0.0.0] [System.Linq.Enumerable, System.Core, 4.0.0.0].OrderBy`2[[TSource],[TKey]](this [i:System.Collections.Generic.IEnumerable`1[[T]], mscorlib, 4.0.0.0] source, [d:[TResult] [System.Func`2[[T],[TResult]], mscorlib, 4.0.0.0].([T] arg)] keySelector)"}}