{"Type":"0T:i:System.Linq.IOrderedEnumerable`1[[TElement]], System.Core, 4.0.0.0","ClassCtx":"0T:ExampleBrowser.MainWindow, ExampleBrowserGtk3_NET40","MethodCtx":"0M:[p:void] [ExampleBrowser.MainWindow, ExampleBrowserGtk3_NET40]..ctor()","Definition":{"Type":"RETURN_VALUE","Member":"0M:static [i:System.Linq.IOrderedEnumerable`1[[TElement]], System.Core, 4.0.0.0] [System.Linq.Enumerable, System.Core, 4.0.0.0].OrderBy`2[[TSource],[TKey]](this [i:System.Collections.Generic.IEnumerable`1[[T]], mscorlib, 4.0.0.0] source, [d:[TResult] [System.Func`2[[T],[TResult]], mscorlib, 4.0.0.0].([T] arg)] keySelector)"},"CallParameters":[{"Method":"0M:static [System.Collections.Generic.List`1[[T]], mscorlib, 4.0.0.0] [System.Linq.Enumerable, System.Core, 4.0.0.0].ToList`1[[TSource]](this [i:System.Collections.Generic.IEnumerable`1[[T]], mscorlib, 4.0.0.0] source)","ArgIndex":0}]}