{"Type":"0T:System.Exception, mscorlib, 4.0.0.0","ClassCtx":"0T:OxyPlot.PlotModel, OxyPlot_NET40","MethodCtx":"0M:[p:void] [OxyPlot.PlotModel, OxyPlot_NET40].RenderOverride([i:OxyPlot.IRenderContext, OxyPlot_NET40] rc, [p:double] width, [p:double] height)","Definition":{"Type":"RETURN_VALUE","Member":"0M:[System.Exception, mscorlib, 4.0.0.0] [System.Exception, mscorlib, 4.0.0.0].GetBaseException()"},"MemberAccesses":[{"Type":"METHOD_CALL","Member":"0M:[System.Type, mscorlib, 4.0.0.0] [System.Exception, mscorlib, 4.0.0.0].GetType()"},{"Type":"METHOD_CALL","Member":"0M:[System.Exception, mscorlib, 4.0.0.0] [System.Exception, mscorlib, 4.0.0.0].GetBaseException()"}]}