{"Type":"0T:System.Exception, mscorlib, 4.0.0.0","ClassCtx":"0T:ExampleLibrary.TileMapAnnotation, ExampleLibrary_NET40","MethodCtx":"0M:[p:void] [d:[p:void] [System.Action`1[[T]], mscorlib, 4.0.0.0].([T] obj)].Invoke([T] obj)","Definition":{"Type":"MEMBER_ACCESS","Member":"0P:get [System.Exception, mscorlib, 4.0.0.0] [System.Exception, mscorlib, 4.0.0.0].InnerException()"},"MemberAccesses":[{"Type":"MEMBER_REFERENCE","Member":"0P:get [System.Exception, mscorlib, 4.0.0.0] [System.Exception, mscorlib, 4.0.0.0].InnerException()"}]}