{"Type":"0T:System.ArgumentException, mscorlib, 4.0.0.0","ClassCtx":"0T:OxyPlot.SutherlandHodgmanClipping, OxyPlot_NET40","MethodCtx":"0M:static [s:OxyPlot.ScreenPoint, OxyPlot_NET40] [OxyPlot.SutherlandHodgmanClipping, OxyPlot_NET40].LineIntercept([s:OxyPlot.OxyRect, OxyPlot_NET40] bounds, [e:OxyPlot.SutherlandHodgmanClipping+RectangleEdge, OxyPlot_NET40] edge, [s:OxyPlot.ScreenPoint, OxyPlot_NET40] a, [s:OxyPlot.ScreenPoint, OxyPlot_NET40] b)","Definition":{"Type":"NEW","Member":"0M:[p:void] [System.ArgumentException, mscorlib, 4.0.0.0]..ctor([p:string] message)"}}