{"Type":"0T:p:object","ClassCtx":"0T:MSHelpSystem.Controls.SearchPadControl, HelpViewer","MethodCtx":"0M:[p:void] [MSHelpSystem.Controls.SearchPadControl, HelpViewer].SearchCBPreviewKeyUp([p:object] sender, [System.Windows.Input.KeyEventArgs, PresentationCore, 4.0.0.0] e)","Definition":{"Type":"METHOD_PARAMETER","Member":"0M:[p:void] [MSHelpSystem.Controls.SearchPadControl, HelpViewer].SearchCBPreviewKeyUp([p:object] sender, [System.Windows.Input.KeyEventArgs, PresentationCore, 4.0.0.0] e)","ArgIndex":0}}