{"Type":"0T:System.Globalization.CultureInfo, mscorlib, 4.0.0.0","ClassCtx":"0T:OxyPlot.Axes.DateTimeAxis, OxyPlot_NET40","MethodCtx":"0M:[p:string] [OxyPlot.Axes.Axis, OxyPlot_NET40].FormatValueOverride([p:double] x)","Definition":{"Type":"MEMBER_ACCESS","Member":"0P:get static [System.Globalization.CultureInfo, mscorlib, 4.0.0.0] [System.Globalization.CultureInfo, mscorlib, 4.0.0.0].CurrentCulture()"},"CallParameters":[{"Method":"0M:static [p:string] [p:string].Format([i:System.IFormatProvider, mscorlib, 4.0.0.0] provider, [p:string] format, params [p:object[]] args)","ArgIndex":0},{"Method":"0M:[p:string] [p:int].ToString([i:System.IFormatProvider, mscorlib, 4.0.0.0] provider)","ArgIndex":0}],"MemberAccesses":[{"Type":"MEMBER_REFERENCE","Member":"0P:set get [System.Globalization.DateTimeFormatInfo, mscorlib, 4.0.0.0] [System.Globalization.CultureInfo, mscorlib, 4.0.0.0].DateTimeFormat()"}]}