{"Type":"0T:i:System.Web.Http.Description.IApiExplorer, System.Web.Http, 5.1.0.0","ClassCtx":"0T:Apress.Recipes.WebApi.Areas.HelpPage.Controllers.HelpController, Apress.Recipes.WebApi","MethodCtx":"0M:[System.Web.Mvc.ActionResult, System.Web.Mvc, 5.1.0.0] [Apress.Recipes.WebApi.Areas.HelpPage.Controllers.HelpController, Apress.Recipes.WebApi].Index()","Definition":{"Type":"RETURN_VALUE","Member":"0M:static [i:System.Web.Http.Description.IApiExplorer, System.Web.Http, 5.1.0.0] [System.Web.Http.ServicesExtensions, System.Web.Http, 5.1.0.0].GetApiExplorer(this [System.Web.Http.Controllers.ServicesContainer, System.Web.Http, 5.1.0.0] services)"}}