{"Type":"0T:i:System.Web.Http.Description.IApiExplorer, System.Web.Http, 5.1.0.0","ClassCtx":"0T:Apress.Recipes.WebApi.Areas.HelpPage.HelpPageConfigurationExtensions, Apress.Recipes.WebApi","MethodCtx":"0M:static [Apress.Recipes.WebApi.Areas.HelpPage.Models.HelpPageApiModel, Apress.Recipes.WebApi] [Apress.Recipes.WebApi.Areas.HelpPage.HelpPageConfigurationExtensions, Apress.Recipes.WebApi].GetHelpPageApiModel(this [System.Web.Http.HttpConfiguration, System.Web.Http, 5.1.0.0] config, [p:string] apiDescriptionId)","Definition":{"Type":"RETURN_VALUE","Member":"0M:static [i:System.Web.Http.Description.IApiExplorer, System.Web.Http, 5.1.0.0] [System.Web.Http.ServicesExtensions, System.Web.Http, 5.1.0.0].GetApiExplorer(this [System.Web.Http.Controllers.ServicesContainer, System.Web.Http, 5.1.0.0] services)"},"MemberAccesses":[{"Type":"MEMBER_REFERENCE","Member":"0P:get [System.Collections.ObjectModel.Collection`1[[T]], mscorlib, 4.0.0.0] [i:System.Web.Http.Description.IApiExplorer, System.Web.Http, 5.1.0.0].ApiDescriptions()"}]}