{"Type":"0T:p:int","ClassCtx":"0T:OxyPlot.GtkSharp.PngExporter, OxyPlot.GtkSharp_NET40","MethodCtx":"0M:[p:void] [OxyPlot.GtkSharp.PngExporter, OxyPlot.GtkSharp_NET40].Export([i:OxyPlot.IPlotModel, OxyPlot_NET40] model, [System.IO.Stream, mscorlib, 4.0.0.0] stream)","Definition":{"Type":"MEMBER_ACCESS","Member":"0P:set get [p:int] [OxyPlot.GtkSharp.PngExporter, OxyPlot.GtkSharp_NET40].Resolution()"},"CallParameters":[{"Method":"0M:[p:void] [System.IO.Stream, mscorlib, 4.0.0.0].Write([p:byte[]] buffer, [p:int] offset, [p:int] count)","ArgIndex":1},{"Method":"0M:[p:void] [i:OxyPlot.IPlotModel, OxyPlot_NET40].Render([i:OxyPlot.IRenderContext, OxyPlot_NET40] rc, [p:double] width, [p:double] height)","ArgIndex":1},{"Method":"0M:[p:void] [i:OxyPlot.IPlotModel, OxyPlot_NET40].Render([i:OxyPlot.IRenderContext, OxyPlot_NET40] rc, [p:double] width, [p:double] height)","ArgIndex":2}]}