{"Type":"0T:p:int","ClassCtx":"0T:OxyPlot.OxyPalettes, OxyPlot_NET40","MethodCtx":"0M:static [OxyPlot.OxyPalette, OxyPlot_NET40] [OxyPlot.OxyPalettes, OxyPlot_NET40].Cool([p:int] numberOfColors)","Definition":{"Type":"METHOD_PARAMETER","Member":"0M:static [OxyPlot.OxyPalette, OxyPlot_NET40] [OxyPlot.OxyPalettes, OxyPlot_NET40].Cool([p:int] numberOfColors)","ArgIndex":0},"CallParameters":[{"Method":"0M:static [OxyPlot.OxyPalette, OxyPlot_NET40] [OxyPlot.OxyPalette, OxyPlot_NET40].Interpolate([p:int] paletteSize, params [s:OxyPlot.OxyColor[], OxyPlot_NET40] colors)","ArgIndex":0}]}