{"Type":"0T:p:int","ClassCtx":"0T:OxyPlot.SutherlandHodgmanClipping, OxyPlot_NET40","MethodCtx":"0M:static [System.Collections.Generic.List`1[[T]], mscorlib, 4.0.0.0] [OxyPlot.SutherlandHodgmanClipping, OxyPlot_NET40].ClipOneAxis([s:OxyPlot.OxyRect, OxyPlot_NET40] bounds, [e:OxyPlot.SutherlandHodgmanClipping+RectangleEdge, OxyPlot_NET40] edge, [i:System.Collections.Generic.IList`1[[T]], mscorlib, 4.0.0.0] v)","Definition":{"Type":"UNKNOWN"},"CallParameters":[{"Method":"0M:[p:void] [System.Collections.Generic.List`1[[T]], mscorlib, 4.0.0.0]..ctor([p:int] capacity)","ArgIndex":0}]}