{"Type":"0T:p:int","ClassCtx":"0T:OxyPlot.MathRenderingExtensions, OxyPlot_NET40","MethodCtx":"0M:static [s:OxyPlot.OxySize, OxyPlot_NET40] [OxyPlot.MathRenderingExtensions, OxyPlot_NET40].InternalDrawMathText([i:OxyPlot.IRenderContext, OxyPlot_NET40] rc, [p:double] x, [p:double] y, [p:double] dx, [p:double] dy, [p:string] s, [s:OxyPlot.OxyColor, OxyPlot_NET40] textColor, [p:string] fontFamily, [p:double] fontSize, [p:double] fontWeight, [p:bool] measureOnly, [p:double] angle)","Definition":{"Type":"UNKNOWN"},"CallParameters":[{"Method":"0M:[p:string] [p:string].Substring([p:int] startIndex, [p:int] length)","ArgIndex":0},{"Method":"0M:[p:int] [p:string].IndexOf([p:char] value, [p:int] startIndex)","ArgIndex":0},{"Method":"0M:[p:string] [p:string].Substring([p:int] startIndex, [p:int] length)","ArgIndex":1},{"Method":"0M:[p:int] [p:string].IndexOfAny([p:char[]] anyOf, [p:int] startIndex)","ArgIndex":1},{"Method":"0M:[p:string] [p:string].Substring([p:int] startIndex)","ArgIndex":0}]}