{"Type":"0T:p:int","ClassCtx":"0T:OxyPlot.RenderingExtensions, OxyPlot_NET40","MethodCtx":"0M:static [p:void] [OxyPlot.RenderingExtensions, OxyPlot_NET40].DrawClippedLineSegments(this [i:OxyPlot.IRenderContext, OxyPlot_NET40] rc, [s:OxyPlot.OxyRect, OxyPlot_NET40] clippingRectangle, [i:System.Collections.Generic.IList`1[[T]], mscorlib, 4.0.0.0] points, [s:OxyPlot.OxyColor, OxyPlot_NET40] stroke, [p:double] strokeThickness, [p:double[]] dashArray, [e:OxyPlot.LineJoin, OxyPlot_NET40] lineJoin, [p:bool] aliased)","Definition":{"Type":"UNKNOWN"},"CallParameters":[{"Method":"0M:[p:void] [System.Collections.Generic.List`1[[T]], mscorlib, 4.0.0.0]..ctor([p:int] capacity)","ArgIndex":0}]}