{"Type":"0T:p:int","ClassCtx":"0T:OxyPlot.RenderingExtensions, OxyPlot_NET40","MethodCtx":"0M:static [p:void] [OxyPlot.RenderingExtensions, OxyPlot_NET40].DrawClippedImage(this [i:OxyPlot.IRenderContext, OxyPlot_NET40] rc, [s:OxyPlot.OxyRect, OxyPlot_NET40] clippingRectangle, [OxyPlot.OxyImage, OxyPlot_NET40] source, [p:double] x, [p:double] y, [p:double] w, [p:double] h, [p:double] opacity, [p:bool] interpolate)","Definition":{"Type":"MEMBER_ACCESS","Member":"0P:set get [p:int] [OxyPlot.OxyImage, OxyPlot_NET40].Height()"}}