{"Type":"0T:p:int","ClassCtx":"0T:OxyPlot.RenderingExtensions, OxyPlot_NET40","MethodCtx":"0M:static [p:void] [OxyPlot.RenderingExtensions, OxyPlot_NET40].DrawMarkers(this [i:OxyPlot.IRenderContext, OxyPlot_NET40] rc, [i:System.Collections.Generic.IList`1[[T]], mscorlib, 4.0.0.0] markerPoints, [s:OxyPlot.OxyRect, OxyPlot_NET40] clippingRectangle, [e:OxyPlot.MarkerType, OxyPlot_NET40] markerType, [i:System.Collections.Generic.IList`1[[T]], mscorlib, 4.0.0.0] markerOutline, [p:double] markerSize, [s:OxyPlot.OxyColor, OxyPlot_NET40] markerFill, [s:OxyPlot.OxyColor, OxyPlot_NET40] markerStroke, [p:double] markerStrokeThickness, opt [p:int] resolution, opt [s:OxyPlot.ScreenPoint, OxyPlot_NET40] binOffset)","Definition":{"Type":"METHOD_PARAMETER","Member":"0M:static [p:void] [OxyPlot.RenderingExtensions, OxyPlot_NET40].DrawMarkers(this [i:OxyPlot.IRenderContext, OxyPlot_NET40] rc, [i:System.Collections.Generic.IList`1[[T]], mscorlib, 4.0.0.0] markerPoints, [s:OxyPlot.OxyRect, OxyPlot_NET40] clippingRectangle, [e:OxyPlot.MarkerType, OxyPlot_NET40] markerType, [i:System.Collections.Generic.IList`1[[T]], mscorlib, 4.0.0.0] markerOutline, [p:double] markerSize, [s:OxyPlot.OxyColor, OxyPlot_NET40] markerFill, [s:OxyPlot.OxyColor, OxyPlot_NET40] markerStroke, [p:double] markerStrokeThickness, opt [p:int] resolution, opt [s:OxyPlot.ScreenPoint, OxyPlot_NET40] binOffset)","ArgIndex":9},"CallParameters":[{"Method":"0M:static [p:void] [OxyPlot.RenderingExtensions, OxyPlot_NET40].DrawMarkers(this [i:OxyPlot.IRenderContext, OxyPlot_NET40] rc, [s:OxyPlot.OxyRect, OxyPlot_NET40] clippingRectangle, [i:System.Collections.Generic.IList`1[[T]], mscorlib, 4.0.0.0] markerPoints, [e:OxyPlot.MarkerType, OxyPlot_NET40] markerType, [i:System.Collections.Generic.IList`1[[T]], mscorlib, 4.0.0.0] markerOutline, [i:System.Collections.Generic.IList`1[[T]], mscorlib, 4.0.0.0] markerSize, [s:OxyPlot.OxyColor, OxyPlot_NET40] markerFill, [s:OxyPlot.OxyColor, OxyPlot_NET40] markerStroke, [p:double] markerStrokeThickness, opt [p:int] resolution, opt [s:OxyPlot.ScreenPoint, OxyPlot_NET40] binOffset)","ArgIndex":8}]}