{"Type":"0T:p:int","ClassCtx":"0T:OxyPlot.XkcdRenderingDecorator, OxyPlot_NET40","MethodCtx":"0M:[p:double[]] [OxyPlot.XkcdRenderingDecorator, OxyPlot_NET40].ApplyMovingAverage([i:System.Collections.Generic.IList`1[[T]], mscorlib, 4.0.0.0] input, [p:int] m)","Definition":{"Type":"UNKNOWN"},"CallParameters":[{"Method":"0M:static [p:int] [System.Math, mscorlib, 4.0.0.0].Max([p:int] val1, [p:int] val2)","ArgIndex":0},{"Method":"0M:static [p:int] [System.Math, mscorlib, 4.0.0.0].Min([p:int] val1, [p:int] val2)","ArgIndex":0},{"Method":"0M:static [p:int] [System.Math, mscorlib, 4.0.0.0].Min([p:int] val1, [p:int] val2)","ArgIndex":1}]}