{"Type":"0T:p:int","ClassCtx":"0T:OxyPlot.Reporting.WikiReportWriter, OxyPlot_NET40","MethodCtx":"0M:[p:void] [i:OxyPlot.Reporting.IReportWriter, OxyPlot_NET40].WriteTable([OxyPlot.Reporting.Table, OxyPlot_NET40] table)","Definition":{"Type":"UNKNOWN"},"CallParameters":[{"Method":"0M:static [p:int] [System.Math, mscorlib, 4.0.0.0].Max([p:int] val1, [p:int] val2)","ArgIndex":0},{"Method":"0M:[p:void] [System.IO.TextWriter, mscorlib, 4.0.0.0].WriteLine([p:string] format, [p:object] arg0, [p:object] arg1)","ArgIndex":0},{"Method":"0M:static [p:int] [System.Math, mscorlib, 4.0.0.0].Max([p:int] val1, [p:int] val2)","ArgIndex":1},{"Method":"0M:static [p:string] [OxyPlot.Reporting.WikiReportWriter, OxyPlot_NET40].GetCellText([p:int] cellIndex, [p:int] columns, [p:string] content, [p:bool] isHeader)","ArgIndex":0},{"Method":"0M:static [p:string] [OxyPlot.Reporting.WikiReportWriter, OxyPlot_NET40].GetCellText([p:int] cellIndex, [p:int] columns, [p:string] content, [p:bool] isHeader)","ArgIndex":1},{"Method":"0M:static [p:string] [OxyPlot.Reporting.WikiReportWriter, OxyPlot_NET40].PadString([p:string] text, [e:OxyPlot.Reporting.Alignment, OxyPlot_NET40] alignment, [p:int] width)","ArgIndex":2}]}