{"Type":"0T:p:int","ClassCtx":"0T:OxyPlot.Reporting.StringExtensions, OxyPlot_NET40","MethodCtx":"0M:static [p:string[]] [OxyPlot.Reporting.StringExtensions, OxyPlot_NET40].SplitLines(this [p:string] s, opt [p:int] lineLength)","Definition":{"Type":"UNKNOWN"},"CallParameters":[{"Method":"0M:[p:string] [p:string].Substring([p:int] startIndex, [p:int] length)","ArgIndex":0},{"Method":"0M:[p:string] [p:string].Substring([p:int] startIndex, [p:int] length)","ArgIndex":1},{"Method":"0M:static [p:int] [OxyPlot.Reporting.StringExtensions, OxyPlot_NET40].FindLineLength([p:string] text, [p:int] i, [p:int] maxLineLength)","ArgIndex":1},{"Method":"0M:static [p:int] [OxyPlot.Reporting.StringExtensions, OxyPlot_NET40].FindLineLength([p:string] text, [p:int] i, [p:int] maxLineLength)","ArgIndex":2},{"Method":"0M:[p:string] [p:string].Substring([p:int] startIndex)","ArgIndex":0}]}