{"Type":"0T:p:int","ClassCtx":"0T:OxyPlot.ElementCollection`1[[T]], OxyPlot_NET40","MethodCtx":"0M:[p:void] [i:System.Collections.Generic.ICollection`1[[T]], mscorlib, 4.0.0.0].CopyTo([T[]] array, [p:int] arrayIndex)","Definition":{"Type":"METHOD_PARAMETER","Member":"0M:[p:void] [OxyPlot.ElementCollection`1[[T]], OxyPlot_NET40].CopyTo([T[]] array, [p:int] arrayIndex)","ArgIndex":1},"CallParameters":[{"Method":"0M:[p:void] [System.Collections.Generic.List`1[[T]], mscorlib, 4.0.0.0].CopyTo([T[]] array, [p:int] arrayIndex)","ArgIndex":1}]}