{"Type":"0T:p:int","ClassCtx":"0T:OxyPlot.Series.BarSeriesBase, OxyPlot_NET40","MethodCtx":"0M:[OxyPlot.TrackerHitResult, OxyPlot_NET40] [OxyPlot.Series.Series, OxyPlot_NET40].GetNearestPoint([s:OxyPlot.ScreenPoint, OxyPlot_NET40] point, [p:bool] interpolate)","Definition":{"Type":"UNKNOWN"},"CallParameters":[{"Method":"0M:[p:int] [OxyPlot.Series.CategorizedItem, OxyPlot_NET40].GetCategoryIndex([p:int] defaultIndex)","ArgIndex":0},{"Method":"0M:[p:void] [s:OxyPlot.DataPoint, OxyPlot_NET40]..ctor([p:double] x, [p:double] y)","ArgIndex":0},{"Method":"0M:[p:object] [OxyPlot.Series.ItemsSeries, OxyPlot_NET40].GetItem([p:int] i)","ArgIndex":0},{"Method":"0M:[p:string] [OxyPlot.Series.BarSeriesBase, OxyPlot_NET40].GetTrackerText([OxyPlot.Series.BarItemBase, OxyPlot_NET40] barItem, [p:object] item, [p:int] categoryIndex)","ArgIndex":2}]}