{"Type":"0T:p:int","ClassCtx":"0T:OxyPlot.Series.BarSeriesBase, OxyPlot_NET40","MethodCtx":"0M:[p:void] [OxyPlot.Series.Series, OxyPlot_NET40].Render([i:OxyPlot.IRenderContext, OxyPlot_NET40] rc)","Definition":{"Type":"RETURN_VALUE","Member":"0M:[p:int] [OxyPlot.Series.CategorizedItem, OxyPlot_NET40].GetCategoryIndex([p:int] defaultIndex)"},"CallParameters":[{"Method":"0M:[p:double] [OxyPlot.Axes.CategoryAxis, OxyPlot_NET40].GetCurrentBarOffset([p:int] categoryIndex)","ArgIndex":0},{"Method":"0M:[p:void] [OxyPlot.Axes.CategoryAxis, OxyPlot_NET40].IncreaseCurrentBarOffset([p:int] categoryIndex, [p:double] delta)","ArgIndex":0},{"Method":"0M:[p:double] [OxyPlot.Axes.CategoryAxis, OxyPlot_NET40].GetCurrentBaseValue([p:int] stackIndex, [p:int] categoryIndex, [p:bool] negativeValue)","ArgIndex":0},{"Method":"0M:[p:int] [OxyPlot.Series.CategorizedItem, OxyPlot_NET40].GetCategoryIndex([p:int] defaultIndex)","ArgIndex":0},{"Method":"0M:[p:double] [OxyPlot.Axes.CategoryAxis, OxyPlot_NET40].GetCurrentBaseValue([p:int] stackIndex, [p:int] categoryIndex, [p:bool] negativeValue)","ArgIndex":1},{"Method":"0M:[p:void] [OxyPlot.Axes.CategoryAxis, OxyPlot_NET40].SetCurrentBaseValue([p:int] stackIndex, [p:int] categoryIndex, [p:bool] negativeValue, [p:double] newValue)","ArgIndex":0},{"Method":"0M:[p:void] [OxyPlot.Series.BarSeriesBase, OxyPlot_NET40].RenderLabel([i:OxyPlot.IRenderContext, OxyPlot_NET40] rc, [s:OxyPlot.OxyRect, OxyPlot_NET40] clippingRect, [s:OxyPlot.OxyRect, OxyPlot_NET40] rect, [p:double] value, [p:int] index)","ArgIndex":4},{"Method":"0M:[p:void] [OxyPlot.Axes.CategoryAxis, OxyPlot_NET40].SetCurrentBaseValue([p:int] stackIndex, [p:int] categoryIndex, [p:bool] negativeValue, [p:double] newValue)","ArgIndex":1},{"Method":"0M:[p:double] [OxyPlot.Axes.CategoryAxis, OxyPlot_NET40].GetCategoryValue([p:int] categoryIndex, [p:int] stackIndex, [p:double] actualBarWidth)","ArgIndex":0},{"Method":"0M:[p:double] [OxyPlot.Axes.CategoryAxis, OxyPlot_NET40].GetCategoryValue([p:int] categoryIndex, [p:int] stackIndex, [p:double] actualBarWidth)","ArgIndex":1}]}