{"Type":"0T:p:int","ClassCtx":"0T:OxyPlot.Series.BarSeriesBase, OxyPlot_NET40","MethodCtx":"0M:[p:void] [OxyPlot.Series.Series, OxyPlot_NET40].UpdateMaxMin()","Definition":{"Type":"RETURN_VALUE","Member":"0M:[p:int] [OxyPlot.Axes.CategoryAxis, OxyPlot_NET40].GetStackIndex([p:string] stackGroup)"},"CallParameters":[{"Method":"0M:[p:void] [OxyPlot.Axes.CategoryAxis, OxyPlot_NET40].SetCurrentMaxValue([p:int] stackIndex, [p:int] categoryIndex, [p:double] newValue)","ArgIndex":1},{"Method":"0M:[p:void] [OxyPlot.Axes.CategoryAxis, OxyPlot_NET40].SetCurrentMinValue([p:int] stackIndex, [p:int] categoryIndex, [p:double] newValue)","ArgIndex":0},{"Method":"0M:[p:void] [OxyPlot.Axes.CategoryAxis, OxyPlot_NET40].SetCurrentMinValue([p:int] stackIndex, [p:int] categoryIndex, [p:double] newValue)","ArgIndex":1},{"Method":"0M:[p:double] [OxyPlot.Axes.CategoryAxis, OxyPlot_NET40].GetCurrentMaxValue([p:int] stackIndex, [p:int] categoryIndex)","ArgIndex":0},{"Method":"0M:[p:double] [OxyPlot.Axes.CategoryAxis, OxyPlot_NET40].GetCurrentMaxValue([p:int] stackIndex, [p:int] categoryIndex)","ArgIndex":1},{"Method":"0M:[p:double] [OxyPlot.Axes.CategoryAxis, OxyPlot_NET40].GetCurrentMinValue([p:int] stackIndex, [p:int] categoryIndex)","ArgIndex":1},{"Method":"0M:[p:double] [OxyPlot.Axes.CategoryAxis, OxyPlot_NET40].GetCurrentMinValue([p:int] stackIndex, [p:int] categoryIndex)","ArgIndex":0},{"Method":"0M:[p:void] [OxyPlot.Axes.CategoryAxis, OxyPlot_NET40].SetCurrentMaxValue([p:int] stackIndex, [p:int] categoryIndex, [p:double] newValue)","ArgIndex":0}]}