{"Type":"0T:p:int","ClassCtx":"0T:OxyPlot.Series.BarSeriesBase, OxyPlot_NET40","MethodCtx":"0M:[p:void] [OxyPlot.Series.Series, OxyPlot_NET40].UpdateValidData()","Definition":{"Type":"UNKNOWN"},"CallParameters":[{"Method":"0M:[p:void] [System.Collections.Generic.Dictionary`2[[TKey],[TValue]], mscorlib, 4.0.0.0].Add([TKey] key, [TValue] value)","ArgIndex":0},{"Method":"0M:[p:int] [OxyPlot.Series.CategorizedItem, OxyPlot_NET40].GetCategoryIndex([p:int] defaultIndex)","ArgIndex":0},{"Method":"0M:[p:void] [System.Collections.Generic.Dictionary`2[[TKey],[TValue]], mscorlib, 4.0.0.0].Add([TKey] key, [TValue] value)","ArgIndex":1}]}