{"Type":"0T:p:int","ClassCtx":"0T:OxyPlot.Series.BarSeriesBase, OxyPlot_NET40","MethodCtx":"0M:[p:string] [OxyPlot.Series.BarSeriesBase, OxyPlot_NET40].GetTrackerText([OxyPlot.Series.BarItemBase, OxyPlot_NET40] barItem, [p:object] item, [p:int] categoryIndex)","Definition":{"Type":"METHOD_PARAMETER","Member":"0M:[p:string] [OxyPlot.Series.BarSeriesBase, OxyPlot_NET40].GetTrackerText([OxyPlot.Series.BarItemBase, OxyPlot_NET40] barItem, [p:object] item, [p:int] categoryIndex)","ArgIndex":2},"CallParameters":[{"Method":"0M:[p:string] [OxyPlot.Axes.Axis, OxyPlot_NET40].FormatValue([p:double] x)","ArgIndex":0}]}