{"Type":"0T:p:int","ClassCtx":"0T:OxyPlot.Series.BarSeriesBase, OxyPlot_NET40","MethodCtx":"0M:[p:void] [OxyPlot.Series.BarSeriesBase, OxyPlot_NET40].RenderLabel([i:OxyPlot.IRenderContext, OxyPlot_NET40] rc, [s:OxyPlot.OxyRect, OxyPlot_NET40] clippingRect, [s:OxyPlot.OxyRect, OxyPlot_NET40] rect, [p:double] value, [p:int] index)","Definition":{"Type":"METHOD_PARAMETER","Member":"0M:[p:void] [OxyPlot.Series.BarSeriesBase, OxyPlot_NET40].RenderLabel([i:OxyPlot.IRenderContext, OxyPlot_NET40] rc, [s:OxyPlot.OxyRect, OxyPlot_NET40] clippingRect, [s:OxyPlot.OxyRect, OxyPlot_NET40] rect, [p:double] value, [p:int] index)","ArgIndex":4}}