{"Type":"0T:p:int","ClassCtx":"0T:OxyPlot.Series.IntervalBarSeries, OxyPlot_NET40","MethodCtx":"0M:[p:void] [OxyPlot.Series.Series, OxyPlot_NET40].Render([i:OxyPlot.IRenderContext, OxyPlot_NET40] rc)","Definition":{"Type":"RETURN_VALUE","Member":"0M:[p:int] [OxyPlot.Series.CategorizedItem, OxyPlot_NET40].GetCategoryIndex([p:int] defaultIndex)"},"CallParameters":[{"Method":"0M:[p:int] [OxyPlot.Series.CategorizedItem, OxyPlot_NET40].GetCategoryIndex([p:int] defaultIndex)","ArgIndex":0},{"Method":"0M:[p:object] [OxyPlot.Series.ItemsSeries, OxyPlot_NET40].GetItem([p:int] i)","ArgIndex":0},{"Method":"0M:[p:double] [OxyPlot.Axes.CategoryAxis, OxyPlot_NET40].GetCategoryValue([p:int] categoryIndex, [p:int] stackIndex, [p:double] actualBarWidth)","ArgIndex":0},{"Method":"0M:[p:double] [OxyPlot.Axes.CategoryAxis, OxyPlot_NET40].GetCategoryValue([p:int] categoryIndex, [p:int] stackIndex, [p:double] actualBarWidth)","ArgIndex":1}]}