{"Type":"0T:p:int","ClassCtx":"0T:OxyPlot.Series.TornadoBarSeries, OxyPlot_NET40","MethodCtx":"0M:[OxyPlot.TrackerHitResult, OxyPlot_NET40] [OxyPlot.Series.Series, OxyPlot_NET40].GetNearestPoint([s:OxyPlot.ScreenPoint, OxyPlot_NET40] point, [p:bool] interpolate)","Definition":{"Type":"RETURN_VALUE","Member":"0M:[p:int] [OxyPlot.Series.CategorizedItem, OxyPlot_NET40].GetCategoryIndex([p:int] defaultIndex)"},"CallParameters":[{"Method":"0M:[p:int] [OxyPlot.Series.CategorizedItem, OxyPlot_NET40].GetCategoryIndex([p:int] defaultIndex)","ArgIndex":0},{"Method":"0M:[p:void] [s:OxyPlot.DataPoint, OxyPlot_NET40]..ctor([p:double] x, [p:double] y)","ArgIndex":0},{"Method":"0M:[p:string] [OxyPlot.Axes.Axis, OxyPlot_NET40].FormatValue([p:double] x)","ArgIndex":0},{"Method":"0M:[p:object] [OxyPlot.Series.ItemsSeries, OxyPlot_NET40].GetItem([p:int] i)","ArgIndex":0}]}