{"Type":"0T:p:int","ClassCtx":"0T:OxyPlot.Series.ScatterErrorSeries, OxyPlot_NET40","MethodCtx":"0M:[p:void] [OxyPlot.Series.ScatterErrorSeries, OxyPlot_NET40].SelectAll([d:[TResult] [System.Func`2[[T],[TResult]], mscorlib, 4.0.0.0].([T] arg)] func)","Definition":{"Type":"RETURN_VALUE","Member":"0M:[p:int] [System.Collections.Generic.List`1[[T]], mscorlib, 4.0.0.0].IndexOf([T] item)"},"CallParameters":[{"Method":"0M:[p:void] [OxyPlot.SelectableElement, OxyPlot_NET40].SelectItem([p:int] index)","ArgIndex":0}]}