{"Type":"0T:p:int","ClassCtx":"0T:OxyPlot.ControllerExtensions, OxyPlot_NET40","MethodCtx":"0M:static [p:void] [OxyPlot.ControllerExtensions, OxyPlot_NET40].BindMouseDown(this [i:OxyPlot.IController, OxyPlot_NET40] controller, [e:OxyPlot.OxyMouseButton, OxyPlot_NET40] mouseButton, [e:OxyPlot.OxyModifierKeys, OxyPlot_NET40] modifiers, [p:int] clickCount, [i:OxyPlot.IViewCommand`1[[T]], OxyPlot_NET40] command)","Definition":{"Type":"METHOD_PARAMETER","Member":"0M:static [p:void] [OxyPlot.ControllerExtensions, OxyPlot_NET40].BindMouseDown(this [i:OxyPlot.IController, OxyPlot_NET40] controller, [e:OxyPlot.OxyMouseButton, OxyPlot_NET40] mouseButton, [e:OxyPlot.OxyModifierKeys, OxyPlot_NET40] modifiers, [p:int] clickCount, [i:OxyPlot.IViewCommand`1[[T]], OxyPlot_NET40] command)","ArgIndex":3},"CallParameters":[{"Method":"0M:[p:void] [OxyPlot.OxyMouseDownGesture, OxyPlot_NET40]..ctor([e:OxyPlot.OxyMouseButton, OxyPlot_NET40] mouseButton, opt [e:OxyPlot.OxyModifierKeys, OxyPlot_NET40] modifiers, opt [p:int] clickCount)","ArgIndex":2}]}