{"Type":"0T:p:int","ClassCtx":"0T:OxyPlot.Series.ScatterSeries`1[[T]], OxyPlot_NET40","MethodCtx":"0M:[p:void] [OxyPlot.Series.Series, OxyPlot_NET40].Render([i:OxyPlot.IRenderContext, OxyPlot_NET40] rc)","Definition":{"Type":"RETURN_VALUE","Member":"0M:[p:int] [i:OxyPlot.Axes.IColorAxis, OxyPlot_NET40].GetPaletteIndex([p:double] value)"},"CallParameters":[{"Method":"0M:[p:bool] [System.Collections.Generic.Dictionary`2[[TKey],[TValue]], mscorlib, 4.0.0.0].ContainsKey([TKey] key)","ArgIndex":0},{"Method":"0M:[p:void] [System.Collections.Generic.Dictionary`2[[TKey],[TValue]], mscorlib, 4.0.0.0].Add([TKey] key, [TValue] value)","ArgIndex":0},{"Method":"0M:[p:bool] [OxyPlot.SelectableElement, OxyPlot_NET40].IsItemSelected([p:int] index)","ArgIndex":0},{"Method":"0M:static [p:void] [OxyPlot.RenderingExtensions, OxyPlot_NET40].DrawMarkers(this [i:OxyPlot.IRenderContext, OxyPlot_NET40] rc, [s:OxyPlot.OxyRect, OxyPlot_NET40] clippingRectangle, [i:System.Collections.Generic.IList`1[[T]], mscorlib, 4.0.0.0] markerPoints, [e:OxyPlot.MarkerType, OxyPlot_NET40] markerType, [i:System.Collections.Generic.IList`1[[T]], mscorlib, 4.0.0.0] markerOutline, [i:System.Collections.Generic.IList`1[[T]], mscorlib, 4.0.0.0] markerSize, [s:OxyPlot.OxyColor, OxyPlot_NET40] markerFill, [s:OxyPlot.OxyColor, OxyPlot_NET40] markerStroke, [p:double] markerStrokeThickness, opt [p:int] resolution, opt [s:OxyPlot.ScreenPoint, OxyPlot_NET40] binOffset)","ArgIndex":9},{"Method":"0M:[p:void] [System.Collections.Generic.List`1[[T]], mscorlib, 4.0.0.0]..ctor([p:int] capacity)","ArgIndex":0}]}