{"Type":"0T:p:int","ClassCtx":"0T:OxyPlot.SelectableElement, OxyPlot_NET40","MethodCtx":"0M:[s:OxyPlot.OxyColor, OxyPlot_NET40] [OxyPlot.SelectableElement, OxyPlot_NET40].GetSelectableColor([s:OxyPlot.OxyColor, OxyPlot_NET40] originalColor, opt [p:int] index)","Definition":{"Type":"METHOD_PARAMETER","Member":"0M:[s:OxyPlot.OxyColor, OxyPlot_NET40] [OxyPlot.SelectableElement, OxyPlot_NET40].GetSelectableColor([s:OxyPlot.OxyColor, OxyPlot_NET40] originalColor, opt [p:int] index)","ArgIndex":1},"CallParameters":[{"Method":"0M:[p:bool] [OxyPlot.SelectableElement, OxyPlot_NET40].IsItemSelected([p:int] index)","ArgIndex":0}]}