{"Type":"0T:p:int","ClassCtx":"0T:OxyPlot.PlotModel, OxyPlot_NET40","MethodCtx":"0M:[p:void] [OxyPlot.PlotModel, OxyPlot_NET40].RenderOverride([i:OxyPlot.IRenderContext, OxyPlot_NET40] rc, [p:double] width, [p:double] height)","Definition":{"Type":"UNKNOWN"},"CallParameters":[{"Method":"0M:[p:void] [s:OxyPlot.OxyThickness, OxyPlot_NET40]..ctor([p:double] left, [p:double] top, [p:double] right, [p:double] bottom)","ArgIndex":3},{"Method":"0M:[p:void] [s:OxyPlot.OxyThickness, OxyPlot_NET40]..ctor([p:double] left, [p:double] top, [p:double] right, [p:double] bottom)","ArgIndex":0},{"Method":"0M:[p:void] [s:OxyPlot.OxyThickness, OxyPlot_NET40]..ctor([p:double] left, [p:double] top, [p:double] right, [p:double] bottom)","ArgIndex":1},{"Method":"0M:[p:void] [s:OxyPlot.OxyThickness, OxyPlot_NET40]..ctor([p:double] left, [p:double] top, [p:double] right, [p:double] bottom)","ArgIndex":2}]}