{"Type":"0T:ICSharpCode.SharpZipLib.Zip.ZipInputStream, ICSharpCode.SharpZipLib, 0.86.0.518","ClassCtx":"0T:Cocos2D.CCParticleSystem, Cocos2d.WinRT","MethodCtx":"0M:static [?[]] [Cocos2D.CCParticleSystem, Cocos2d.WinRT].Inflate([?[]] dataBytes)","Definition":{"Type":"NEW","Member":"0M:[?] [ICSharpCode.SharpZipLib.Zip.ZipInputStream, ICSharpCode.SharpZipLib, 0.86.0.518]..ctor([?] baseInputStream)"},"MemberAccesses":[{"Type":"MEMBER_REFERENCE","Member":"0P:get [?] [ICSharpCode.SharpZipLib.Zip.ZipInputStream, ICSharpCode.SharpZipLib, 0.86.0.518].CanDecompressEntry()"}]}