{"Type":"0T:System.TimeZoneInfo, mscorlib, 4.0.0.0","ClassCtx":"0T:OxyPlot.Axes.DateTimeAxis, OxyPlot_NET40","MethodCtx":"0M:[p:void] [OxyPlot.Axes.Axis, OxyPlot_NET40].GetTickValues(out [i:System.Collections.Generic.IList`1[[T]], mscorlib, 4.0.0.0] majorLabelValues, out [i:System.Collections.Generic.IList`1[[T]], mscorlib, 4.0.0.0] majorTickValues, out [i:System.Collections.Generic.IList`1[[T]], mscorlib, 4.0.0.0] minorTickValues)","Definition":{"Type":"MEMBER_ACCESS","Member":"0P:set get [System.TimeZoneInfo, mscorlib, 4.0.0.0] [OxyPlot.Axes.DateTimeAxis, OxyPlot_NET40].TimeZone()"}}