{"Type":"0T:System.TimeZoneInfo, mscorlib, 4.0.0.0","ClassCtx":"0T:OxyPlot.Axes.DateTimeAxis, OxyPlot_NET40","MethodCtx":"0M:[i:System.Collections.Generic.IList`1[[T]], mscorlib, 4.0.0.0] [OxyPlot.Axes.DateTimeAxis, OxyPlot_NET40].CreateDateTimeTickValues([p:double] min, [p:double] max, [p:double] interval, [e:OxyPlot.Axes.DateTimeIntervalType, OxyPlot_NET40] intervalType)","Definition":{"Type":"MEMBER_ACCESS","Member":"0P:set get [System.TimeZoneInfo, mscorlib, 4.0.0.0] [OxyPlot.Axes.DateTimeAxis, OxyPlot_NET40].TimeZone()"}}