{"Type":"0T:System.Collections.Generic.HashSet`1[[T]], System.Core, 4.0.0.0","ClassCtx":"0T:Apress.Recipes.WebApi.Areas.HelpPage.HelpPageSampleKey, Apress.Recipes.WebApi","MethodCtx":"0M:[p:void] [Apress.Recipes.WebApi.Areas.HelpPage.HelpPageSampleKey, Apress.Recipes.WebApi]..ctor([System.Net.Http.Headers.MediaTypeHeaderValue, System.Net.Http, 4.0.0.0] mediaType)","Definition":{"Type":"NEW","Member":"0M:[p:void] [System.Collections.Generic.HashSet`1[[T]], System.Core, 4.0.0.0]..ctor([i:System.Collections.Generic.IEqualityComparer`1[[T]], mscorlib, 4.0.0.0] comparer)"}}