{"Type":"0T:System.Collections.Generic.HashSet`1[[T]], System.Core, 4.0.0.0","ClassCtx":"0T:Apress.Recipes.WebApi.Areas.HelpPage.HelpPageSampleKey, Apress.Recipes.WebApi","MethodCtx":"0M:[p:void] [Apress.Recipes.WebApi.Areas.HelpPage.HelpPageSampleKey, Apress.Recipes.WebApi]..ctor([System.Net.Http.Headers.MediaTypeHeaderValue, System.Net.Http, 4.0.0.0] mediaType, [System.Type, mscorlib, 4.0.0.0] type)","Definition":{"Type":"MEMBER_ACCESS","Member":"0P:set get [System.Collections.Generic.HashSet`1[[T]], System.Core, 4.0.0.0] [Apress.Recipes.WebApi.Areas.HelpPage.HelpPageSampleKey, Apress.Recipes.WebApi].ParameterNames()"}}