{"Type":"0T:System.Collections.Generic.HashSet`1[[T]], System.Core, 4.0.0.0","ClassCtx":"0T:Apress.Recipes.WebApi.Areas.HelpPage.HelpPageSampleKey, Apress.Recipes.WebApi","MethodCtx":"0M:[p:bool] [p:object].Equals([p:object] obj)","Definition":{"Type":"MEMBER_ACCESS","Member":"0P:set get [System.Collections.Generic.HashSet`1[[T]], System.Core, 4.0.0.0] [Apress.Recipes.WebApi.Areas.HelpPage.HelpPageSampleKey, Apress.Recipes.WebApi].ParameterNames()"},"CallParameters":[{"Method":"0M:[p:bool] [System.Collections.Generic.HashSet`1[[T]], System.Core, 4.0.0.0].SetEquals([i:System.Collections.Generic.IEnumerable`1[[T]], mscorlib, 4.0.0.0] other)","ArgIndex":0}],"MemberAccesses":[{"Type":"METHOD_CALL","Member":"0M:[p:bool] [System.Collections.Generic.HashSet`1[[T]], System.Core, 4.0.0.0].SetEquals([i:System.Collections.Generic.IEnumerable`1[[T]], mscorlib, 4.0.0.0] other)"}]}