{"Type":"0T:System.Collections.Generic.HashSet`1[[T]], System.Core, 4.0.0.0","ClassCtx":"0T:Apress.Recipes.WebApi.Areas.HelpPage.HelpPageSampleKey, Apress.Recipes.WebApi","MethodCtx":"0M:[p:void] [Apress.Recipes.WebApi.Areas.HelpPage.HelpPageSampleKey, Apress.Recipes.WebApi].ParameterNames__set__([System.Collections.Generic.HashSet`1[[T]], System.Core, 4.0.0.0] value)","Definition":{"Type":"METHOD_PARAMETER","Member":"0M:[p:void] [Apress.Recipes.WebApi.Areas.HelpPage.HelpPageSampleKey, Apress.Recipes.WebApi].ParameterNames__set__([System.Collections.Generic.HashSet`1[[T]], System.Core, 4.0.0.0] value)","ArgIndex":0}}