{"Type":"0T:System.Text.Encoding, mscorlib, 4.0.0.0","ClassCtx":"0T:StockSharp.Anywhere.WriteHelpers, Anywhere","MethodCtx":"0M:static [p:void] [StockSharp.Anywhere.WriteHelpers, Anywhere].MemoryToFile([p:string] line, [p:string] filePath)","Definition":{"Type":"MEMBER_ACCESS","Member":"0P:get static [System.Text.Encoding, mscorlib, 4.0.0.0] [System.Text.Encoding, mscorlib, 4.0.0.0].UTF8()"},"MemberAccesses":[{"Type":"METHOD_CALL","Member":"0M:[p:byte[]] [System.Text.Encoding, mscorlib, 4.0.0.0].GetBytes([p:string] s)"}]}