{"Type":"0T:System.Net.WebClient, System, 4.0.0.0","ClassCtx":"0T:MSHelpSystem.Controls.TocEntry, HelpViewer","MethodCtx":"0M:[i:System.Collections.IEnumerable, mscorlib, 4.0.0.0] [MSHelpSystem.Controls.TocEntry, HelpViewer].Children__get__()","Definition":{"Type":"MEMBER_ACCESS","Member":"0F:[System.Net.WebClient, System, 4.0.0.0] [MSHelpSystem.Controls.TocEntry, HelpViewer].client"},"MemberAccesses":[{"Type":"MEMBER_REFERENCE","Member":"0P:get [p:bool] [System.Net.WebClient, System, 4.0.0.0].IsBusy()"},{"Type":"METHOD_CALL","Member":"0M:[p:void] [System.Net.WebClient, System, 4.0.0.0].DownloadStringAsync([System.Uri, System, 4.0.0.0] address)"}]}