{"Type":"0T:System.Net.WebClient, System, 4.0.0.0","ClassCtx":"0T:MSHelpSystem.Controls.TocEntry, HelpViewer","MethodCtx":"0M:[p:void] [d:[p:void] [System.Action`2[[T1],[T2]], mscorlib, 4.0.0.0].([T1] arg1, [T2] arg2)].Invoke([T1] arg1, [T2] arg2)","Definition":{"Type":"MEMBER_ACCESS","Member":"0F:[System.Net.WebClient, System, 4.0.0.0] [MSHelpSystem.Controls.TocEntry, HelpViewer].client"},"MemberAccesses":[{"Type":"METHOD_CALL","Member":"0M:[p:void] [System.ComponentModel.Component, System, 4.0.0.0].Dispose()"}]}