{"Type":"0T:System.Web.Http.HttpRouteCollection, System.Web.Http, 5.1.0.0","ClassCtx":"0T:Apress.Recipes.WebApi.WebApiConfig, Apress.Recipes.WebApi","MethodCtx":"0M:static [p:void] [Apress.Recipes.WebApi.WebApiConfig, Apress.Recipes.WebApi].Register([System.Web.Http.HttpConfiguration, System.Web.Http, 5.1.0.0] config)","Definition":{"Type":"MEMBER_ACCESS","Member":"0P:get [System.Web.Http.HttpRouteCollection, System.Web.Http, 5.1.0.0] [System.Web.Http.HttpConfiguration, System.Web.Http, 5.1.0.0].Routes()"},"CallParameters":[{"Method":"0M:static [i:System.Web.Http.Routing.IHttpRoute, System.Web.Http, 5.1.0.0] [System.Web.Http.HttpRouteCollectionExtensions, System.Web.Http, 5.1.0.0].MapHttpRoute(this [System.Web.Http.HttpRouteCollection, System.Web.Http, 5.1.0.0] routes, [p:string] name, [p:string] routeTemplate, [p:object] defaults)","ArgIndex":0}]}