{"Type":"0T:p:char","ClassCtx":"0T:StockSharp.Anywhere.InputTranParser, Anywhere","MethodCtx":"0M:[p:void] [StockSharp.Anywhere.InputTranParser, Anywhere].OnFileChanged([p:object] source, [System.IO.FileSystemEventArgs, System, 4.0.0.0] e)","Definition":{"Type":"MEMBER_ACCESS","Member":"0F:static [p:char] [StockSharp.Anywhere.InputTranParser, Anywhere]._endOfLine"},"CallParameters":[{"Method":"0M:static [p:bool] [System.Linq.Enumerable, System.Core, 4.0.0.0].Contains`1[[TSource]](this [i:System.Collections.Generic.IEnumerable`1[[T]], mscorlib, 4.0.0.0] source, [TSource] value)","ArgIndex":1},{"Method":"0M:[p:string[]] [p:string].Split(params [p:char[]] separator)","ArgIndex":0}]}