{"Type":"0T:System.Web.Http.Controllers.HttpActionDescriptor, System.Web.Http, 5.1.0.0","ClassCtx":"0T:Apress.Recipes.WebApi.Areas.HelpPage.XmlDocumentationProvider, Apress.Recipes.WebApi","MethodCtx":"0M:[p:string] [i:System.Web.Http.Description.IDocumentationProvider, System.Web.Http, 5.1.0.0].GetDocumentation([System.Web.Http.Controllers.HttpActionDescriptor, System.Web.Http, 5.1.0.0] actionDescriptor)","Definition":{"Type":"METHOD_PARAMETER","Member":"0M:[p:string] [Apress.Recipes.WebApi.Areas.HelpPage.XmlDocumentationProvider, Apress.Recipes.WebApi].GetDocumentation([System.Web.Http.Controllers.HttpActionDescriptor, System.Web.Http, 5.1.0.0] actionDescriptor)","ArgIndex":0},"CallParameters":[{"Method":"0M:[System.Xml.XPath.XPathNavigator, System.Xml, 4.0.0.0] [Apress.Recipes.WebApi.Areas.HelpPage.XmlDocumentationProvider, Apress.Recipes.WebApi].GetMethodNode([System.Web.Http.Controllers.HttpActionDescriptor, System.Web.Http, 5.1.0.0] actionDescriptor)","ArgIndex":0}]}