{"Type":"0T:System.Reflection.PropertyInfo, mscorlib, 4.0.0.0","ClassCtx":"0T:Apress.Recipes.WebApi.Areas.HelpPage.ObjectGenerator, Apress.Recipes.WebApi","MethodCtx":"0M:static [p:void] [Apress.Recipes.WebApi.Areas.HelpPage.ObjectGenerator, Apress.Recipes.WebApi].SetPublicProperties([System.Type, mscorlib, 4.0.0.0] type, [p:object] obj, [System.Collections.Generic.Dictionary`2[[TKey],[TValue]], mscorlib, 4.0.0.0] createdObjectReferences)","Definition":{"Type":"UNKNOWN"},"MemberAccesses":[{"Type":"MEMBER_REFERENCE","Member":"0P:get [p:bool] [System.Reflection.PropertyInfo, mscorlib, 4.0.0.0].CanWrite()"},{"Type":"METHOD_CALL","Member":"0M:[p:void] [System.Reflection.PropertyInfo, mscorlib, 4.0.0.0].SetValue([p:object] obj, [p:object] value, [p:object[]] index)"}]}