{"Type":"0T:SharpDX.Direct2D1.WicRenderTarget, SharpDX.Direct2D1, 2.6.3.0","ClassCtx":"0T:Cocos2D.CCLabel, Cocos2d.WinRT","MethodCtx":"0M:[?] [Cocos2D.CCLabel, Cocos2d.WinRT].GetBitmapData([?] s, out [?] stride)","Definition":{"Type":"MEMBER_ACCESS","Member":"0F:[SharpDX.Direct2D1.WicRenderTarget, SharpDX.Direct2D1, 2.6.3.0] [Cocos2D.CCLabel, Cocos2d.WinRT]._renderTarget"},"MemberAccesses":[{"Type":"METHOD_CALL","Member":"0M:[p:void] [SharpDX.Direct2D1.RenderTarget, SharpDX.Direct2D1, 2.6.3.0].BeginDraw()"},{"Type":"METHOD_CALL","Member":"0M:[p:void] [SharpDX.Direct2D1.RenderTarget, SharpDX.Direct2D1, 2.6.3.0].Clear([?] clearColor)"},{"Type":"METHOD_CALL","Member":"0M:[p:void] [SharpDX.Direct2D1.RenderTarget, SharpDX.Direct2D1, 2.6.3.0].DrawText([p:string] text, [SharpDX.DirectWrite.TextFormat, SharpDX.Direct2D1, 2.6.3.0] textFormat, [s:SharpDX.RectangleF, SharpDX, 2.6.3.0] layoutRect, [SharpDX.Direct2D1.Brush, SharpDX.Direct2D1, 2.6.3.0] defaultForegroundBrush)"},{"Type":"METHOD_CALL","Member":"0M:[p:void] [SharpDX.Direct2D1.RenderTarget, SharpDX.Direct2D1, 2.6.3.0].EndDraw()"}]}