{"Type":"0T:SharpDX.Direct2D1.WicRenderTarget, SharpDX.Direct2D1, 2.6.3.0","ClassCtx":"0T:Cocos2D.CCLabel, Cocos2d.WinRT","MethodCtx":"0M:[?] [Cocos2D.CCLabel, Cocos2d.WinRT].SaveToFile([?] fileName)","Definition":{"Type":"MEMBER_ACCESS","Member":"0F:[SharpDX.Direct2D1.WicRenderTarget, SharpDX.Direct2D1, 2.6.3.0] [Cocos2D.CCLabel, Cocos2d.WinRT]._renderTarget"},"MemberAccesses":[{"Type":"MEMBER_REFERENCE","Member":"0P:get [s:SharpDX.Size2F, SharpDX, 2.6.3.0] [SharpDX.Direct2D1.RenderTarget, SharpDX.Direct2D1, 2.6.3.0].Size()"},{"Type":"MEMBER_REFERENCE","Member":"0P:get [s:SharpDX.Size2F, SharpDX, 2.6.3.0] [SharpDX.Direct2D1.RenderTarget, SharpDX.Direct2D1, 2.6.3.0].Size()"}]}