{"Type":"0T:TSeries","ClassCtx":"0T:ExampleLibrary.BarAndColumnSeriesExamples`2[[TSeries],[TItem]], ExampleLibrary_NET40","MethodCtx":"0M:static [p:void] [ExampleLibrary.BarAndColumnSeriesExamples`2[[TSeries],[TItem]], ExampleLibrary_NET40].SetBarWidth([TSeries] series, [p:double] width)","Definition":{"Type":"METHOD_PARAMETER","Member":"0M:static [p:void] [ExampleLibrary.BarAndColumnSeriesExamples`2[[TSeries],[TItem]], ExampleLibrary_NET40].SetBarWidth([TSeries] series, [p:double] width)","ArgIndex":0}}