{"Type":"0T:TSeries","ClassCtx":"0T:ExampleLibrary.BarAndColumnSeriesExamples`2[[TSeries],[TItem]], ExampleLibrary_NET40","MethodCtx":"0M:static [OxyPlot.PlotModel, OxyPlot_NET40] [ExampleLibrary.BarAndColumnSeriesExamples`2[[TSeries],[TItem]], ExampleLibrary_NET40].MissingValues()","Definition":{"Type":"NEW","Member":"0M:[p:void] [ExampleLibrary.BarAndColumnSeriesExamples`2[[TSeries],[TItem]]+, ExampleLibrary_NET40]..ctor()"},"CallParameters":[{"Method":"0M:[p:void] [OxyPlot.ElementCollection`1[[T]], OxyPlot_NET40].Add([T] item)","ArgIndex":0}],"MemberAccesses":[{"Type":"MEMBER_REFERENCE","Member":"0P:set get [System.Collections.Generic.List`1[[T]], mscorlib, 4.0.0.0] [OxyPlot.Series.BarSeriesBase`1[[T]], OxyPlot_NET40].Items()"},{"Type":"MEMBER_REFERENCE","Member":"0P:set get [System.Collections.Generic.List`1[[T]], mscorlib, 4.0.0.0] [OxyPlot.Series.BarSeriesBase`1[[T]], OxyPlot_NET40].Items()"},{"Type":"MEMBER_REFERENCE","Member":"0P:set get [System.Collections.Generic.List`1[[T]], mscorlib, 4.0.0.0] [OxyPlot.Series.BarSeriesBase`1[[T]], OxyPlot_NET40].Items()"}]}