{"Type":"0T:T","ClassCtx":"0T:FarseerPhysics.Common.MarchingSquares+CxFastList`1[[T]], TestWin8Store","MethodCtx":"0M:[FarseerPhysics.Common.MarchingSquares+CxFastListNode`1[[T]], TestWin8Store] [FarseerPhysics.Common.MarchingSquares+CxFastList`1[[T]], TestWin8Store].Insert([FarseerPhysics.Common.MarchingSquares+CxFastListNode`1[[T]], TestWin8Store] node, [T] value)","Definition":{"Type":"METHOD_PARAMETER","Member":"0M:[FarseerPhysics.Common.MarchingSquares+CxFastListNode`1[[T]], TestWin8Store] [FarseerPhysics.Common.MarchingSquares+CxFastList`1[[T]], TestWin8Store].Insert([FarseerPhysics.Common.MarchingSquares+CxFastListNode`1[[T]], TestWin8Store] node, [T] value)","ArgIndex":1},"CallParameters":[{"Method":"0M:[?] [FarseerPhysics.Common.MarchingSquares+CxFastListNode`1[[T]], TestWin8Store]..ctor([T] obj)","ArgIndex":0},{"Method":"0M:[FarseerPhysics.Common.MarchingSquares+CxFastListNode`1[[T]], TestWin8Store] [FarseerPhysics.Common.MarchingSquares+CxFastList`1[[T]], TestWin8Store].Add([T] value)","ArgIndex":0}]}