{"Type":"0T:T","ClassCtx":"0T:FarseerPhysics.Common.MarchingSquares+CxFastList`1[[T]], TestWin8Store","MethodCtx":"0M:[?] [FarseerPhysics.Common.MarchingSquares+CxFastList`1[[T]], TestWin8Store].Has([T] value)","Definition":{"Type":"METHOD_PARAMETER","Member":"0M:[?] [FarseerPhysics.Common.MarchingSquares+CxFastList`1[[T]], TestWin8Store].Has([T] value)","ArgIndex":0},"CallParameters":[{"Method":"0M:[FarseerPhysics.Common.MarchingSquares+CxFastListNode`1[[T]], TestWin8Store] [FarseerPhysics.Common.MarchingSquares+CxFastList`1[[T]], TestWin8Store].Find([T] value)","ArgIndex":0}]}