{"Type":"0T:System.Xml.XPath.XPathNavigator, System.Xml, 4.0.0.0","ClassCtx":"0T:Apress.Recipes.WebApi.Areas.HelpPage.XmlDocumentationProvider, Apress.Recipes.WebApi","MethodCtx":"0M:static [p:string] [Apress.Recipes.WebApi.Areas.HelpPage.XmlDocumentationProvider, Apress.Recipes.WebApi].GetTypeName([System.Type, mscorlib, 4.0.0.0] type)","Definition":{"Type":"MEMBER_ACCESS","Member":"0F:[System.Xml.XPath.XPathNavigator, System.Xml, 4.0.0.0] [Apress.Recipes.WebApi.Areas.HelpPage.XmlDocumentationProvider, Apress.Recipes.WebApi]._documentNavigator"}}