{"Type":"0T:System.Xml.XPath.XPathNavigator, System.Xml, 4.0.0.0","ClassCtx":"0T:Apress.Recipes.WebApi.Areas.HelpPage.XmlDocumentationProvider, Apress.Recipes.WebApi","MethodCtx":"0M:[p:string] [i:System.Web.Http.Description.IDocumentationProvider, System.Web.Http, 5.1.0.0].GetDocumentation([System.Web.Http.Controllers.HttpParameterDescriptor, System.Web.Http, 5.1.0.0] parameterDescriptor)","Definition":{"Type":"RETURN_VALUE","Member":"0M:[System.Xml.XPath.XPathNavigator, System.Xml, 4.0.0.0] [System.Xml.XPath.XPathNavigator, System.Xml, 4.0.0.0].SelectSingleNode([p:string] xpath)"},"MemberAccesses":[{"Type":"METHOD_CALL","Member":"0M:[System.Xml.XPath.XPathNavigator, System.Xml, 4.0.0.0] [System.Xml.XPath.XPathNavigator, System.Xml, 4.0.0.0].SelectSingleNode([p:string] xpath)"},{"Type":"MEMBER_REFERENCE","Member":"0P:get [p:string] [System.Xml.XPath.XPathItem, System.Xml, 4.0.0.0].Value()"}]}