{"Type":"0T:System.Xml.XPath.XPathNavigator, System.Xml, 4.0.0.0","ClassCtx":"0T:Apress.Recipes.WebApi.Areas.HelpPage.XmlDocumentationProvider, Apress.Recipes.WebApi","MethodCtx":"0M:[System.Xml.XPath.XPathNavigator, System.Xml, 4.0.0.0] [Apress.Recipes.WebApi.Areas.HelpPage.XmlDocumentationProvider, Apress.Recipes.WebApi].GetMethodNode([System.Web.Http.Controllers.HttpActionDescriptor, System.Web.Http, 5.1.0.0] actionDescriptor)","Definition":{"Type":"RETURN_VALUE","Member":"0M:[System.Xml.XPath.XPathNavigator, System.Xml, 4.0.0.0] [System.Xml.XPath.XPathNavigator, System.Xml, 4.0.0.0].SelectSingleNode([p:string] xpath)"},"MemberAccesses":[{"Type":"METHOD_CALL","Member":"0M:[System.Xml.XPath.XPathNavigator, System.Xml, 4.0.0.0] [System.Xml.XPath.XPathNavigator, System.Xml, 4.0.0.0].SelectSingleNode([p:string] xpath)"}]}