{"Type":"0T:System.Xml.Linq.XElement, System.Xml.Linq, 4.0.0.0","ClassCtx":"0T:MSHelpSystem.Controls.TocEntry, HelpViewer","MethodCtx":"0M:[p:void] [d:[p:void] [System.Action`2[[T1],[T2]], mscorlib, 4.0.0.0].([T1] arg1, [T2] arg2)].Invoke([T1] arg1, [T2] arg2)","Definition":{"Type":"RETURN_VALUE","Member":"0M:static [System.Xml.Linq.XElement, System.Xml.Linq, 4.0.0.0] [System.Xml.Linq.XElement, System.Xml.Linq, 4.0.0.0].Parse([p:string] text)"},"MemberAccesses":[{"Type":"METHOD_CALL","Member":"0M:[i:System.Collections.Generic.IEnumerable`1[[T]], mscorlib, 4.0.0.0] [System.Xml.Linq.XContainer, System.Xml.Linq, 4.0.0.0].Elements([System.Xml.Linq.XName, System.Xml.Linq, 4.0.0.0] name)"}]}