{"Type":"0T:p:int","ClassCtx":"0T:CUnit.Form1, CU_MDX_D3DInit","MethodCtx":"0M:[p:void] [CUnit.Form1, CU_MDX_D3DInit].DirtyRect([s:System.IntPtr, mscorlib, 2.0.0.0] pTexture, [p:int] x, [p:int] y, [p:int] x1, [p:int] y1)","Definition":{"Type":"UNKNOWN"},"CallParameters":[{"Method":"0M:[p:void] [s:System.Drawing.Rectangle, System.Drawing, 2.0.0.0]..ctor([p:int] x, [p:int] y, [p:int] width, [p:int] height)","ArgIndex":3},{"Method":"0M:[p:void] [s:System.Drawing.Rectangle, System.Drawing, 2.0.0.0]..ctor([p:int] x, [p:int] y, [p:int] width, [p:int] height)","ArgIndex":1},{"Method":"0M:[p:void] [s:System.Drawing.Rectangle, System.Drawing, 2.0.0.0]..ctor([p:int] x, [p:int] y, [p:int] width, [p:int] height)","ArgIndex":2},{"Method":"0M:[p:void] [s:System.Drawing.Rectangle, System.Drawing, 2.0.0.0]..ctor([p:int] x, [p:int] y, [p:int] width, [p:int] height)","ArgIndex":0}]}