{"Type":"0T:System.Attribute, mscorlib, 4.0.0.0","ClassCtx":"0T:Apress.Recipes.WebApi.Areas.HelpPage.ModelDescriptions.ModelDescriptionGenerator, Apress.Recipes.WebApi","MethodCtx":"0M:[p:void] [Apress.Recipes.WebApi.Areas.HelpPage.ModelDescriptions.ModelDescriptionGenerator, Apress.Recipes.WebApi].GenerateAnnotations([System.Reflection.MemberInfo, mscorlib, 4.0.0.0] property, [Apress.Recipes.WebApi.Areas.HelpPage.ModelDescriptions.ParameterDescription, Apress.Recipes.WebApi] propertyModel)","Definition":{"Type":"UNKNOWN"},"CallParameters":[{"Method":"0M:[TResult] [d:[TResult] [System.Func`2[[T],[TResult]], mscorlib, 4.0.0.0].([T] arg)].Invoke([T] arg)","ArgIndex":0}],"MemberAccesses":[{"Type":"METHOD_CALL","Member":"0M:[System.Type, mscorlib, 4.0.0.0] [p:object].GetType()"}]}