{"Type":"0T:p:uint","ClassCtx":"0T:CUnit.NativeMethods, CU_MDX_D3DInit","MethodCtx":"0M:static [p:bool] [CUnit.NativeMethods, CU_MDX_D3DInit].PeekMessage(out [s:CUnit.NativeMethods+Message, CU_MDX_D3DInit] msg, [s:System.IntPtr, mscorlib, 2.0.0.0] hWnd, [p:uint] messageFilterMin, [p:uint] messageFilterMax, [p:uint] flags)","Definition":{"Type":"METHOD_PARAMETER","Member":"0M:static [p:bool] [CUnit.NativeMethods, CU_MDX_D3DInit].PeekMessage(out [s:CUnit.NativeMethods+Message, CU_MDX_D3DInit] msg, [s:System.IntPtr, mscorlib, 2.0.0.0] hWnd, [p:uint] messageFilterMin, [p:uint] messageFilterMax, [p:uint] flags)","ArgIndex":4}}