{"Type":"0T:System.Text.Encoding, mscorlib, 4.0.0.0","ClassCtx":"0T:OxyPlot.PdfWriter, OxyPlot_NET40","MethodCtx":"0M:[p:void] [OxyPlot.PdfWriter, OxyPlot_NET40].Write([p:string] format, params [p:object[]] args)","Definition":{"Type":"MEMBER_ACCESS","Member":"0P:get static [System.Text.Encoding, mscorlib, 4.0.0.0] [System.Text.Encoding, mscorlib, 4.0.0.0].UTF8()"},"MemberAccesses":[{"Type":"METHOD_CALL","Member":"0M:[p:byte[]] [System.Text.Encoding, mscorlib, 4.0.0.0].GetBytes([p:string] s)"}]}