{"Type":"0T:System.Text.Encoding, mscorlib, 4.0.0.0","ClassCtx":"0T:OxyPlot.BinaryReaderExtensions, OxyPlot_NET40","MethodCtx":"0M:static [p:string] [OxyPlot.BinaryReaderExtensions, OxyPlot_NET40].ReadString(this [System.IO.BinaryReader, mscorlib, 4.0.0.0] r, [p:int] length, opt [System.Text.Encoding, mscorlib, 4.0.0.0] encoding)","Definition":{"Type":"MEMBER_ACCESS","Member":"0P:get static [System.Text.Encoding, mscorlib, 4.0.0.0] [System.Text.Encoding, mscorlib, 4.0.0.0].UTF8()"},"MemberAccesses":[{"Type":"METHOD_CALL","Member":"0M:[p:string] [System.Text.Encoding, mscorlib, 4.0.0.0].GetString([p:byte[]] bytes, [p:int] index, [p:int] count)"}]}