{"Type":"0T:System.Web.Optimization.StyleBundle, System.Web.Optimization, 1.1.0.0","ClassCtx":"0T:Apress.Recipes.WebApi.BundleConfig, Apress.Recipes.WebApi","MethodCtx":"0M:static [p:void] [Apress.Recipes.WebApi.BundleConfig, Apress.Recipes.WebApi].RegisterBundles([System.Web.Optimization.BundleCollection, System.Web.Optimization, 1.1.0.0] bundles)","Definition":{"Type":"NEW","Member":"0M:[p:void] [System.Web.Optimization.StyleBundle, System.Web.Optimization, 1.1.0.0]..ctor([p:string] virtualPath)"},"MemberAccesses":[{"Type":"METHOD_CALL","Member":"0M:[System.Web.Optimization.Bundle, System.Web.Optimization, 1.1.0.0] [System.Web.Optimization.Bundle, System.Web.Optimization, 1.1.0.0].Include(params [p:string[]] virtualPaths)"}]}