{"Type":"0T:System.Xml.Serialization.XmlSerializer, System.Xml, 4.0.0.0","ClassCtx":"0T:ExampleLibrary.MiscExamples, ExampleLibrary_NET40","MethodCtx":"0M:static [OxyPlot.PlotModel, OxyPlot_NET40] [ExampleLibrary.MiscExamples, ExampleLibrary_NET40].WorldPopulation()","Definition":{"Type":"NEW","Member":"0M:[p:void] [System.Xml.Serialization.XmlSerializer, System.Xml, 4.0.0.0]..ctor([System.Type, mscorlib, 4.0.0.0] type)"},"MemberAccesses":[{"Type":"METHOD_CALL","Member":"0M:[p:object] [System.Xml.Serialization.XmlSerializer, System.Xml, 4.0.0.0].Deserialize([System.IO.Stream, mscorlib, 4.0.0.0] stream)"}]}