{"Type":"0T:SharpDX.DirectWrite.Factory, SharpDX.Direct2D1, 2.6.3.0","ClassCtx":"0T:Cocos2D.CCLabel, Cocos2d.WinRT","MethodCtx":"0M:[?] [Cocos2D.CCLabel, Cocos2d.WinRT].CreateFont([?] fontName, [?] fontSize, [Cocos2D.CCRawList`1[[T]], Cocos2d.WinRT] charset)","Definition":{"Type":"NEW","Member":"0M:[p:void] [SharpDX.DirectWrite.Factory, SharpDX.Direct2D1, 2.6.3.0]..ctor()"},"CallParameters":[{"Method":"0M:[p:void] [SharpDX.DirectWrite.TextFormat, SharpDX.Direct2D1, 2.6.3.0]..ctor([SharpDX.DirectWrite.Factory, SharpDX.Direct2D1, 2.6.3.0] factory, [p:string] fontFamilyName, [p:float] fontSize)","ArgIndex":0}]}