{"Type":"0T:SharpDX.DirectWrite.Factory, SharpDX.Direct2D1, 2.6.3.0","ClassCtx":"0T:Cocos2D.CCLabel, Cocos2d.WinRT","MethodCtx":"0M:static [?] [Cocos2D.CCLabel, Cocos2d.WinRT].GetKerningInfo([Cocos2D.CCRawList`1[[T]], Cocos2d.WinRT] charset)","Definition":{"Type":"MEMBER_ACCESS","Member":"0P:set get static [SharpDX.DirectWrite.Factory, SharpDX.Direct2D1, 2.6.3.0] [Cocos2D.CCLabel, Cocos2d.WinRT].FactoryDWrite()"},"CallParameters":[{"Method":"0M:[p:void] [SharpDX.DirectWrite.TextLayout, SharpDX.Direct2D1, 2.6.3.0]..ctor([SharpDX.DirectWrite.Factory, SharpDX.Direct2D1, 2.6.3.0] factory, [p:string] text, [SharpDX.DirectWrite.TextFormat, SharpDX.Direct2D1, 2.6.3.0] textFormat, [p:float] maxWidth, [p:float] maxHeight)","ArgIndex":0}]}