{"Type":"0T:SharpDX.DirectWrite.Factory, SharpDX.Direct2D1, 2.6.3.0","ClassCtx":"0T:Cocos2D.CCLabel, Cocos2d.WinRT","MethodCtx":"0M:static [SharpDX.DirectWrite.Font, SharpDX.Direct2D1, 2.6.3.0] [Cocos2D.CCLabel, Cocos2d.WinRT].GenericSanSerif()","Definition":{"Type":"MEMBER_ACCESS","Member":"0P:set get static [SharpDX.DirectWrite.Factory, SharpDX.Direct2D1, 2.6.3.0] [Cocos2D.CCLabel, Cocos2d.WinRT].FactoryDWrite()"},"MemberAccesses":[{"Type":"METHOD_CALL","Member":"0M:[SharpDX.DirectWrite.FontCollection, SharpDX.Direct2D1, 2.6.3.0] [SharpDX.DirectWrite.Factory, SharpDX.Direct2D1, 2.6.3.0].GetSystemFontCollection([s:SharpDX.Bool, SharpDX, 2.6.3.0] checkForUpdates)"}]}