{"Type":"0T:s:System.Collections.Generic.List`1[[T]]+Enumerator, mscorlib, 4.0.0.0","ClassCtx":"0T:OxyPlot.ElementCollection`1[[T]], OxyPlot_NET40","MethodCtx":"0M:[i:System.Collections.Generic.IEnumerator`1[[T]], mscorlib, 4.0.0.0] [i:System.Collections.Generic.IEnumerable`1[[T]], mscorlib, 4.0.0.0].GetEnumerator()","Definition":{"Type":"RETURN_VALUE","Member":"0M:[s:System.Collections.Generic.List`1[[T]]+Enumerator, mscorlib, 4.0.0.0] [System.Collections.Generic.List`1[[T]], mscorlib, 4.0.0.0].GetEnumerator()"}}