{"Type":"0T:i:System.Collections.IList, mscorlib, 4.0.0.0","ClassCtx":"0T:OxyPlot.CodeGenerator, OxyPlot_NET40","MethodCtx":"0M:[p:bool] [OxyPlot.CodeGenerator, OxyPlot_NET40].AreListsEqual([i:System.Collections.IList, mscorlib, 4.0.0.0] list1, [i:System.Collections.IList, mscorlib, 4.0.0.0] list2)","Definition":{"Type":"METHOD_PARAMETER","Member":"0M:[p:bool] [OxyPlot.CodeGenerator, OxyPlot_NET40].AreListsEqual([i:System.Collections.IList, mscorlib, 4.0.0.0] list1, [i:System.Collections.IList, mscorlib, 4.0.0.0] list2)","ArgIndex":1},"MemberAccesses":[{"Type":"MEMBER_REFERENCE","Member":"0P:get [p:int] [i:System.Collections.ICollection, mscorlib, 4.0.0.0].Count()"},{"Type":"MEMBER_REFERENCE","Member":"0P:get [p:int] [i:System.Collections.ICollection, mscorlib, 4.0.0.0].Count()"},{"Type":"MEMBER_REFERENCE","Member":"0P:get [p:int] [i:System.Collections.ICollection, mscorlib, 4.0.0.0].Count()"}]}