{"Type":"0T:i:System.Collections.IList, mscorlib, 4.0.0.0","ClassCtx":"0T:OxyPlot.CodeGenerator, OxyPlot_NET40","MethodCtx":"0M:[p:void] [OxyPlot.CodeGenerator, OxyPlot_NET40].SetProperties([p:object] instance, [p:string] varName, [p:object] defaultValues)","Definition":{"Type":"MEMBER_ACCESS","Member":"0P:get [TValue] [s:System.Collections.Generic.KeyValuePair`2[[TKey],[TValue]], mscorlib, 4.0.0.0].Value()"},"CallParameters":[{"Method":"0M:[p:bool] [OxyPlot.CodeGenerator, OxyPlot_NET40].AreListsEqual([i:System.Collections.IList, mscorlib, 4.0.0.0] list1, [i:System.Collections.IList, mscorlib, 4.0.0.0] list2)","ArgIndex":0},{"Method":"0M:[p:void] [System.Collections.Generic.Dictionary`2[[TKey],[TValue]], mscorlib, 4.0.0.0].Add([TKey] key, [TValue] value)","ArgIndex":1},{"Method":"0M:[p:void] [OxyPlot.CodeGenerator, OxyPlot_NET40].AddItems([p:string] name, [i:System.Collections.IList, mscorlib, 4.0.0.0] list)","ArgIndex":1},{"Method":"0M:[p:bool] [OxyPlot.CodeGenerator, OxyPlot_NET40].AreListsEqual([i:System.Collections.IList, mscorlib, 4.0.0.0] list1, [i:System.Collections.IList, mscorlib, 4.0.0.0] list2)","ArgIndex":1}]}