{"Type":"0T:i:System.Collections.IList, mscorlib, 4.0.0.0","ClassCtx":"0T:OxyPlot.ListBuilder`1[[T]], OxyPlot_NET40","MethodCtx":"0M:[p:void] [OxyPlot.ListBuilder`1[[T]], OxyPlot_NET40].FillT([i:System.Collections.Generic.IList`1[[T]], mscorlib, 4.0.0.0] target, [i:System.Collections.IEnumerable, mscorlib, 4.0.0.0] source, [d:[TResult] [System.Func`2[[T],[TResult]], mscorlib, 4.0.0.0].([T] arg)] instanceCreator)","Definition":{"Type":"CAST"},"CallParameters":[{"Method":"0M:[p:void] [OxyPlot.ListBuilder`1[[T]], OxyPlot_NET40].Fill([i:System.Collections.IList, mscorlib, 4.0.0.0] target, [i:System.Collections.IEnumerable, mscorlib, 4.0.0.0] source, [d:[TResult] [System.Func`2[[T],[TResult]], mscorlib, 4.0.0.0].([T] arg)] instanceCreator)","ArgIndex":0}]}