{"Type":"0T:System.Web.Http.Controllers.HttpParameterDescriptor, System.Web.Http, 5.1.0.0","ClassCtx":"0T:Apress.Recipes.WebApi.Areas.HelpPage.HelpPageConfigurationExtensions, Apress.Recipes.WebApi","MethodCtx":"0M:static [p:bool] [Apress.Recipes.WebApi.Areas.HelpPage.HelpPageConfigurationExtensions, Apress.Recipes.WebApi].TryGetResourceParameter([System.Web.Http.Description.ApiDescription, System.Web.Http, 5.1.0.0] apiDescription, [System.Web.Http.HttpConfiguration, System.Web.Http, 5.1.0.0] config, out [System.Web.Http.Description.ApiParameterDescription, System.Web.Http, 5.1.0.0] parameterDescription, out [System.Type, mscorlib, 4.0.0.0] resourceType)","Definition":{"Type":"MEMBER_ACCESS","Member":"0P:set get [System.Web.Http.Controllers.HttpParameterDescriptor, System.Web.Http, 5.1.0.0] [System.Web.Http.Description.ApiParameterDescription, System.Web.Http, 5.1.0.0].ParameterDescriptor()"},"MemberAccesses":[{"Type":"MEMBER_REFERENCE","Member":"0P:get [System.Type, mscorlib, 4.0.0.0] [System.Web.Http.Controllers.HttpParameterDescriptor, System.Web.Http, 5.1.0.0].ParameterType()"}]}