{"Type":"0T:System.Web.Http.Controllers.HttpParameterDescriptor, System.Web.Http, 5.1.0.0","ClassCtx":"0T:Apress.Recipes.WebApi.Areas.HelpPage.HelpPageConfigurationExtensions, Apress.Recipes.WebApi","MethodCtx":"0M:[TResult] [d:[TResult] [System.Func`2[[T],[TResult]], mscorlib, 4.0.0.0].([T] arg)].Invoke([T] arg)","Definition":{"Type":"MEMBER_ACCESS","Member":"0P:set get [System.Web.Http.Controllers.HttpParameterDescriptor, System.Web.Http, 5.1.0.0] [System.Web.Http.Description.ApiParameterDescription, System.Web.Http, 5.1.0.0].ParameterDescriptor()"},"MemberAccesses":[{"Type":"MEMBER_REFERENCE","Member":"0P:get [System.Type, mscorlib, 4.0.0.0] [System.Web.Http.Controllers.HttpParameterDescriptor, System.Web.Http, 5.1.0.0].ParameterType()"}]}