{"Type":"0T:System.Web.Http.Description.ApiDescription, System.Web.Http, 5.1.0.0","ClassCtx":"0T:Apress.Recipes.WebApi.Areas.HelpPage.ApiDescriptionExtensions, Apress.Recipes.WebApi","MethodCtx":"0M:static [p:string] [Apress.Recipes.WebApi.Areas.HelpPage.ApiDescriptionExtensions, Apress.Recipes.WebApi].GetFriendlyId(this [System.Web.Http.Description.ApiDescription, System.Web.Http, 5.1.0.0] description)","Definition":{"Type":"METHOD_PARAMETER","Member":"0M:static [p:string] [Apress.Recipes.WebApi.Areas.HelpPage.ApiDescriptionExtensions, Apress.Recipes.WebApi].GetFriendlyId(this [System.Web.Http.Description.ApiDescription, System.Web.Http, 5.1.0.0] description)","ArgIndex":0},"MemberAccesses":[{"Type":"MEMBER_REFERENCE","Member":"0P:set get [p:string] [System.Web.Http.Description.ApiDescription, System.Web.Http, 5.1.0.0].RelativePath()"},{"Type":"MEMBER_REFERENCE","Member":"0P:set get [System.Net.Http.HttpMethod, System.Net.Http, 4.0.0.0] [System.Web.Http.Description.ApiDescription, System.Web.Http, 5.1.0.0].HttpMethod()"}]}