{"Type":"0T:System.Web.Http.Description.ApiDescription, System.Web.Http, 5.1.0.0","ClassCtx":"0T:Apress.Recipes.WebApi.Areas.HelpPage.Models.HelpPageApiModel, Apress.Recipes.WebApi","MethodCtx":"0M:[i:System.Collections.Generic.IList`1[[T]], mscorlib, 4.0.0.0] [Apress.Recipes.WebApi.Areas.HelpPage.Models.HelpPageApiModel, Apress.Recipes.WebApi].RequestBodyParameters__get__()","Definition":{"Type":"MEMBER_ACCESS","Member":"0P:set get [System.Web.Http.Description.ApiDescription, System.Web.Http, 5.1.0.0] [Apress.Recipes.WebApi.Areas.HelpPage.Models.HelpPageApiModel, Apress.Recipes.WebApi].ApiDescription()"}}