{"Type":"0T:System.Web.Http.Description.ApiDescription, System.Web.Http, 5.1.0.0","ClassCtx":"0T:Apress.Recipes.WebApi.Areas.HelpPage.Models.HelpPageApiModel, Apress.Recipes.WebApi","MethodCtx":"0M:[p:void] [Apress.Recipes.WebApi.Areas.HelpPage.Models.HelpPageApiModel, Apress.Recipes.WebApi]..ctor()","Definition":{"Type":"MEMBER_ACCESS","Member":"0P:set get [System.Web.Http.Description.ApiDescription, System.Web.Http, 5.1.0.0] [Apress.Recipes.WebApi.Areas.HelpPage.Models.HelpPageApiModel, Apress.Recipes.WebApi].ApiDescription()"}}