{"Type":"0T:System.Web.Http.Description.ApiDescription, System.Web.Http, 5.1.0.0","ClassCtx":"0T:Apress.Recipes.WebApi.Areas.HelpPage.HelpPageConfigurationExtensions, Apress.Recipes.WebApi","MethodCtx":"0M:static [p:void] [Apress.Recipes.WebApi.Areas.HelpPage.HelpPageConfigurationExtensions, Apress.Recipes.WebApi].GenerateResourceDescription([Apress.Recipes.WebApi.Areas.HelpPage.Models.HelpPageApiModel, Apress.Recipes.WebApi] apiModel, [Apress.Recipes.WebApi.Areas.HelpPage.ModelDescriptions.ModelDescriptionGenerator, Apress.Recipes.WebApi] modelGenerator)","Definition":{"Type":"MEMBER_ACCESS","Member":"0P:set get [System.Web.Http.Description.ApiDescription, System.Web.Http, 5.1.0.0] [Apress.Recipes.WebApi.Areas.HelpPage.Models.HelpPageApiModel, Apress.Recipes.WebApi].ApiDescription()"},"MemberAccesses":[{"Type":"MEMBER_REFERENCE","Member":"0P:set get [System.Web.Http.Description.ResponseDescription, System.Web.Http, 5.1.0.0] [System.Web.Http.Description.ApiDescription, System.Web.Http, 5.1.0.0].ResponseDescription()"}]}