{"Type":"0T:System.Type, mscorlib, 4.0.0.0","ClassCtx":"0T:Apress.Recipes.WebApi.Areas.HelpPage.HelpPageConfigurationExtensions, Apress.Recipes.WebApi","MethodCtx":"0M:static [p:void] [Apress.Recipes.WebApi.Areas.HelpPage.HelpPageConfigurationExtensions, Apress.Recipes.WebApi].SetSampleForType(this [System.Web.Http.HttpConfiguration, System.Web.Http, 5.1.0.0] config, [p:object] sample, [System.Net.Http.Headers.MediaTypeHeaderValue, System.Net.Http, 4.0.0.0] mediaType, [System.Type, mscorlib, 4.0.0.0] type)","Definition":{"Type":"METHOD_PARAMETER","Member":"0M:static [p:void] [Apress.Recipes.WebApi.Areas.HelpPage.HelpPageConfigurationExtensions, Apress.Recipes.WebApi].SetSampleForType(this [System.Web.Http.HttpConfiguration, System.Web.Http, 5.1.0.0] config, [p:object] sample, [System.Net.Http.Headers.MediaTypeHeaderValue, System.Net.Http, 4.0.0.0] mediaType, [System.Type, mscorlib, 4.0.0.0] type)","ArgIndex":3},"CallParameters":[{"Method":"0M:[p:void] [Apress.Recipes.WebApi.Areas.HelpPage.HelpPageSampleKey, Apress.Recipes.WebApi]..ctor([System.Net.Http.Headers.MediaTypeHeaderValue, System.Net.Http, 4.0.0.0] mediaType, [System.Type, mscorlib, 4.0.0.0] type)","ArgIndex":1}]}