{"Type":"0T:System.Type, mscorlib, 4.0.0.0","ClassCtx":"0T:Apress.Recipes.WebApi.Areas.HelpPage.ModelDescriptions.ModelDescriptionGenerator, Apress.Recipes.WebApi","MethodCtx":"0M:static [p:bool] [Apress.Recipes.WebApi.Areas.HelpPage.ModelDescriptions.ModelDescriptionGenerator, Apress.Recipes.WebApi].ShouldDisplayMember([System.Reflection.MemberInfo, mscorlib, 4.0.0.0] member, [p:bool] hasDataContractAttribute)","Definition":{"Type":"MEMBER_ACCESS","Member":"0P:get [System.Type, mscorlib, 4.0.0.0] [System.Reflection.MemberInfo, mscorlib, 4.0.0.0].DeclaringType()"},"MemberAccesses":[{"Type":"MEMBER_REFERENCE","Member":"0P:get [p:bool] [System.Type, mscorlib, 4.0.0.0].IsEnum()"}]}