{"Type":"0T:System.Type, mscorlib, 4.0.0.0","ClassCtx":"0T:Apress.Recipes.WebApi.Areas.HelpPage.ModelDescriptions.ModelDescriptionGenerator, Apress.Recipes.WebApi","MethodCtx":"0M:[Apress.Recipes.WebApi.Areas.HelpPage.ModelDescriptions.DictionaryModelDescription, Apress.Recipes.WebApi] [Apress.Recipes.WebApi.Areas.HelpPage.ModelDescriptions.ModelDescriptionGenerator, Apress.Recipes.WebApi].GenerateDictionaryModelDescription([System.Type, mscorlib, 4.0.0.0] modelType, [System.Type, mscorlib, 4.0.0.0] keyType, [System.Type, mscorlib, 4.0.0.0] valueType)","Definition":{"Type":"UNKNOWN"},"CallParameters":[{"Method":"0M:[Apress.Recipes.WebApi.Areas.HelpPage.ModelDescriptions.ModelDescription, Apress.Recipes.WebApi] [Apress.Recipes.WebApi.Areas.HelpPage.ModelDescriptions.ModelDescriptionGenerator, Apress.Recipes.WebApi].GetOrCreateModelDescription([System.Type, mscorlib, 4.0.0.0] modelType)","ArgIndex":0},{"Method":"0M:static [p:string] [Apress.Recipes.WebApi.Areas.HelpPage.ModelDescriptions.ModelNameHelper, Apress.Recipes.WebApi].GetModelName([System.Type, mscorlib, 4.0.0.0] type)","ArgIndex":0}]}