{"Type":"0T:System.Type, mscorlib, 4.0.0.0","ClassCtx":"0T:Apress.Recipes.WebApi.Areas.HelpPage.ModelDescriptions.ModelDescriptionGenerator, Apress.Recipes.WebApi","MethodCtx":"0M:[Apress.Recipes.WebApi.Areas.HelpPage.ModelDescriptions.EnumTypeModelDescription, Apress.Recipes.WebApi] [Apress.Recipes.WebApi.Areas.HelpPage.ModelDescriptions.ModelDescriptionGenerator, Apress.Recipes.WebApi].GenerateEnumTypeModelDescription([System.Type, mscorlib, 4.0.0.0] modelType)","Definition":{"Type":"UNKNOWN"},"CallParameters":[{"Method":"0M:[p:string] [Apress.Recipes.WebApi.Areas.HelpPage.ModelDescriptions.ModelDescriptionGenerator, Apress.Recipes.WebApi].CreateDefaultDocumentation([System.Type, mscorlib, 4.0.0.0] type)","ArgIndex":0},{"Method":"0M:static [T] [System.Reflection.CustomAttributeExtensions, mscorlib, 4.0.0.0].GetCustomAttribute`1[[T]](this [System.Reflection.MemberInfo, mscorlib, 4.0.0.0] element)","ArgIndex":0},{"Method":"0M:static [p:string] [Apress.Recipes.WebApi.Areas.HelpPage.ModelDescriptions.ModelNameHelper, Apress.Recipes.WebApi].GetModelName([System.Type, mscorlib, 4.0.0.0] type)","ArgIndex":0}],"MemberAccesses":[{"Type":"METHOD_CALL","Member":"0M:[System.Reflection.FieldInfo[], mscorlib, 4.0.0.0] [System.Type, mscorlib, 4.0.0.0].GetFields([e:System.Reflection.BindingFlags, mscorlib, 4.0.0.0] bindingAttr)"}]}