{"Type":"0T:System.Type, mscorlib, 4.0.0.0","ClassCtx":"0T:Apress.Recipes.WebApi.Areas.HelpPage.HelpPageConfigurationExtensions, Apress.Recipes.WebApi","MethodCtx":"0M:static [p:void] [Apress.Recipes.WebApi.Areas.HelpPage.HelpPageConfigurationExtensions, Apress.Recipes.WebApi].SetActualRequestType(this [System.Web.Http.HttpConfiguration, System.Web.Http, 5.1.0.0] config, [System.Type, mscorlib, 4.0.0.0] type, [p:string] controllerName, [p:string] actionName, params [p:string[]] parameterNames)","Definition":{"Type":"METHOD_PARAMETER","Member":"0M:static [p:void] [Apress.Recipes.WebApi.Areas.HelpPage.HelpPageConfigurationExtensions, Apress.Recipes.WebApi].SetActualRequestType(this [System.Web.Http.HttpConfiguration, System.Web.Http, 5.1.0.0] config, [System.Type, mscorlib, 4.0.0.0] type, [p:string] controllerName, [p:string] actionName, params [p:string[]] parameterNames)","ArgIndex":1}}