{"Type":"0T:System.Type, mscorlib, 4.0.0.0","ClassCtx":"0T:Apress.Recipes.WebApi.Areas.HelpPage.HelpPageSampleGenerator, Apress.Recipes.WebApi","MethodCtx":"0M:static [p:object] [Apress.Recipes.WebApi.Areas.HelpPage.HelpPageSampleGenerator, Apress.Recipes.WebApi].DefaultSampleObjectFactory([Apress.Recipes.WebApi.Areas.HelpPage.HelpPageSampleGenerator, Apress.Recipes.WebApi] sampleGenerator, [System.Type, mscorlib, 4.0.0.0] type)","Definition":{"Type":"METHOD_PARAMETER","Member":"0M:static [p:object] [Apress.Recipes.WebApi.Areas.HelpPage.HelpPageSampleGenerator, Apress.Recipes.WebApi].DefaultSampleObjectFactory([Apress.Recipes.WebApi.Areas.HelpPage.HelpPageSampleGenerator, Apress.Recipes.WebApi] sampleGenerator, [System.Type, mscorlib, 4.0.0.0] type)","ArgIndex":1},"CallParameters":[{"Method":"0M:[p:object] [Apress.Recipes.WebApi.Areas.HelpPage.ObjectGenerator, Apress.Recipes.WebApi].GenerateObject([System.Type, mscorlib, 4.0.0.0] type)","ArgIndex":0}]}