{"Type":"0T:System.Type, mscorlib, 4.0.0.0","ClassCtx":"0T:Apress.Recipes.WebApi.Areas.HelpPage.HelpPageSampleKey, Apress.Recipes.WebApi","MethodCtx":"0M:[System.Collections.Generic.HashSet`1[[T]], System.Core, 4.0.0.0] [Apress.Recipes.WebApi.Areas.HelpPage.HelpPageSampleKey, Apress.Recipes.WebApi].ParameterNames__get__()","Definition":{"Type":"MEMBER_ACCESS","Member":"0P:set get [System.Type, mscorlib, 4.0.0.0] [Apress.Recipes.WebApi.Areas.HelpPage.HelpPageSampleKey, Apress.Recipes.WebApi].ParameterType()"}}