{"Type":"0T:System.Type, mscorlib, 4.0.0.0","ClassCtx":"0T:Apress.Recipes.WebApi.Areas.HelpPage.ObjectGenerator, Apress.Recipes.WebApi","MethodCtx":"0M:static [p:bool] [Apress.Recipes.WebApi.Areas.HelpPage.ObjectGenerator, Apress.Recipes.WebApi].IsTuple([System.Type, mscorlib, 4.0.0.0] genericTypeDefinition)","Definition":{"Type":"METHOD_PARAMETER","Member":"0M:static [p:bool] [Apress.Recipes.WebApi.Areas.HelpPage.ObjectGenerator, Apress.Recipes.WebApi].IsTuple([System.Type, mscorlib, 4.0.0.0] genericTypeDefinition)","ArgIndex":0}}