{"Type":"0T:System.Type, mscorlib, 4.0.0.0","ClassCtx":"0T:Apress.Recipes.WebApi.Areas.HelpPage.ObjectGenerator, Apress.Recipes.WebApi","MethodCtx":"0M:static [p:object] [Apress.Recipes.WebApi.Areas.HelpPage.ObjectGenerator, Apress.Recipes.WebApi].GenerateEnum([System.Type, mscorlib, 4.0.0.0] enumType)","Definition":{"Type":"METHOD_PARAMETER","Member":"0M:static [p:object] [Apress.Recipes.WebApi.Areas.HelpPage.ObjectGenerator, Apress.Recipes.WebApi].GenerateEnum([System.Type, mscorlib, 4.0.0.0] enumType)","ArgIndex":0},"CallParameters":[{"Method":"0M:static [System.Array, mscorlib, 4.0.0.0] [System.Enum, mscorlib, 4.0.0.0].GetValues([System.Type, mscorlib, 4.0.0.0] enumType)","ArgIndex":0}]}