{"Type":"0T:System.Type, mscorlib, 4.0.0.0","ClassCtx":"0T:Apress.Recipes.WebApi.Areas.HelpPage.ObjectGenerator, Apress.Recipes.WebApi","MethodCtx":"0M:static [p:object] [Apress.Recipes.WebApi.Areas.HelpPage.ObjectGenerator, Apress.Recipes.WebApi].GenerateNullable([System.Type, mscorlib, 4.0.0.0] nullableType, [System.Collections.Generic.Dictionary`2[[TKey],[TValue]], mscorlib, 4.0.0.0] createdObjectReferences)","Definition":{"Type":"UNKNOWN"},"MemberAccesses":[{"Type":"METHOD_CALL","Member":"0M:[System.Type[], mscorlib, 4.0.0.0] [System.Type, mscorlib, 4.0.0.0].GetGenericArguments()"}]}