{"Type":"0T:System.Type, mscorlib, 4.0.0.0","ClassCtx":"0T:Apress.Recipes.WebApi.Areas.HelpPage.ObjectGenerator+SimpleTypeObjectGenerator, Apress.Recipes.WebApi","MethodCtx":"0M:static [p:bool] [Apress.Recipes.WebApi.Areas.HelpPage.ObjectGenerator+SimpleTypeObjectGenerator, Apress.Recipes.WebApi].CanGenerateObject([System.Type, mscorlib, 4.0.0.0] type)","Definition":{"Type":"METHOD_PARAMETER","Member":"0M:static [p:bool] [Apress.Recipes.WebApi.Areas.HelpPage.ObjectGenerator+SimpleTypeObjectGenerator, Apress.Recipes.WebApi].CanGenerateObject([System.Type, mscorlib, 4.0.0.0] type)","ArgIndex":0},"CallParameters":[{"Method":"0M:[p:bool] [System.Collections.Generic.Dictionary`2[[TKey],[TValue]], mscorlib, 4.0.0.0].ContainsKey([TKey] key)","ArgIndex":0}]}