{"Type":"0T:System.Type, mscorlib, 4.0.0.0","ClassCtx":"0T:Apress.Recipes.WebApi.Areas.HelpPage.ObjectGenerator+SimpleTypeObjectGenerator, Apress.Recipes.WebApi","MethodCtx":"0M:[p:object] [Apress.Recipes.WebApi.Areas.HelpPage.ObjectGenerator+SimpleTypeObjectGenerator, Apress.Recipes.WebApi].GenerateObject([System.Type, mscorlib, 4.0.0.0] type)","Definition":{"Type":"METHOD_PARAMETER","Member":"0M:[p:object] [Apress.Recipes.WebApi.Areas.HelpPage.ObjectGenerator+SimpleTypeObjectGenerator, Apress.Recipes.WebApi].GenerateObject([System.Type, mscorlib, 4.0.0.0] type)","ArgIndex":0}}