{"Type":"0T:System.Type, mscorlib, 4.0.0.0","ClassCtx":"0T:Apress.Recipes.WebApi.Areas.HelpPage.XmlDocumentationProvider, Apress.Recipes.WebApi","MethodCtx":"0M:[p:string] [i:Apress.Recipes.WebApi.Areas.HelpPage.ModelDescriptions.IModelDocumentationProvider, Apress.Recipes.WebApi].GetDocumentation([System.Type, mscorlib, 4.0.0.0] type)","Definition":{"Type":"METHOD_PARAMETER","Member":"0M:[p:string] [Apress.Recipes.WebApi.Areas.HelpPage.XmlDocumentationProvider, Apress.Recipes.WebApi].GetDocumentation([System.Type, mscorlib, 4.0.0.0] type)","ArgIndex":0},"CallParameters":[{"Method":"0M:[System.Xml.XPath.XPathNavigator, System.Xml, 4.0.0.0] [Apress.Recipes.WebApi.Areas.HelpPage.XmlDocumentationProvider, Apress.Recipes.WebApi].GetTypeNode([System.Type, mscorlib, 4.0.0.0] type)","ArgIndex":0}]}