{"Type":"0T:System.Type, mscorlib, 4.0.0.0","ClassCtx":"0T:Apress.Recipes.WebApi.Areas.HelpPage.HelpPageConfigurationExtensions, Apress.Recipes.WebApi","MethodCtx":"0M:static [p:void] [Apress.Recipes.WebApi.Areas.HelpPage.HelpPageConfigurationExtensions, Apress.Recipes.WebApi].GenerateResourceDescription([Apress.Recipes.WebApi.Areas.HelpPage.Models.HelpPageApiModel, Apress.Recipes.WebApi] apiModel, [Apress.Recipes.WebApi.Areas.HelpPage.ModelDescriptions.ModelDescriptionGenerator, Apress.Recipes.WebApi] modelGenerator)","Definition":{"Type":"UNKNOWN"},"CallParameters":[{"Method":"0M:[Apress.Recipes.WebApi.Areas.HelpPage.ModelDescriptions.ModelDescription, Apress.Recipes.WebApi] [Apress.Recipes.WebApi.Areas.HelpPage.ModelDescriptions.ModelDescriptionGenerator, Apress.Recipes.WebApi].GetOrCreateModelDescription([System.Type, mscorlib, 4.0.0.0] modelType)","ArgIndex":0}]}