{"Type":"0T:System.Web.Mvc.HandleErrorAttribute, System.Web.Mvc, 5.1.0.0","ClassCtx":"0T:Apress.Recipes.WebApi.FilterConfig, Apress.Recipes.WebApi","MethodCtx":"0M:static [p:void] [Apress.Recipes.WebApi.FilterConfig, Apress.Recipes.WebApi].RegisterGlobalFilters([System.Web.Mvc.GlobalFilterCollection, System.Web.Mvc, 5.1.0.0] filters)","Definition":{"Type":"NEW","Member":"0M:[p:void] [System.Web.Mvc.HandleErrorAttribute, System.Web.Mvc, 5.1.0.0]..ctor()"},"CallParameters":[{"Method":"0M:[p:void] [System.Web.Mvc.GlobalFilterCollection, System.Web.Mvc, 5.1.0.0].Add([p:object] filter)","ArgIndex":0}]}