{"Type":"0T:System.Collections.Concurrent.ConcurrentDictionary`2[[TKey],[TValue]], mscorlib, 4.0.0.0","ClassCtx":"0T:Apress.Recipes.WebApi.Areas.HelpPage.HelpPageConfigurationExtensions, Apress.Recipes.WebApi","MethodCtx":"0M:static [p:void] [Apress.Recipes.WebApi.Areas.HelpPage.HelpPageConfigurationExtensions, Apress.Recipes.WebApi].SetHelpPageSampleGenerator(this [System.Web.Http.HttpConfiguration, System.Web.Http, 5.1.0.0] config, [Apress.Recipes.WebApi.Areas.HelpPage.HelpPageSampleGenerator, Apress.Recipes.WebApi] sampleGenerator)","Definition":{"Type":"MEMBER_ACCESS","Member":"0P:get [System.Collections.Concurrent.ConcurrentDictionary`2[[TKey],[TValue]], mscorlib, 4.0.0.0] [System.Web.Http.HttpConfiguration, System.Web.Http, 5.1.0.0].Properties()"},"MemberAccesses":[{"Type":"METHOD_CALL","Member":"0M:[TValue] [System.Collections.Concurrent.ConcurrentDictionary`2[[TKey],[TValue]], mscorlib, 4.0.0.0].AddOrUpdate([TKey] key, [d:[TResult] [System.Func`2[[T],[TResult]], mscorlib, 4.0.0.0].([T] arg)] addValueFactory, [d:[TResult] [System.Func`3[[T1],[T2],[TResult]], mscorlib, 4.0.0.0].([T1] arg1, [T2] arg2)] updateValueFactory)"}]}