{"Type":"0T:System.Net.Http.Headers.MediaTypeHeaderValue, System.Net.Http, 4.0.0.0","ClassCtx":"0T:Apress.Recipes.WebApi.Areas.HelpPage.HelpPageConfig, Apress.Recipes.WebApi","MethodCtx":"0M:static [p:void] [Apress.Recipes.WebApi.Areas.HelpPage.HelpPageConfig, Apress.Recipes.WebApi].Register([System.Web.Http.HttpConfiguration, System.Web.Http, 5.1.0.0] config)","Definition":{"Type":"NEW","Member":"0M:[p:void] [System.Net.Http.Headers.MediaTypeHeaderValue, System.Net.Http, 4.0.0.0]..ctor([p:string] mediaType)"}}