{"Type":"0T:System.Net.Http.Headers.MediaTypeHeaderValue, System.Net.Http, 4.0.0.0","ClassCtx":"0T:Apress.Recipes.WebApi.Areas.HelpPage.HelpPageSampleKey, Apress.Recipes.WebApi","MethodCtx":"0M:[p:string] [Apress.Recipes.WebApi.Areas.HelpPage.HelpPageSampleKey, Apress.Recipes.WebApi].ActionName__get__()","Definition":{"Type":"MEMBER_ACCESS","Member":"0P:set get [System.Net.Http.Headers.MediaTypeHeaderValue, System.Net.Http, 4.0.0.0] [Apress.Recipes.WebApi.Areas.HelpPage.HelpPageSampleKey, Apress.Recipes.WebApi].MediaType()"}}