{"Type":"0T:System.Net.Http.Headers.MediaTypeHeaderValue, System.Net.Http, 4.0.0.0","ClassCtx":"0T:Apress.Recipes.WebApi.Areas.HelpPage.HelpPageSampleKey, Apress.Recipes.WebApi","MethodCtx":"0M:[p:void] [Apress.Recipes.WebApi.Areas.HelpPage.HelpPageSampleKey, Apress.Recipes.WebApi].MediaType__set__([System.Net.Http.Headers.MediaTypeHeaderValue, System.Net.Http, 4.0.0.0] value)","Definition":{"Type":"METHOD_PARAMETER","Member":"0M:[p:void] [Apress.Recipes.WebApi.Areas.HelpPage.HelpPageSampleKey, Apress.Recipes.WebApi].MediaType__set__([System.Net.Http.Headers.MediaTypeHeaderValue, System.Net.Http, 4.0.0.0] value)","ArgIndex":0}}