{"Type":"0T:System.Net.Http.Headers.MediaTypeHeaderValue, System.Net.Http, 4.0.0.0","ClassCtx":"0T:Apress.Recipes.WebApi.Areas.HelpPage.HelpPageSampleKey, Apress.Recipes.WebApi","MethodCtx":"0M:[p:bool] [p:object].Equals([p:object] obj)","Definition":{"Type":"MEMBER_ACCESS","Member":"0P:set get [System.Net.Http.Headers.MediaTypeHeaderValue, System.Net.Http, 4.0.0.0] [Apress.Recipes.WebApi.Areas.HelpPage.HelpPageSampleKey, Apress.Recipes.WebApi].MediaType()"},"CallParameters":[{"Method":"0M:[p:bool] [System.Net.Http.Headers.MediaTypeHeaderValue, System.Net.Http, 4.0.0.0].Equals([p:object] obj)","ArgIndex":0}],"MemberAccesses":[{"Type":"METHOD_CALL","Member":"0M:[p:bool] [System.Net.Http.Headers.MediaTypeHeaderValue, System.Net.Http, 4.0.0.0].Equals([p:object] obj)"}]}