{"Type":"0T:p:ulong","ClassCtx":"0T:OxyPlot.PngEncoder, OxyPlot_NET40","MethodCtx":"0M:static [p:ulong] [OxyPlot.PngEncoder, OxyPlot_NET40].UpdateCrc([p:ulong] crc, [i:System.Collections.Generic.IEnumerable`1[[T]], mscorlib, 4.0.0.0] data)","Definition":{"Type":"RETURN_VALUE","Member":"0M:static [TAccumulate] [System.Linq.Enumerable, System.Core, 4.0.0.0].Aggregate`2[[TSource],[TAccumulate]](this [i:System.Collections.Generic.IEnumerable`1[[T]], mscorlib, 4.0.0.0] source, [TAccumulate] seed, [d:[TResult] [System.Func`3[[T1],[T2],[TResult]], mscorlib, 4.0.0.0].([T1] arg1, [T2] arg2)] func)"},"CallParameters":[{"Method":"0M:static [TAccumulate] [System.Linq.Enumerable, System.Core, 4.0.0.0].Aggregate`2[[TSource],[TAccumulate]](this [i:System.Collections.Generic.IEnumerable`1[[T]], mscorlib, 4.0.0.0] source, [TAccumulate] seed, [d:[TResult] [System.Func`3[[T1],[T2],[TResult]], mscorlib, 4.0.0.0].([T1] arg1, [T2] arg2)] func)","ArgIndex":1}]}