{"Type":"0T:System.Text.RegularExpressions.Regex, System, 4.0.0.0","ClassCtx":"0T:OxyPlot.CodeGenerator, OxyPlot_NET40","MethodCtx":"0M:[p:string] [OxyPlot.CodeGenerator, OxyPlot_NET40].MakeValidVariableName([p:string] title)","Definition":{"Type":"NEW","Member":"0M:[p:void] [System.Text.RegularExpressions.Regex, System, 4.0.0.0]..ctor([p:string] pattern)"},"MemberAccesses":[{"Type":"METHOD_CALL","Member":"0M:[System.Text.RegularExpressions.Match, System, 4.0.0.0] [System.Text.RegularExpressions.Regex, System, 4.0.0.0].Match([p:string] input)"}]}