{"Type":"0T:System.Text.RegularExpressions.Regex, System, 4.0.0.0","ClassCtx":"0T:OxyPlot.StringHelper, OxyPlot_NET40","MethodCtx":"0M:static [p:string] [OxyPlot.StringHelper, OxyPlot_NET40].Format([i:System.IFormatProvider, mscorlib, 4.0.0.0] provider, [p:string] formatString, [p:object] item, params [p:object[]] values)","Definition":{"Type":"MEMBER_ACCESS","Member":"0F:static [System.Text.RegularExpressions.Regex, System, 4.0.0.0] [OxyPlot.StringHelper, OxyPlot_NET40].FormattingExpression"},"MemberAccesses":[{"Type":"METHOD_CALL","Member":"0M:[p:string] [System.Text.RegularExpressions.Regex, System, 4.0.0.0].Replace([p:string] input, [d:[p:string] [System.Text.RegularExpressions.MatchEvaluator, System, 4.0.0.0].([System.Text.RegularExpressions.Match, System, 4.0.0.0] match)] evaluator)"}]}