{"Type":"0T:System.Reflection.PropertyInfo, mscorlib, 4.0.0.0","ClassCtx":"0T:OxyPlot.CodeGenerator, OxyPlot_NET40","MethodCtx":"0M:[T] [OxyPlot.CodeGenerator, OxyPlot_NET40].GetFirstAttribute`1[[T]]([System.Reflection.PropertyInfo, mscorlib, 4.0.0.0] pi)","Definition":{"Type":"METHOD_PARAMETER","Member":"0M:[T] [OxyPlot.CodeGenerator, OxyPlot_NET40].GetFirstAttribute`1[[T]]([System.Reflection.PropertyInfo, mscorlib, 4.0.0.0] pi)","ArgIndex":0},"MemberAccesses":[{"Type":"METHOD_CALL","Member":"0M:[p:object[]] [System.Reflection.MemberInfo, mscorlib, 4.0.0.0].GetCustomAttributes([System.Type, mscorlib, 4.0.0.0] attributeType, [p:bool] inherit)"}]}