{"Type":"0T:System.Reflection.PropertyInfo, mscorlib, 4.0.0.0","ClassCtx":"0T:OxyPlot.CodeGenerator, OxyPlot_NET40","MethodCtx":"0M:[p:void] [OxyPlot.CodeGenerator, OxyPlot_NET40].SetProperties([p:object] instance, [p:string] varName, [p:object] defaultValues)","Definition":{"Type":"UNKNOWN"},"CallParameters":[{"Method":"0M:[T] [OxyPlot.CodeGenerator, OxyPlot_NET40].GetFirstAttribute`1[[T]]([System.Reflection.PropertyInfo, mscorlib, 4.0.0.0] pi)","ArgIndex":0}],"MemberAccesses":[{"Type":"MEMBER_REFERENCE","Member":"0P:get [p:string] [System.Reflection.MemberInfo, mscorlib, 4.0.0.0].Name()"},{"Type":"METHOD_CALL","Member":"0M:[p:object] [System.Reflection.PropertyInfo, mscorlib, 4.0.0.0].GetValue([p:object] obj, [p:object[]] index)"},{"Type":"METHOD_CALL","Member":"0M:[p:object] [System.Reflection.PropertyInfo, mscorlib, 4.0.0.0].GetValue([p:object] obj, [p:object[]] index)"},{"Type":"METHOD_CALL","Member":"0M:[System.Reflection.MethodInfo, mscorlib, 4.0.0.0] [System.Reflection.PropertyInfo, mscorlib, 4.0.0.0].GetSetMethod()"}]}