{"Type":"0T:System.Reflection.PropertyInfo, mscorlib, 4.0.0.0","ClassCtx":"0T:OxyPlot.ListBuilder`1[[T]], OxyPlot_NET40","MethodCtx":"0M:[p:void] [OxyPlot.ListBuilder`1[[T]], OxyPlot_NET40].Fill([i:System.Collections.IList, mscorlib, 4.0.0.0] target, [i:System.Collections.IEnumerable, mscorlib, 4.0.0.0] source, [d:[TResult] [System.Func`2[[T],[TResult]], mscorlib, 4.0.0.0].([T] arg)] instanceCreator)","Definition":{"Type":"UNKNOWN"},"MemberAccesses":[{"Type":"METHOD_CALL","Member":"0M:[p:object] [System.Reflection.PropertyInfo, mscorlib, 4.0.0.0].GetValue([p:object] obj, [p:object[]] index)"}]}