{"Type":"0T:i:System.Collections.IEnumerable, mscorlib, 4.0.0.0","ClassCtx":"0T:OxyPlot.Reporting.PropertyTable, OxyPlot_NET40","MethodCtx":"0M:[p:void] [OxyPlot.Reporting.PropertyTable, OxyPlot_NET40].UpdateFields([i:System.Collections.IEnumerable, mscorlib, 4.0.0.0] items)","Definition":{"Type":"METHOD_PARAMETER","Member":"0M:[p:void] [OxyPlot.Reporting.PropertyTable, OxyPlot_NET40].UpdateFields([i:System.Collections.IEnumerable, mscorlib, 4.0.0.0] items)","ArgIndex":0},"CallParameters":[{"Method":"0M:[System.Type, mscorlib, 4.0.0.0] [OxyPlot.Reporting.PropertyTable, OxyPlot_NET40].GetItemType([i:System.Collections.IEnumerable, mscorlib, 4.0.0.0] items)","ArgIndex":0}]}