{"Type":"0T:i:System.Collections.IEnumerable, mscorlib, 4.0.0.0","ClassCtx":"0T:OxyPlot.Reporting.ReportItem, OxyPlot_NET40","MethodCtx":"0M:[OxyPlot.Reporting.PropertyTable, OxyPlot_NET40] [OxyPlot.Reporting.ReportItem, OxyPlot_NET40].AddPropertyTable([p:string] title, [p:object] obj)","Definition":{"Type":"UNKNOWN"},"CallParameters":[{"Method":"0M:[p:void] [OxyPlot.Reporting.PropertyTable, OxyPlot_NET40]..ctor([i:System.Collections.IEnumerable, mscorlib, 4.0.0.0] items, [p:bool] itemsInRows)","ArgIndex":0}]}