{"Type":"0T:i:System.Collections.IEnumerable, mscorlib, 4.0.0.0","ClassCtx":"0T:OxyPlot.Series.ItemsSeries, OxyPlot_NET40","MethodCtx":"0M:static [p:object] [OxyPlot.Series.ItemsSeries, OxyPlot_NET40].GetItem([i:System.Collections.IEnumerable, mscorlib, 4.0.0.0] itemsSource, [p:int] index)","Definition":{"Type":"METHOD_PARAMETER","Member":"0M:static [p:object] [OxyPlot.Series.ItemsSeries, OxyPlot_NET40].GetItem([i:System.Collections.IEnumerable, mscorlib, 4.0.0.0] itemsSource, [p:int] index)","ArgIndex":0},"CallParameters":[{"Method":"0M:static [i:System.Collections.Generic.IEnumerable`1[[T]], mscorlib, 4.0.0.0] [System.Linq.Enumerable, System.Core, 4.0.0.0].Cast`1[[TResult]](this [i:System.Collections.IEnumerable, mscorlib, 4.0.0.0] source)","ArgIndex":0}]}