{"Type":"0T:i:System.Collections.IEnumerable, mscorlib, 4.0.0.0","ClassCtx":"0T:OxyPlot.Series.ItemsSeries, OxyPlot_NET40","MethodCtx":"0M:[p:object] [OxyPlot.Series.ItemsSeries, OxyPlot_NET40].GetItem([p:int] i)","Definition":{"Type":"MEMBER_ACCESS","Member":"0P:set get [i:System.Collections.IEnumerable, mscorlib, 4.0.0.0] [OxyPlot.Series.ItemsSeries, OxyPlot_NET40].ItemsSource()"},"CallParameters":[{"Method":"0M:static [p:object] [OxyPlot.Series.ItemsSeries, OxyPlot_NET40].GetItem([i:System.Collections.IEnumerable, mscorlib, 4.0.0.0] itemsSource, [p:int] index)","ArgIndex":0}]}