{"Type":"0T:i:System.Collections.IEnumerable, mscorlib, 4.0.0.0","ClassCtx":"0T:OxyPlot.Series.DataPointSeries, OxyPlot_NET40","MethodCtx":"0M:[p:void] [OxyPlot.Series.DataPointSeries, OxyPlot_NET40].UpdateItemsSourcePoints()","Definition":{"Type":"MEMBER_ACCESS","Member":"0P:set get [i:System.Collections.IEnumerable, mscorlib, 4.0.0.0] [OxyPlot.Series.ItemsSeries, OxyPlot_NET40].ItemsSource()"},"CallParameters":[{"Method":"0M:static [p:void] [OxyPlot.ReflectionExtensions, OxyPlot_NET40].AddRange(this [System.Collections.Generic.List`1[[T]], mscorlib, 4.0.0.0] target, [i:System.Collections.IEnumerable, mscorlib, 4.0.0.0] itemsSource, [p:string] dataFieldX, [p:string] dataFieldY)","ArgIndex":1}]}