{"Type":"0T:i:System.Collections.IEnumerable, mscorlib, 4.0.0.0","ClassCtx":"0T:OxyPlot.Series.HighLowSeries, OxyPlot_NET40","MethodCtx":"0M:[p:void] [OxyPlot.Series.Series, OxyPlot_NET40].UpdateData()","Definition":{"Type":"MEMBER_ACCESS","Member":"0P:set get [i:System.Collections.IEnumerable, mscorlib, 4.0.0.0] [OxyPlot.Series.ItemsSeries, OxyPlot_NET40].ItemsSource()"},"CallParameters":[{"Method":"0M:[p:void] [OxyPlot.ListBuilder`1[[T]], OxyPlot_NET40].FillT([i:System.Collections.Generic.IList`1[[T]], mscorlib, 4.0.0.0] target, [i:System.Collections.IEnumerable, mscorlib, 4.0.0.0] source, [d:[TResult] [System.Func`2[[T],[TResult]], mscorlib, 4.0.0.0].([T] arg)] instanceCreator)","ArgIndex":1}]}