{"Type":"0T:i:System.Collections.IEnumerable, mscorlib, 4.0.0.0","ClassCtx":"0T:OxyPlot.CodeGenerator, OxyPlot_NET40","MethodCtx":"0M:[p:void] [OxyPlot.CodeGenerator, OxyPlot_NET40].AddChildren([p:string] name, [p:string] collectionName, [i:System.Collections.IEnumerable, mscorlib, 4.0.0.0] children)","Definition":{"Type":"METHOD_PARAMETER","Member":"0M:[p:void] [OxyPlot.CodeGenerator, OxyPlot_NET40].AddChildren([p:string] name, [p:string] collectionName, [i:System.Collections.IEnumerable, mscorlib, 4.0.0.0] children)","ArgIndex":2}}