{"Type":"0T:i:System.Collections.IEnumerable, mscorlib, 4.0.0.0","ClassCtx":"0T:OxyPlot.ReflectionExtensions, OxyPlot_NET40","MethodCtx":"0M:static [p:void] [OxyPlot.ReflectionExtensions, OxyPlot_NET40].AddRange(this [System.Collections.Generic.List`1[[T]], mscorlib, 4.0.0.0] target, [i:System.Collections.IEnumerable, mscorlib, 4.0.0.0] itemsSource, [p:string] dataFieldX, [p:string] dataFieldY)","Definition":{"Type":"METHOD_PARAMETER","Member":"0M:static [p:void] [OxyPlot.ReflectionExtensions, OxyPlot_NET40].AddRange(this [System.Collections.Generic.List`1[[T]], mscorlib, 4.0.0.0] target, [i:System.Collections.IEnumerable, mscorlib, 4.0.0.0] itemsSource, [p:string] dataFieldX, [p:string] dataFieldY)","ArgIndex":1}}