{"Type":"0T:i:System.Collections.IEnumerable, mscorlib, 4.0.0.0","ClassCtx":"0T:OxyPlot.Axes.CategoryAxis, OxyPlot_NET40","MethodCtx":"0M:[p:void] [OxyPlot.Axes.CategoryAxis, OxyPlot_NET40].UpdateLabels([i:System.Collections.Generic.IEnumerable`1[[T]], mscorlib, 4.0.0.0] series)","Definition":{"Type":"MEMBER_ACCESS","Member":"0P:set get [i:System.Collections.IEnumerable, mscorlib, 4.0.0.0] [OxyPlot.Axes.CategoryAxis, OxyPlot_NET40].ItemsSource()"},"CallParameters":[{"Method":"0M:static [p:void] [OxyPlot.ReflectionExtensions, OxyPlot_NET40].AddFormattedRange(this [System.Collections.Generic.List`1[[T]], mscorlib, 4.0.0.0] target, [i:System.Collections.IEnumerable, mscorlib, 4.0.0.0] source, [p:string] propertyName, [p:string] formatString, [i:System.IFormatProvider, mscorlib, 4.0.0.0] provider)","ArgIndex":1}]}