{"Type":"0T:System.IO.StreamReader, mscorlib, 4.0.0.0","ClassCtx":"0T:StockSharp.Anywhere.InputTranParser, Anywhere","MethodCtx":"0M:[p:void] [StockSharp.Anywhere.InputTranParser, Anywhere].OnFileChanged([p:object] source, [System.IO.FileSystemEventArgs, System, 4.0.0.0] e)","Definition":{"Type":"NEW","Member":"0M:[p:void] [System.IO.StreamReader, mscorlib, 4.0.0.0]..ctor([System.IO.Stream, mscorlib, 4.0.0.0] stream)"},"MemberAccesses":[{"Type":"METHOD_CALL","Member":"0M:[p:string] [System.IO.StreamReader, mscorlib, 4.0.0.0].ReadToEnd()"}]}