{"Type":"0T:p:int","ClassCtx":"0T:StockSharp.Anywhere.WriteHelpers, Anywhere","MethodCtx":"0M:static [p:void] [StockSharp.Anywhere.WriteHelpers, Anywhere].MemoryToFile([p:string] line, [p:string] filePath)","Definition":{"Type":"UNKNOWN"},"CallParameters":[{"Method":"0M:[p:void] [System.IO.MemoryStream, mscorlib, 4.0.0.0].Write([p:byte[]] buffer, [p:int] offset, [p:int] count)","ArgIndex":1},{"Method":"0M:[p:void] [System.IO.MemoryStream, mscorlib, 4.0.0.0]..ctor([p:int] capacity)","ArgIndex":0}]}