{"Type":"0T:System.Text.StringBuilder, mscorlib, 4.0.0.0","ClassCtx":"0T:StockSharp.Anywhere.WriteHelpers, Anywhere","MethodCtx":"0M:static [p:string] [StockSharp.Anywhere.WriteHelpers, Anywhere].Level1ToString([?] level)","Definition":{"Type":"NEW","Member":"0M:[p:void] [System.Text.StringBuilder, mscorlib, 4.0.0.0]..ctor()"},"MemberAccesses":[{"Type":"METHOD_CALL","Member":"0M:[System.Text.StringBuilder, mscorlib, 4.0.0.0] [System.Text.StringBuilder, mscorlib, 4.0.0.0].Append([p:string] value)"}]}