{"Type":"0T:System.Type, mscorlib, 4.0.0.0","ClassCtx":"0T:OxyPlot.Series.CandleStickSeries, OxyPlot_NET40","MethodCtx":"0M:[p:double] [OxyPlot.Series.CandleStickSeries, OxyPlot_NET40].FieldValueOf([p:object] item, [p:string] propertyName)","Definition":{"Type":"RETURN_VALUE","Member":"0M:[System.Type, mscorlib, 4.0.0.0] [p:object].GetType()"},"CallParameters":[{"Method":"0M:static [System.Reflection.PropertyInfo, mscorlib, 4.0.0.0] [OxyPlot.ReflectionExtensions, OxyPlot_NET40].GetRuntimeProperty(this [System.Type, mscorlib, 4.0.0.0] type, [p:string] name)","ArgIndex":0}]}