{"Type":"0T:System.Type, mscorlib, 4.0.0.0","ClassCtx":"0T:OxyPlot.CodeGenerator, OxyPlot_NET40","MethodCtx":"0M:static [p:string] [OxyPlot.CodeGenerator, OxyPlot_NET40].FormatConstructor([System.Type, mscorlib, 4.0.0.0] type, [p:string] format, params [p:object[]] values)","Definition":{"Type":"METHOD_PARAMETER","Member":"0M:static [p:string] [OxyPlot.CodeGenerator, OxyPlot_NET40].FormatConstructor([System.Type, mscorlib, 4.0.0.0] type, [p:string] format, params [p:object[]] values)","ArgIndex":0}}