{"Type":"0T:System.Type, mscorlib, 4.0.0.0","ClassCtx":"0T:OxyPlot.CodeGenerator, OxyPlot_NET40","MethodCtx":"0M:[p:string] [OxyPlot.CodeGenerator, OxyPlot_NET40].Add([p:object] obj)","Definition":{"Type":"RETURN_VALUE","Member":"0M:[System.Type, mscorlib, 4.0.0.0] [p:object].GetType()"},"CallParameters":[{"Method":"0M:static [p:object] [System.Activator, mscorlib, 4.0.0.0].CreateInstance([System.Type, mscorlib, 4.0.0.0] type)","ArgIndex":0},{"Method":"0M:[p:string] [OxyPlot.CodeGenerator, OxyPlot_NET40].GetNewVariableName([System.Type, mscorlib, 4.0.0.0] type)","ArgIndex":0}],"MemberAccesses":[{"Type":"METHOD_CALL","Member":"0M:[System.Reflection.ConstructorInfo[], mscorlib, 4.0.0.0] [System.Type, mscorlib, 4.0.0.0].GetConstructors()"}]}