{"Type":"0T:System.Type, mscorlib, 4.0.0.0","ClassCtx":"0T:OxyPlot.CodeGenerator, OxyPlot_NET40","MethodCtx":"0M:[p:void] [OxyPlot.CodeGenerator, OxyPlot_NET40].AddArray([p:string] name, [System.Array, mscorlib, 4.0.0.0] array)","Definition":{"Type":"RETURN_VALUE","Member":"0M:[System.Type, mscorlib, 4.0.0.0] [System.Type, mscorlib, 4.0.0.0].GetElementType()"},"MemberAccesses":[{"Type":"METHOD_CALL","Member":"0M:[System.Type, mscorlib, 4.0.0.0] [System.Type, mscorlib, 4.0.0.0].GetElementType()"}]}