{"Type":"0T:System.Type, mscorlib, 4.0.0.0","ClassCtx":"0T:OxyPlot.CodeGenerator, OxyPlot_NET40","MethodCtx":"0M:[p:string] [OxyPlot.CodeGenerator, OxyPlot_NET40].GetNewVariableName([System.Type, mscorlib, 4.0.0.0] type)","Definition":{"Type":"METHOD_PARAMETER","Member":"0M:[p:string] [OxyPlot.CodeGenerator, OxyPlot_NET40].GetNewVariableName([System.Type, mscorlib, 4.0.0.0] type)","ArgIndex":0},"MemberAccesses":[{"Type":"MEMBER_REFERENCE","Member":"0P:get [p:string] [System.Reflection.MemberInfo, mscorlib, 4.0.0.0].Name()"}]}