{"Type":"0T:System.Type, mscorlib, 4.0.0.0","ClassCtx":"0T:OxyPlot.CodeGenerator, OxyPlot_NET40","MethodCtx":"0M:[p:void] [OxyPlot.CodeGenerator, OxyPlot_NET40].SetProperties([p:object] instance, [p:string] varName, [p:object] defaultValues)","Definition":{"Type":"RETURN_VALUE","Member":"0M:[System.Type, mscorlib, 4.0.0.0] [p:object].GetType()"},"MemberAccesses":[{"Type":"METHOD_CALL","Member":"0M:[System.Reflection.PropertyInfo[], mscorlib, 4.0.0.0] [System.Type, mscorlib, 4.0.0.0].GetProperties([e:System.Reflection.BindingFlags, mscorlib, 4.0.0.0] bindingAttr)"}]}