{"Type":"0T:System.Type, mscorlib, 4.0.0.0","ClassCtx":"0T:OxyPlot.ReflectionExtensions, OxyPlot_NET40","MethodCtx":"0M:static [System.Reflection.PropertyInfo, mscorlib, 4.0.0.0] [OxyPlot.ReflectionExtensions, OxyPlot_NET40].GetRuntimeProperty(this [System.Type, mscorlib, 4.0.0.0] type, [p:string] name)","Definition":{"Type":"METHOD_PARAMETER","Member":"0M:static [System.Reflection.PropertyInfo, mscorlib, 4.0.0.0] [OxyPlot.ReflectionExtensions, OxyPlot_NET40].GetRuntimeProperty(this [System.Type, mscorlib, 4.0.0.0] type, [p:string] name)","ArgIndex":0},"MemberAccesses":[{"Type":"METHOD_CALL","Member":"0M:[System.Reflection.PropertyInfo, mscorlib, 4.0.0.0] [System.Type, mscorlib, 4.0.0.0].GetProperty([p:string] name)"}]}