{"Type":"0T:System.Type, mscorlib, 4.0.0.0","ClassCtx":"0T:ExampleLibrary.ErrorItem, ExampleLibrary_NET40","MethodCtx":"0M:[p:string] [ExampleLibrary.ErrorItem, ExampleLibrary_NET40].ToCode()","Definition":{"Type":"RETURN_VALUE","Member":"0M:[System.Type, mscorlib, 4.0.0.0] [p:object].GetType()"},"CallParameters":[{"Method":"0M:static [p:string] [OxyPlot.CodeGenerator, OxyPlot_NET40].FormatConstructor([System.Type, mscorlib, 4.0.0.0] type, [p:string] format, params [p:object[]] values)","ArgIndex":0}]}