{"Type":"0T:System.Type, mscorlib, 4.0.0.0","ClassCtx":"0T:ExampleLibrary.Examples, ExampleLibrary_NET40","MethodCtx":"0M:static [i:System.Collections.Generic.IEnumerable`1[[T]], mscorlib, 4.0.0.0] [ExampleLibrary.Examples, ExampleLibrary_NET40].GetCustomAttributes`1[[T]](this [System.Type, mscorlib, 4.0.0.0] type)","Definition":{"Type":"METHOD_PARAMETER","Member":"0M:static [i:System.Collections.Generic.IEnumerable`1[[T]], mscorlib, 4.0.0.0] [ExampleLibrary.Examples, ExampleLibrary_NET40].GetCustomAttributes`1[[T]](this [System.Type, mscorlib, 4.0.0.0] type)","ArgIndex":0},"MemberAccesses":[{"Type":"METHOD_CALL","Member":"0M:[p:object[]] [System.Reflection.MemberInfo, mscorlib, 4.0.0.0].GetCustomAttributes([System.Type, mscorlib, 4.0.0.0] attributeType, [p:bool] inherit)"}]}