{"Type":"0T:System.Type, mscorlib, 4.0.0.0","ClassCtx":"0T:OxyPlot.Reporting.PropertyTable, OxyPlot_NET40","MethodCtx":"0M:[p:void] [OxyPlot.Reporting.PropertyTable, OxyPlot_NET40].UpdateFields([i:System.Collections.IEnumerable, mscorlib, 4.0.0.0] items)","Definition":{"Type":"RETURN_VALUE","Member":"0M:[System.Type, mscorlib, 4.0.0.0] [OxyPlot.Reporting.PropertyTable, OxyPlot_NET40].GetItemType([i:System.Collections.IEnumerable, mscorlib, 4.0.0.0] items)"},"MemberAccesses":[{"Type":"METHOD_CALL","Member":"0M:[System.Reflection.PropertyInfo[], mscorlib, 4.0.0.0] [System.Type, mscorlib, 4.0.0.0].GetProperties([e:System.Reflection.BindingFlags, mscorlib, 4.0.0.0] bindingAttr)"}]}