{"Type":"0T:System.Windows.Forms.MouseEventArgs, System.Windows.Forms, 2.0.0.0","ClassCtx":"0T:CUnit.Form1, CU_MDX_D3DInit","MethodCtx":"0M:[p:void] [CUnit.Form1, CU_MDX_D3DInit].Form1_MouseDown([p:object] sender, [System.Windows.Forms.MouseEventArgs, System.Windows.Forms, 2.0.0.0] e)","Definition":{"Type":"METHOD_PARAMETER","Member":"0M:[p:void] [CUnit.Form1, CU_MDX_D3DInit].Form1_MouseDown([p:object] sender, [System.Windows.Forms.MouseEventArgs, System.Windows.Forms, 2.0.0.0] e)","ArgIndex":1}}