{"Type":"0T:i:System.Linq.IQueryable, System.Core, 4.0.0.0","ClassCtx":"0T:Apress.Recipes.WebApi.Areas.HelpPage.ObjectGenerator, Apress.Recipes.WebApi","MethodCtx":"0M:static [p:object] [Apress.Recipes.WebApi.Areas.HelpPage.ObjectGenerator, Apress.Recipes.WebApi].GenerateQueryable([System.Type, mscorlib, 4.0.0.0] queryableType, [p:int] size, [System.Collections.Generic.Dictionary`2[[TKey],[TValue]], mscorlib, 4.0.0.0] createdObjectReferences)","Definition":{"Type":"RETURN_VALUE","Member":"0M:static [i:System.Linq.IQueryable, System.Core, 4.0.0.0] [System.Linq.Queryable, System.Core, 4.0.0.0].AsQueryable(this [i:System.Collections.IEnumerable, mscorlib, 4.0.0.0] source)"}}