{"Type":"0T:i:System.Web.Http.Description.IDocumentationProvider, System.Web.Http, 5.1.0.0","ClassCtx":"0T:Apress.Recipes.WebApi.Areas.HelpPage.ModelDescriptions.ModelDescriptionGenerator, Apress.Recipes.WebApi","MethodCtx":"0M:[TResult] [d:[TResult] [System.Func`1[[TResult]], mscorlib, 4.0.0.0].()].Invoke()","Definition":{"Type":"RETURN_VALUE","Member":"0M:static [i:System.Web.Http.Description.IDocumentationProvider, System.Web.Http, 5.1.0.0] [System.Web.Http.ServicesExtensions, System.Web.Http, 5.1.0.0].GetDocumentationProvider(this [System.Web.Http.Controllers.ServicesContainer, System.Web.Http, 5.1.0.0] services)"}}