{"Type":"0T:s:SharpDX.Color4, SharpDX, 2.6.3.0","ClassCtx":"0T:Cocos2D.CCLabel, Cocos2d.WinRT","MethodCtx":"0M:[?] [Cocos2D.CCLabel, Cocos2d.WinRT].CreateBitmap([?] width, [?] height)","Definition":{"Type":"NEW","Member":"0M:[p:void] [s:SharpDX.Color4, SharpDX, 2.6.3.0]..ctor([s:SharpDX.Color3, SharpDX, 2.6.3.0] color, [p:float] alpha)"},"CallParameters":[{"Method":"0M:[p:void] [SharpDX.Direct2D1.SolidColorBrush, SharpDX.Direct2D1, 2.6.3.0]..ctor([SharpDX.Direct2D1.RenderTarget, SharpDX.Direct2D1, 2.6.3.0] renderTarget, [s:SharpDX.Color4, SharpDX, 2.6.3.0] color)","ArgIndex":1}]}