{"Type":"0T:SharpDX.DirectWrite.TextFormat, SharpDX.Direct2D1, 2.6.3.0","ClassCtx":"0T:Cocos2D.CCLabel, Cocos2d.WinRT","MethodCtx":"0M:[s:Cocos2D.CCSize, Cocos2d.WinRT] [Cocos2D.CCLabel, Cocos2d.WinRT].GetMeasureString([?] text)","Definition":{"Type":"MEMBER_ACCESS","Member":"0F:static [SharpDX.DirectWrite.TextFormat, SharpDX.Direct2D1, 2.6.3.0] [Cocos2D.CCLabel, Cocos2d.WinRT].textFormat"},"CallParameters":[{"Method":"0M:[p:void] [SharpDX.DirectWrite.TextLayout, SharpDX.Direct2D1, 2.6.3.0]..ctor([SharpDX.DirectWrite.Factory, SharpDX.Direct2D1, 2.6.3.0] factory, [p:string] text, [SharpDX.DirectWrite.TextFormat, SharpDX.Direct2D1, 2.6.3.0] textFormat, [p:float] maxWidth, [p:float] maxHeight)","ArgIndex":2}]}