{"Type":"0T:SharpDX.DirectWrite.Font, SharpDX.Direct2D1, 2.6.3.0","ClassCtx":"0T:Cocos2D.CCLabel, Cocos2d.WinRT","MethodCtx":"0M:[?] [Cocos2D.CCLabel, Cocos2d.WinRT].CreateFont([?] fontName, [?] fontSize, [Cocos2D.CCRawList`1[[T]], Cocos2d.WinRT] charset)","Definition":{"Type":"MEMBER_ACCESS","Member":"0F:static [SharpDX.DirectWrite.Font, SharpDX.Direct2D1, 2.6.3.0] [Cocos2D.CCLabel, Cocos2d.WinRT]._currentFont"},"MemberAccesses":[{"Type":"MEMBER_REFERENCE","Member":"0P:get [SharpDX.DirectWrite.FontFamily, SharpDX.Direct2D1, 2.6.3.0] [SharpDX.DirectWrite.Font, SharpDX.Direct2D1, 2.6.3.0].FontFamily()"}]}