{"Type":"0T:SharpDX.DirectWrite.Font, SharpDX.Direct2D1, 2.6.3.0","ClassCtx":"0T:Cocos2D.CCLabel, Cocos2d.WinRT","MethodCtx":"0M:static [?] [Cocos2D.CCLabel, Cocos2d.WinRT].GetKerningInfo([Cocos2D.CCRawList`1[[T]], Cocos2d.WinRT] charset)","Definition":{"Type":"MEMBER_ACCESS","Member":"0F:static [SharpDX.DirectWrite.Font, SharpDX.Direct2D1, 2.6.3.0] [Cocos2D.CCLabel, Cocos2d.WinRT]._currentFont"},"CallParameters":[{"Method":"0M:[p:void] [SharpDX.DirectWrite.FontFace, SharpDX.Direct2D1, 2.6.3.0]..ctor([SharpDX.DirectWrite.Font, SharpDX.Direct2D1, 2.6.3.0] font)","ArgIndex":0}]}