{"Type":"0T:SharpDX.DirectWrite.Font, SharpDX.Direct2D1, 2.6.3.0","ClassCtx":"0T:Cocos2D.CCLabel, Cocos2d.WinRT","MethodCtx":"0M:static [SharpDX.DirectWrite.Font, SharpDX.Direct2D1, 2.6.3.0] [Cocos2D.CCLabel, Cocos2d.WinRT].GetFont([?] fontName, [?] fontSize)","Definition":{"Type":"RETURN_VALUE","Member":"0M:[SharpDX.DirectWrite.Font, SharpDX.Direct2D1, 2.6.3.0] [SharpDX.DirectWrite.FontFamily, SharpDX.Direct2D1, 2.6.3.0].GetFirstMatchingFont([e:SharpDX.DirectWrite.FontWeight, SharpDX.Direct2D1, 2.6.3.0] weight, [e:SharpDX.DirectWrite.FontStretch, SharpDX.Direct2D1, 2.6.3.0] stretch, [e:SharpDX.DirectWrite.FontStyle, SharpDX.Direct2D1, 2.6.3.0] style)"}}