{"Type":"0T:s:SharpDX.RectangleF, SharpDX, 2.6.3.0","ClassCtx":"0T:Cocos2D.CCLabel, Cocos2d.WinRT","MethodCtx":"0M:[?] [Cocos2D.CCLabel, Cocos2d.WinRT].GetBitmapData([?] s, out [?] stride)","Definition":{"Type":"NEW","Member":"0M:[p:void] [s:SharpDX.RectangleF, SharpDX, 2.6.3.0]..ctor([p:float] x, [p:float] y, [p:float] width, [p:float] height)"},"CallParameters":[{"Method":"0M:[p:void] [SharpDX.Direct2D1.RenderTarget, SharpDX.Direct2D1, 2.6.3.0].DrawText([p:string] text, [SharpDX.DirectWrite.TextFormat, SharpDX.Direct2D1, 2.6.3.0] textFormat, [s:SharpDX.RectangleF, SharpDX, 2.6.3.0] layoutRect, [SharpDX.Direct2D1.Brush, SharpDX.Direct2D1, 2.6.3.0] defaultForegroundBrush)","ArgIndex":2}]}