{"Type":"0T:s:System.TimeSpan, mscorlib, 4.0.0.0","ClassCtx":"0T:OxyPlot.Axes.TimeSpanAxis, OxyPlot_NET40","MethodCtx":"0M:static [p:double] [OxyPlot.Axes.TimeSpanAxis, OxyPlot_NET40].ToDouble([s:System.TimeSpan, mscorlib, 4.0.0.0] s)","Definition":{"Type":"METHOD_PARAMETER","Member":"0M:static [p:double] [OxyPlot.Axes.TimeSpanAxis, OxyPlot_NET40].ToDouble([s:System.TimeSpan, mscorlib, 4.0.0.0] s)","ArgIndex":0},"MemberAccesses":[{"Type":"MEMBER_REFERENCE","Member":"0P:get [p:double] [s:System.TimeSpan, mscorlib, 4.0.0.0].TotalSeconds()"}]}