{"Type":"0T:s:System.TimeSpan, mscorlib, 4.0.0.0","ClassCtx":"0T:OxyPlot.Axes.TimeSpanAxis, OxyPlot_NET40","MethodCtx":"0M:[p:string] [OxyPlot.Axes.Axis, OxyPlot_NET40].FormatValueOverride([p:double] x)","Definition":{"Type":"RETURN_VALUE","Member":"0M:static [s:System.TimeSpan, mscorlib, 4.0.0.0] [OxyPlot.Axes.TimeSpanAxis, OxyPlot_NET40].ToTimeSpan([p:double] value)"},"CallParameters":[{"Method":"0M:static [p:string] [p:string].Format([i:System.IFormatProvider, mscorlib, 4.0.0.0] provider, [p:string] format, params [p:object[]] args)","ArgIndex":2}]}