{"Type":"0T:s:System.TimeSpan, mscorlib, 4.0.0.0","ClassCtx":"0T:ExampleLibrary.MiscExamples, ExampleLibrary_NET40","MethodCtx":"0M:static [OxyPlot.PlotModel, OxyPlot_NET40] [ExampleLibrary.MiscExamples, ExampleLibrary_NET40].TrainSchedule()","Definition":{"Type":"RETURN_VALUE","Member":"0M:static [s:System.TimeSpan, mscorlib, 4.0.0.0] [s:System.TimeSpan, mscorlib, 4.0.0.0].FromHours([p:double] value)"},"CallParameters":[{"Method":"0M:static [p:double] [OxyPlot.Axes.TimeSpanAxis, OxyPlot_NET40].ToDouble([s:System.TimeSpan, mscorlib, 4.0.0.0] s)","ArgIndex":0}]}