{"Type":"0T:s:System.TimeSpan, mscorlib, 4.0.0.0","ClassCtx":"0T:ExampleLibrary.Sun, ExampleLibrary_NET40","MethodCtx":"0M:static [s:System.DateTime, mscorlib, 4.0.0.0] [ExampleLibrary.Sun, ExampleLibrary_NET40].Calculate([s:System.DateTime, mscorlib, 4.0.0.0] date, [p:double] latitude, [p:double] longitude, [p:bool] sunrise, [d:[TResult] [System.Func`2[[T],[TResult]], mscorlib, 4.0.0.0].([T] arg)] utcToLocalTime, opt [p:double] zenith)","Definition":{"Type":"UNKNOWN"},"MemberAccesses":[{"Type":"MEMBER_REFERENCE","Member":"0P:get [p:double] [s:System.TimeSpan, mscorlib, 4.0.0.0].TotalHours()"}]}