{"Type":"0T:System.Version, mscorlib, 4.0.0.0","ClassCtx":"0T:OxyPlot.Reporting.PlotModelExtensions, OxyPlot_NET40","MethodCtx":"0M:static [OxyPlot.Reporting.Report, OxyPlot_NET40] [OxyPlot.Reporting.PlotModelExtensions, OxyPlot_NET40].CreateReport(this [OxyPlot.PlotModel, OxyPlot_NET40] plotModel)","Definition":{"Type":"MEMBER_ACCESS","Member":"0P:set get [System.Version, mscorlib, 4.0.0.0] [System.Reflection.AssemblyName, mscorlib, 4.0.0.0].Version()"},"MemberAccesses":[{"Type":"METHOD_CALL","Member":"0M:[p:string] [System.Version, mscorlib, 4.0.0.0].ToString([p:int] fieldCount)"}]}