{"Type":"0T:System.IO.BinaryReader, mscorlib, 4.0.0.0","ClassCtx":"0T:OxyPlot.BinaryReaderExtensions, OxyPlot_NET40","MethodCtx":"0M:static [p:double] [OxyPlot.BinaryReaderExtensions, OxyPlot_NET40].ReadBigEndianDouble(this [System.IO.BinaryReader, mscorlib, 4.0.0.0] r)","Definition":{"Type":"METHOD_PARAMETER","Member":"0M:static [p:double] [OxyPlot.BinaryReaderExtensions, OxyPlot_NET40].ReadBigEndianDouble(this [System.IO.BinaryReader, mscorlib, 4.0.0.0] r)","ArgIndex":0},"MemberAccesses":[{"Type":"METHOD_CALL","Member":"0M:[p:byte[]] [System.IO.BinaryReader, mscorlib, 4.0.0.0].ReadBytes([p:int] count)"}]}