{"Type":"0T:System.IO.BinaryReader, mscorlib, 4.0.0.0","ClassCtx":"0T:OxyPlot.BinaryReaderExtensions, OxyPlot_NET40","MethodCtx":"0M:static [p:ushort[]] [OxyPlot.BinaryReaderExtensions, OxyPlot_NET40].ReadUInt16Array(this [System.IO.BinaryReader, mscorlib, 4.0.0.0] r, [p:int] count, [p:bool] isLittleEndian)","Definition":{"Type":"METHOD_PARAMETER","Member":"0M:static [p:ushort[]] [OxyPlot.BinaryReaderExtensions, OxyPlot_NET40].ReadUInt16Array(this [System.IO.BinaryReader, mscorlib, 4.0.0.0] r, [p:int] count, [p:bool] isLittleEndian)","ArgIndex":0},"MemberAccesses":[{"Type":"METHOD_CALL","Member":"0M:[p:ushort] [System.IO.BinaryReader, mscorlib, 4.0.0.0].ReadUInt16()"}]}