{"Type":"0T:i:System.Collections.Generic.IEnumerable`1[[T]], mscorlib, 4.0.0.0","ClassCtx":"0T:StockSharp.Anywhere.TransactionKey, Anywhere","MethodCtx":"0M:[p:object] [StockSharp.Anywhere.TransactionKey, Anywhere].PredefinedSetValidate([p:string] value)","Definition":{"Type":"MEMBER_ACCESS","Member":"0P:set get [i:System.Collections.Generic.IEnumerable`1[[T]], mscorlib, 4.0.0.0] [StockSharp.Anywhere.TransactionKey, Anywhere].PredefinedValues()"},"CallParameters":[{"Method":"0M:static [p:bool] [System.Linq.Enumerable, System.Core, 4.0.0.0].Contains`1[[TSource]](this [i:System.Collections.Generic.IEnumerable`1[[T]], mscorlib, 4.0.0.0] source, [TSource] value)","ArgIndex":0}]}