{"Type":"0T:i:System.Collections.Generic.IEnumerable`1[[T]], mscorlib, 4.0.0.0","ClassCtx":"0T:StockSharp.Anywhere.InputTranParser, Anywhere","MethodCtx":"0M:[p:void] [StockSharp.Anywhere.InputTranParser, Anywhere].NewLinesParsing([i:System.Collections.Generic.IEnumerable`1[[T]], mscorlib, 4.0.0.0] lines)","Definition":{"Type":"METHOD_PARAMETER","Member":"0M:[p:void] [StockSharp.Anywhere.InputTranParser, Anywhere].NewLinesParsing([i:System.Collections.Generic.IEnumerable`1[[T]], mscorlib, 4.0.0.0] lines)","ArgIndex":0}}