{"Type":"0T:i:System.Collections.Generic.IEnumerable`1[[T]], mscorlib, 4.0.0.0","ClassCtx":"0T:StockSharp.Anywhere.TransactionKey, Anywhere","MethodCtx":"0M:[p:void] [StockSharp.Anywhere.TransactionKey, Anywhere].PredefinedValues__set__([i:System.Collections.Generic.IEnumerable`1[[T]], mscorlib, 4.0.0.0] value)","Definition":{"Type":"METHOD_PARAMETER","Member":"0M:[p:void] [StockSharp.Anywhere.TransactionKey, Anywhere].PredefinedValues__set__([i:System.Collections.Generic.IEnumerable`1[[T]], mscorlib, 4.0.0.0] value)","ArgIndex":0}}