{"Type":"0T:s:System.DateTime, mscorlib, 4.0.0.0","ClassCtx":"0T:OxyPlot.Axes.DateTimeAxis, OxyPlot_NET40","MethodCtx":"0M:static [s:OxyPlot.DataPoint, OxyPlot_NET40] [OxyPlot.Axes.DateTimeAxis, OxyPlot_NET40].CreateDataPoint([p:double] x, [s:System.DateTime, mscorlib, 4.0.0.0] y)","Definition":{"Type":"METHOD_PARAMETER","Member":"0M:static [s:OxyPlot.DataPoint, OxyPlot_NET40] [OxyPlot.Axes.DateTimeAxis, OxyPlot_NET40].CreateDataPoint([p:double] x, [s:System.DateTime, mscorlib, 4.0.0.0] y)","ArgIndex":1},"CallParameters":[{"Method":"0M:static [p:double] [OxyPlot.Axes.DateTimeAxis, OxyPlot_NET40].ToDouble([s:System.DateTime, mscorlib, 4.0.0.0] value)","ArgIndex":0}]}