{"Type":"0T:s:System.DateTime, mscorlib, 4.0.0.0","ClassCtx":"0T:OxyPlot.Axes.DateTimeAxis, OxyPlot_NET40","MethodCtx":"0M:static [s:System.DateTime, mscorlib, 4.0.0.0] [OxyPlot.Axes.DateTimeAxis, OxyPlot_NET40].ToDateTime([p:double] value)","Definition":{"Type":"RETURN_VALUE","Member":"0M:[s:System.DateTime, mscorlib, 4.0.0.0] [s:System.DateTime, mscorlib, 4.0.0.0].AddDays([p:double] value)"},"MemberAccesses":[{"Type":"METHOD_CALL","Member":"0M:[s:System.DateTime, mscorlib, 4.0.0.0] [s:System.DateTime, mscorlib, 4.0.0.0].AddDays([p:double] value)"}]}