{"Type":"0T:s:System.DateTime, mscorlib, 4.0.0.0","ClassCtx":"0T:OxyPlot.Axes.DateTimeAxis, OxyPlot_NET40","MethodCtx":"0M:[p:object] [OxyPlot.Axes.Axis, OxyPlot_NET40].GetValue([p:double] x)","Definition":{"Type":"RETURN_VALUE","Member":"0M:static [s:System.DateTime, mscorlib, 4.0.0.0] [System.TimeZoneInfo, mscorlib, 4.0.0.0].ConvertTime([s:System.DateTime, mscorlib, 4.0.0.0] dateTime, [System.TimeZoneInfo, mscorlib, 4.0.0.0] destinationTimeZone)"},"CallParameters":[{"Method":"0M:static [s:System.DateTime, mscorlib, 4.0.0.0] [System.TimeZoneInfo, mscorlib, 4.0.0.0].ConvertTime([s:System.DateTime, mscorlib, 4.0.0.0] dateTime, [System.TimeZoneInfo, mscorlib, 4.0.0.0] destinationTimeZone)","ArgIndex":0}]}