{"Type":"0T:s:System.DateTime, mscorlib, 4.0.0.0","ClassCtx":"0T:OxyPlot.Axes.DateTimeAxis, OxyPlot_NET40","MethodCtx":"0M:[p:int] [OxyPlot.Axes.DateTimeAxis, OxyPlot_NET40].GetWeek([s:System.DateTime, mscorlib, 4.0.0.0] date)","Definition":{"Type":"METHOD_PARAMETER","Member":"0M:[p:int] [OxyPlot.Axes.DateTimeAxis, OxyPlot_NET40].GetWeek([s:System.DateTime, mscorlib, 4.0.0.0] date)","ArgIndex":0},"CallParameters":[{"Method":"0M:[p:int] [System.Globalization.Calendar, mscorlib, 4.0.0.0].GetWeekOfYear([s:System.DateTime, mscorlib, 4.0.0.0] time, [e:System.Globalization.CalendarWeekRule, mscorlib, 4.0.0.0] rule, [e:System.DayOfWeek, mscorlib, 4.0.0.0] firstDayOfWeek)","ArgIndex":0}]}