{"Type":"0T:s:System.DateTime, mscorlib, 4.0.0.0","ClassCtx":"0T:ExampleLibrary.OhlcvItemGenerator, ExampleLibrary_NET40","MethodCtx":"0M:static [i:System.Collections.Generic.IEnumerable`1[[T]], mscorlib, 4.0.0.0] [ExampleLibrary.OhlcvItemGenerator, ExampleLibrary_NET40].MRProcess([p:int] n, opt [p:double] x0, opt [p:double] v0, opt [p:double] csigma, opt [p:double] esigma, opt [p:double] kappa)","Definition":{"Type":"RETURN_VALUE","Member":"0M:[s:System.DateTime, mscorlib, 4.0.0.0] [s:System.DateTime, mscorlib, 4.0.0.0].AddSeconds([p:double] value)"},"CallParameters":[{"Method":"0M:static [p:double] [OxyPlot.Axes.DateTimeAxis, OxyPlot_NET40].ToDouble([s:System.DateTime, mscorlib, 4.0.0.0] value)","ArgIndex":0}],"MemberAccesses":[{"Type":"METHOD_CALL","Member":"0M:[s:System.DateTime, mscorlib, 4.0.0.0] [s:System.DateTime, mscorlib, 4.0.0.0].AddSeconds([p:double] value)"}]}