{"Type":"0T:s:System.DateTime, mscorlib, 4.0.0.0","ClassCtx":"0T:ExampleLibrary.BoxPlotSeriesExamples, ExampleLibrary_NET40","MethodCtx":"0M:static [OxyPlot.PlotModel, OxyPlot_NET40] [ExampleLibrary.BoxPlotSeriesExamples, ExampleLibrary_NET40].BoxPlotSeries_DateTimeAxis()","Definition":{"Type":"NEW","Member":"0M:[p:void] [s:System.DateTime, mscorlib, 4.0.0.0]..ctor([p:int] year, [p:int] month, [p:int] day)"},"CallParameters":[{"Method":"0M:static [p:double] [OxyPlot.Axes.DateTimeAxis, OxyPlot_NET40].ToDouble([s:System.DateTime, mscorlib, 4.0.0.0] value)","ArgIndex":0}]}