{"Type":"0T:s:System.DateTime, mscorlib, 4.0.0.0","ClassCtx":"0T:ExampleLibrary.DateTimeAxisExamples, ExampleLibrary_NET40","MethodCtx":"0M:static [OxyPlot.PlotModel, OxyPlot_NET40] [ExampleLibrary.DateTimeAxisExamples, ExampleLibrary_NET40].Example1()","Definition":{"Type":"RETURN_VALUE","Member":"0M:[s:System.DateTime, mscorlib, 4.0.0.0] [s:System.DateTime, mscorlib, 4.0.0.0].AddHours([p:double] value)"},"CallParameters":[{"Method":"0M:static [p:double] [OxyPlot.Axes.DateTimeAxis, OxyPlot_NET40].ToDouble([s:System.DateTime, mscorlib, 4.0.0.0] value)","ArgIndex":0}],"MemberAccesses":[{"Type":"METHOD_CALL","Member":"0M:[s:System.DateTime, mscorlib, 4.0.0.0] [s:System.DateTime, mscorlib, 4.0.0.0].AddDays([p:double] value)"},{"Type":"METHOD_CALL","Member":"0M:[s:System.DateTime, mscorlib, 4.0.0.0] [s:System.DateTime, mscorlib, 4.0.0.0].AddHours([p:double] value)"}]}