{"Type":"0T:s:System.DateTime, mscorlib, 4.0.0.0","ClassCtx":"0T:ExampleLibrary.DateTimeAxisExamples, ExampleLibrary_NET40","MethodCtx":"0M:static [OxyPlot.PlotModel, OxyPlot_NET40] [ExampleLibrary.DateTimeAxisExamples, ExampleLibrary_NET40].DaylightSavingsBreak()","Definition":{"Type":"RETURN_VALUE","Member":"0M:[s:System.DateTime, mscorlib, 4.0.0.0] [s:System.DateTime, mscorlib, 4.0.0.0].AddMinutes([p:double] value)"},"CallParameters":[{"Method":"0M:static [s:OxyPlot.DataPoint, OxyPlot_NET40] [OxyPlot.Axes.DateTimeAxis, OxyPlot_NET40].CreateDataPoint([s:System.DateTime, mscorlib, 4.0.0.0] x, [p:double] y)","ArgIndex":0}],"MemberAccesses":[{"Type":"METHOD_CALL","Member":"0M:[s:System.DateTime, mscorlib, 4.0.0.0] [s:System.DateTime, mscorlib, 4.0.0.0].AddMinutes([p:double] value)"}]}