{"Type":"0T:s:System.DateTime, mscorlib, 4.0.0.0","ClassCtx":"0T:ExampleLibrary.DateTimeAxisExamples, ExampleLibrary_NET40","MethodCtx":"0M:static [OxyPlot.PlotModel, OxyPlot_NET40] [ExampleLibrary.DateTimeAxisExamples, ExampleLibrary_NET40].DateTimeaxisPlotModel()","Definition":{"Type":"RETURN_VALUE","Member":"0M:[s:System.DateTime, mscorlib, 4.0.0.0] [s:System.DateTime, mscorlib, 4.0.0.0].AddSeconds([p:double] value)"},"MemberAccesses":[{"Type":"METHOD_CALL","Member":"0M:[s:System.DateTime, mscorlib, 4.0.0.0] [s:System.DateTime, mscorlib, 4.0.0.0].AddSeconds([p:double] value)"}]}