{"Type":"0T:s:System.DateTime, mscorlib, 4.0.0.0","ClassCtx":"0T:ExampleLibrary.DateTimeAxisExamples, ExampleLibrary_NET40","MethodCtx":"0M:static [OxyPlot.PlotModel, OxyPlot_NET40] [ExampleLibrary.DateTimeAxisExamples, ExampleLibrary_NET40].SunriseandsunsetinOslo()","Definition":{"Type":"MEMBER_ACCESS","Member":"0P:get static [s:System.DateTime, mscorlib, 4.0.0.0] [s:System.DateTime, mscorlib, 4.0.0.0].Now()"},"MemberAccesses":[{"Type":"MEMBER_REFERENCE","Member":"0P:get [p:int] [s:System.DateTime, mscorlib, 4.0.0.0].Year()"}]}