{"Type":"0T:s:System.DateTime, mscorlib, 4.0.0.0","ClassCtx":"0T:ExampleLibrary.DateTimeAxisExamples, ExampleLibrary_NET40","MethodCtx":"0M:[TResult] [d:[TResult] [System.Func`2[[T],[TResult]], mscorlib, 4.0.0.0].([T] arg)].Invoke([T] arg)","Definition":{"Type":"RETURN_VALUE","Member":"0M:[s:System.DateTime, mscorlib, 4.0.0.0] [s:System.DateTime, mscorlib, 4.0.0.0].AddHours([p:double] value)"},"CallParameters":[{"Method":"0M:static [p:bool] [ExampleLibrary.DateTimeAxisExamples, ExampleLibrary_NET40].IsDaylightSaving([s:System.DateTime, mscorlib, 4.0.0.0] time)","ArgIndex":0}],"MemberAccesses":[{"Type":"METHOD_CALL","Member":"0M:[s:System.DateTime, mscorlib, 4.0.0.0] [s:System.DateTime, mscorlib, 4.0.0.0].AddHours([p:double] value)"}]}