{"Type":"0T:s:System.DateTime, mscorlib, 4.0.0.0","ClassCtx":"0T:ExampleLibrary.DateTimeAxisExamples, ExampleLibrary_NET40","MethodCtx":"0M:[TResult] [d:[TResult] [System.Func`2[[T],[TResult]], mscorlib, 4.0.0.0].([T] arg)].Invoke([T] arg)","Definition":{"Type":"RETURN_VALUE","Member":"0M:static [s:System.DateTime, mscorlib, 4.0.0.0] [OxyPlot.Axes.DateTimeAxis, OxyPlot_NET40].ToDateTime([p:double] value)"},"MemberAccesses":[{"Type":"MEMBER_REFERENCE","Member":"0P:get [e:System.DayOfWeek, mscorlib, 4.0.0.0] [s:System.DateTime, mscorlib, 4.0.0.0].DayOfWeek()"}]}