{"Type":"0T:System.Xml.XmlDocument, System.Xml, 4.0.0.0","ClassCtx":"0T:MSHelpSystem.Core.Help3Service, HelpViewer","MethodCtx":"0M:static [p:void] [MSHelpSystem.Core.Help3Service, HelpViewer].UpdateCatalogs()","Definition":{"Type":"NEW","Member":"0M:[p:void] [System.Xml.XmlDocument, System.Xml, 4.0.0.0]..ctor()"},"MemberAccesses":[{"Type":"METHOD_CALL","Member":"0M:[p:void] [System.Xml.XmlDocument, System.Xml, 4.0.0.0].Load([p:string] filename)"},{"Type":"METHOD_CALL","Member":"0M:[System.Xml.XmlNodeList, System.Xml, 4.0.0.0] [System.Xml.XmlNode, System.Xml, 4.0.0.0].SelectNodes([p:string] xpath)"}]}