{"Type":"0T:System.Reflection.MemberInfo, mscorlib, 4.0.0.0","ClassCtx":"0T:Apress.Recipes.WebApi.Areas.HelpPage.ModelDescriptions.ModelDescriptionGenerator, Apress.Recipes.WebApi","MethodCtx":"0M:static [p:string] [Apress.Recipes.WebApi.Areas.HelpPage.ModelDescriptions.ModelDescriptionGenerator, Apress.Recipes.WebApi].GetMemberName([System.Reflection.MemberInfo, mscorlib, 4.0.0.0] member, [p:bool] hasDataContractAttribute)","Definition":{"Type":"METHOD_PARAMETER","Member":"0M:static [p:string] [Apress.Recipes.WebApi.Areas.HelpPage.ModelDescriptions.ModelDescriptionGenerator, Apress.Recipes.WebApi].GetMemberName([System.Reflection.MemberInfo, mscorlib, 4.0.0.0] member, [p:bool] hasDataContractAttribute)","ArgIndex":0},"CallParameters":[{"Method":"0M:static [T] [System.Reflection.CustomAttributeExtensions, mscorlib, 4.0.0.0].GetCustomAttribute`1[[T]](this [System.Reflection.MemberInfo, mscorlib, 4.0.0.0] element)","ArgIndex":0}],"MemberAccesses":[{"Type":"MEMBER_REFERENCE","Member":"0P:get [p:string] [System.Reflection.MemberInfo, mscorlib, 4.0.0.0].Name()"}]}