{"Type":"0T:System.Reflection.MemberInfo, mscorlib, 4.0.0.0","ClassCtx":"0T:Apress.Recipes.WebApi.Areas.HelpPage.ModelDescriptions.ModelDescriptionGenerator, Apress.Recipes.WebApi","MethodCtx":"0M:[p:void] [Apress.Recipes.WebApi.Areas.HelpPage.ModelDescriptions.ModelDescriptionGenerator, Apress.Recipes.WebApi].GenerateAnnotations([System.Reflection.MemberInfo, mscorlib, 4.0.0.0] property, [Apress.Recipes.WebApi.Areas.HelpPage.ModelDescriptions.ParameterDescription, Apress.Recipes.WebApi] propertyModel)","Definition":{"Type":"METHOD_PARAMETER","Member":"0M:[p:void] [Apress.Recipes.WebApi.Areas.HelpPage.ModelDescriptions.ModelDescriptionGenerator, Apress.Recipes.WebApi].GenerateAnnotations([System.Reflection.MemberInfo, mscorlib, 4.0.0.0] property, [Apress.Recipes.WebApi.Areas.HelpPage.ModelDescriptions.ParameterDescription, Apress.Recipes.WebApi] propertyModel)","ArgIndex":0},"CallParameters":[{"Method":"0M:static [i:System.Collections.Generic.IEnumerable`1[[T]], mscorlib, 4.0.0.0] [System.Reflection.CustomAttributeExtensions, mscorlib, 4.0.0.0].GetCustomAttributes(this [System.Reflection.MemberInfo, mscorlib, 4.0.0.0] element)","ArgIndex":0}]}