{"Type":"0T:System.Reflection.MemberInfo, mscorlib, 4.0.0.0","ClassCtx":"0T:Apress.Recipes.WebApi.Areas.HelpPage.XmlDocumentationProvider, Apress.Recipes.WebApi","MethodCtx":"0M:[p:string] [i:Apress.Recipes.WebApi.Areas.HelpPage.ModelDescriptions.IModelDocumentationProvider, Apress.Recipes.WebApi].GetDocumentation([System.Reflection.MemberInfo, mscorlib, 4.0.0.0] member)","Definition":{"Type":"METHOD_PARAMETER","Member":"0M:[p:string] [Apress.Recipes.WebApi.Areas.HelpPage.XmlDocumentationProvider, Apress.Recipes.WebApi].GetDocumentation([System.Reflection.MemberInfo, mscorlib, 4.0.0.0] member)","ArgIndex":0},"MemberAccesses":[{"Type":"MEMBER_REFERENCE","Member":"0P:get [e:System.Reflection.MemberTypes, mscorlib, 4.0.0.0] [System.Reflection.MemberInfo, mscorlib, 4.0.0.0].MemberType()"}]}