{"Type":"0T:s:System.Nullable`1[[T]], mscorlib, 4.0.0.0","ClassCtx":"0T:Apress.Recipes.WebApi.Areas.HelpPage.HelpPageSampleKey, Apress.Recipes.WebApi","MethodCtx":"0M:[p:void] [Apress.Recipes.WebApi.Areas.HelpPage.HelpPageSampleKey, Apress.Recipes.WebApi].SampleDirection__set__([s:System.Nullable`1[[T]], mscorlib, 4.0.0.0] value)","Definition":{"Type":"METHOD_PARAMETER","Member":"0M:[p:void] [Apress.Recipes.WebApi.Areas.HelpPage.HelpPageSampleKey, Apress.Recipes.WebApi].SampleDirection__set__([s:System.Nullable`1[[T]], mscorlib, 4.0.0.0] value)","ArgIndex":0}}