{"Type":"0T:s:System.Nullable`1[[T]], mscorlib, 4.0.0.0","ClassCtx":"0T:Apress.Recipes.WebApi.Areas.HelpPage.HelpPageSampleKey, Apress.Recipes.WebApi","MethodCtx":"0M:[p:void] [Apress.Recipes.WebApi.Areas.HelpPage.HelpPageSampleKey, Apress.Recipes.WebApi]..ctor([System.Net.Http.Headers.MediaTypeHeaderValue, System.Net.Http, 4.0.0.0] mediaType)","Definition":{"Type":"MEMBER_ACCESS","Member":"0P:set get [s:System.Nullable`1[[T]], mscorlib, 4.0.0.0] [Apress.Recipes.WebApi.Areas.HelpPage.HelpPageSampleKey, Apress.Recipes.WebApi].SampleDirection()"}}