{"Type":"0T:System.Net.Http.Formatting.FormDataCollection, System.Net.Http.Formatting, 5.1.0.0","ClassCtx":"0T:Apress.Recipes.WebApi.Controllers.FormController, Apress.Recipes.WebApi","MethodCtx":"0M:[Apress.Recipes.WebApi.Models.UserModel, Apress.Recipes.WebApi] [Apress.Recipes.WebApi.Controllers.FormController, Apress.Recipes.WebApi].Post([System.Net.Http.Formatting.FormDataCollection, System.Net.Http.Formatting, 5.1.0.0] form)","Definition":{"Type":"METHOD_PARAMETER","Member":"0M:[Apress.Recipes.WebApi.Models.UserModel, Apress.Recipes.WebApi] [Apress.Recipes.WebApi.Controllers.FormController, Apress.Recipes.WebApi].Post([System.Net.Http.Formatting.FormDataCollection, System.Net.Http.Formatting, 5.1.0.0] form)","ArgIndex":0}}