{"Type":"0T:System.IO.TextWriter, mscorlib, 4.0.0.0","ClassCtx":"0T:MSHelpSystem.Core.Help3Service, HelpViewer","MethodCtx":"0M:static [p:void] [MSHelpSystem.Core.Help3Service, HelpViewer].SaveHelpConfiguration()","Definition":{"Type":"NEW","Member":"0M:[p:void] [System.IO.StreamWriter, mscorlib, 4.0.0.0]..ctor([p:string] path)"},"CallParameters":[{"Method":"0M:[p:void] [System.Xml.Serialization.XmlSerializer, System.Xml, 4.0.0.0].Serialize([System.IO.TextWriter, mscorlib, 4.0.0.0] textWriter, [p:object] o)","ArgIndex":0}],"MemberAccesses":[{"Type":"METHOD_CALL","Member":"0M:[p:void] [System.IO.TextWriter, mscorlib, 4.0.0.0].Close()"}]}