{"Type":"0T:SharpDX.WIC.BitmapFrameEncode, SharpDX.Direct2D1, 2.6.3.0","ClassCtx":"0T:Cocos2D.CCLabel, Cocos2d.WinRT","MethodCtx":"0M:[?] [Cocos2D.CCLabel, Cocos2d.WinRT].SaveToFile([?] fileName)","Definition":{"Type":"NEW","Member":"0M:[p:void] [SharpDX.WIC.BitmapFrameEncode, SharpDX.Direct2D1, 2.6.3.0]..ctor([SharpDX.WIC.BitmapEncoder, SharpDX.Direct2D1, 2.6.3.0] encoder)"},"MemberAccesses":[{"Type":"METHOD_CALL","Member":"0M:[p:void] [SharpDX.WIC.BitmapFrameEncode, SharpDX.Direct2D1, 2.6.3.0].Initialize()"},{"Type":"METHOD_CALL","Member":"0M:[p:void] [SharpDX.WIC.BitmapFrameEncode, SharpDX.Direct2D1, 2.6.3.0].SetSize([p:int] width, [p:int] height)"},{"Type":"METHOD_CALL","Member":"0M:[p:void] [SharpDX.WIC.BitmapFrameEncode, SharpDX.Direct2D1, 2.6.3.0].SetPixelFormat(ref [?] pixelFormatRef)"},{"Type":"METHOD_CALL","Member":"0M:[p:void] [SharpDX.WIC.BitmapFrameEncode, SharpDX.Direct2D1, 2.6.3.0].WriteSource([SharpDX.WIC.BitmapSource, SharpDX.Direct2D1, 2.6.3.0] bitmapSource)"},{"Type":"METHOD_CALL","Member":"0M:[p:void] [SharpDX.WIC.BitmapFrameEncode, SharpDX.Direct2D1, 2.6.3.0].Commit()"}]}