{"Type":"0T:System.IO.MemoryStream, mscorlib, 4.0.0.0","ClassCtx":"0T:StockSharp.Anywhere.WriteHelpers, Anywhere","MethodCtx":"0M:static [p:void] [StockSharp.Anywhere.WriteHelpers, Anywhere].MemoryToFile([p:string] line, [p:string] filePath)","Definition":{"Type":"NEW","Member":"0M:[p:void] [System.IO.MemoryStream, mscorlib, 4.0.0.0]..ctor([p:int] capacity)"},"MemberAccesses":[{"Type":"METHOD_CALL","Member":"0M:[p:void] [System.IO.MemoryStream, mscorlib, 4.0.0.0].Write([p:byte[]] buffer, [p:int] offset, [p:int] count)"},{"Type":"METHOD_CALL","Member":"0M:[p:void] [System.IO.MemoryStream, mscorlib, 4.0.0.0].WriteTo([System.IO.Stream, mscorlib, 4.0.0.0] stream)"}]}