{"Type":"0T:System.EventArgs, mscorlib, 4.0.0.0","ClassCtx":"0T:MSHelpSystem.Controls.TocPadControl, HelpViewer","MethodCtx":"0M:[p:void] [MSHelpSystem.Controls.TocPadControl, HelpViewer].Help3ServiceConfigurationUpdated([p:object] sender, [System.EventArgs, mscorlib, 4.0.0.0] e)","Definition":{"Type":"METHOD_PARAMETER","Member":"0M:[p:void] [MSHelpSystem.Controls.TocPadControl, HelpViewer].Help3ServiceConfigurationUpdated([p:object] sender, [System.EventArgs, mscorlib, 4.0.0.0] e)","ArgIndex":1}}