{"Type":"0T:System.EventArgs, mscorlib, 4.0.0.0","ClassCtx":"0T:MSHelpSystem.Core.Help3Service, HelpViewer","MethodCtx":"0M:static [p:void] [MSHelpSystem.Core.Help3Service, HelpViewer].OnConfigurationUpdated([System.EventArgs, mscorlib, 4.0.0.0] e)","Definition":{"Type":"METHOD_PARAMETER","Member":"0M:static [p:void] [MSHelpSystem.Core.Help3Service, HelpViewer].OnConfigurationUpdated([System.EventArgs, mscorlib, 4.0.0.0] e)","ArgIndex":0},"CallParameters":[{"Method":"0M:[p:void] [d:[p:void] [System.EventHandler, mscorlib, 4.0.0.0].([p:object] sender, [System.EventArgs, mscorlib, 4.0.0.0] e)].Invoke([p:object] sender, [System.EventArgs, mscorlib, 4.0.0.0] e)","ArgIndex":0}]}