{"Type":"0T:System.IO.MemoryStream, mscorlib, 4.0.0.0","ClassCtx":"0T:OxyPlot.Reporting.PlotModelExtensions, OxyPlot_NET40","MethodCtx":"0M:static [p:string] [OxyPlot.Reporting.PlotModelExtensions, OxyPlot_NET40].CreateTextReport(this [OxyPlot.PlotModel, OxyPlot_NET40] plotModel)","Definition":{"Type":"NEW","Member":"0M:[p:void] [System.IO.MemoryStream, mscorlib, 4.0.0.0]..ctor()"},"CallParameters":[{"Method":"0M:[p:void] [OxyPlot.Reporting.TextReportWriter, OxyPlot_NET40]..ctor([System.IO.Stream, mscorlib, 4.0.0.0] stream)","ArgIndex":0},{"Method":"0M:[p:void] [System.IO.StreamReader, mscorlib, 4.0.0.0]..ctor([System.IO.Stream, mscorlib, 4.0.0.0] stream)","ArgIndex":0}]}