{"Type":"0T:System.IO.MemoryStream, mscorlib, 4.0.0.0","ClassCtx":"0T:OxyPlot.JpegDecoder, OxyPlot_NET40","MethodCtx":"0M:static [p:object] [OxyPlot.JpegDecoder, OxyPlot_NET40].ReadValue([System.IO.BinaryReader, mscorlib, 4.0.0.0] inputReader, [System.IO.MemoryStream, mscorlib, 4.0.0.0] ms, [p:bool] isLittleEndian, [p:ushort] fieldType, [p:int] count, [p:long] baseOffset)","Definition":{"Type":"METHOD_PARAMETER","Member":"0M:static [p:object] [OxyPlot.JpegDecoder, OxyPlot_NET40].ReadValue([System.IO.BinaryReader, mscorlib, 4.0.0.0] inputReader, [System.IO.MemoryStream, mscorlib, 4.0.0.0] ms, [p:bool] isLittleEndian, [p:ushort] fieldType, [p:int] count, [p:long] baseOffset)","ArgIndex":1}}