{"Type":"0T:System.IO.MemoryStream, mscorlib, 4.0.0.0","ClassCtx":"0T:OxyPlot.OxyImage, OxyPlot_NET40","MethodCtx":"0M:static [p:byte[]] [OxyPlot.OxyImage, OxyPlot_NET40].GetBytes([System.IO.Stream, mscorlib, 4.0.0.0] s)","Definition":{"Type":"NEW","Member":"0M:[p:void] [System.IO.MemoryStream, mscorlib, 4.0.0.0]..ctor()"},"CallParameters":[{"Method":"0M:[p:void] [System.IO.Stream, mscorlib, 4.0.0.0].CopyTo([System.IO.Stream, mscorlib, 4.0.0.0] destination)","ArgIndex":0}],"MemberAccesses":[{"Type":"METHOD_CALL","Member":"0M:[p:byte[]] [System.IO.MemoryStream, mscorlib, 4.0.0.0].ToArray()"}]}