{"Type":"0T:System.IO.MemoryStream, mscorlib, 4.0.0.0","ClassCtx":"0T:OxyPlot.SvgExporter, OxyPlot_NET40","MethodCtx":"0M:static [p:string] [OxyPlot.SvgExporter, OxyPlot_NET40].ExportToString([i:OxyPlot.IPlotModel, OxyPlot_NET40] model, [p:double] width, [p:double] height, [p:bool] isDocument, opt [i:OxyPlot.IRenderContext, OxyPlot_NET40] textMeasurer)","Definition":{"Type":"NEW","Member":"0M:[p:void] [System.IO.MemoryStream, mscorlib, 4.0.0.0]..ctor()"},"CallParameters":[{"Method":"0M:[p:void] [System.IO.StreamReader, mscorlib, 4.0.0.0]..ctor([System.IO.Stream, mscorlib, 4.0.0.0] stream)","ArgIndex":0},{"Method":"0M:static [p:void] [OxyPlot.SvgExporter, OxyPlot_NET40].Export([i:OxyPlot.IPlotModel, OxyPlot_NET40] model, [System.IO.Stream, mscorlib, 4.0.0.0] stream, [p:double] width, [p:double] height, [p:bool] isDocument, opt [i:OxyPlot.IRenderContext, OxyPlot_NET40] textMeasurer)","ArgIndex":1}],"MemberAccesses":[{"Type":"METHOD_CALL","Member":"0M:[p:void] [System.IO.MemoryStream, mscorlib, 4.0.0.0].Flush()"}]}