{"Type":"0T:System.IO.MemoryStream, mscorlib, 4.0.0.0","ClassCtx":"0T:ExampleLibrary.TileMapAnnotation, ExampleLibrary_NET40","MethodCtx":"0M:[p:void] [ExampleLibrary.TileMapAnnotation, ExampleLibrary_NET40].DownloadCompleted([p:string] uri, [System.IO.Stream, mscorlib, 4.0.0.0] result)","Definition":{"Type":"NEW","Member":"0M:[p:void] [System.IO.MemoryStream, mscorlib, 4.0.0.0]..ctor()"},"CallParameters":[{"Method":"0M:[p:void] [System.IO.Stream, mscorlib, 4.0.0.0].CopyTo([System.IO.Stream, mscorlib, 4.0.0.0] destination)","ArgIndex":0}],"MemberAccesses":[{"Type":"METHOD_CALL","Member":"0M:[p:byte[]] [System.IO.MemoryStream, mscorlib, 4.0.0.0].ToArray()"}]}