{"Type":"0T:System.IO.MemoryStream, mscorlib, 4.0.0.0","ClassCtx":"0T:OxyPlot.BmpEncoder, OxyPlot_NET40","MethodCtx":"0M:[p:byte[]] [i:OxyPlot.IImageEncoder, OxyPlot_NET40].Encode([p:byte[,]] pixels, [s:OxyPlot.OxyColor[], OxyPlot_NET40] palette)","Definition":{"Type":"NEW","Member":"0M:[p:void] [System.IO.MemoryStream, mscorlib, 4.0.0.0]..ctor()"},"CallParameters":[{"Method":"0M:[p:void] [System.IO.BinaryWriter, mscorlib, 4.0.0.0]..ctor([System.IO.Stream, mscorlib, 4.0.0.0] output)","ArgIndex":0}],"MemberAccesses":[{"Type":"METHOD_CALL","Member":"0M:[p:byte[]] [System.IO.MemoryStream, mscorlib, 4.0.0.0].ToArray()"}]}