{"Type":"0T:System.IO.MemoryStream, mscorlib, 4.0.0.0","ClassCtx":"0T:OxyPlot.PngDecoder, OxyPlot_NET40","MethodCtx":"0M:[OxyPlot.OxyImageInfo, OxyPlot_NET40] [i:OxyPlot.IImageDecoder, OxyPlot_NET40].GetImageInfo([p:byte[]] bytes)","Definition":{"Type":"NEW","Member":"0M:[p:void] [System.IO.MemoryStream, mscorlib, 4.0.0.0]..ctor([p:byte[]] buffer)"},"CallParameters":[{"Method":"0M:[p:void] [System.IO.BinaryReader, mscorlib, 4.0.0.0]..ctor([System.IO.Stream, mscorlib, 4.0.0.0] input)","ArgIndex":0}]}