{"Type":"0T:System.Collections.Generic.Queue`1[[T]], System, 4.0.0.0","ClassCtx":"0T:ExampleLibrary.TileMapAnnotation, ExampleLibrary_NET40","MethodCtx":"0M:static [p:void] [ExampleLibrary.TileMapAnnotation, ExampleLibrary_NET40].LatLonToTile([p:double] latitude, [p:double] longitude, [p:int] zoom, out [p:double] x, out [p:double] y)","Definition":{"Type":"MEMBER_ACCESS","Member":"0F:[System.Collections.Generic.Queue`1[[T]], System, 4.0.0.0] [ExampleLibrary.TileMapAnnotation, ExampleLibrary_NET40].queue"}}