{"Type":"0T:System.Collections.Generic.Queue`1[[T]], System, 4.0.0.0","ClassCtx":"0T:ExampleLibrary.TileMapAnnotation, ExampleLibrary_NET40","MethodCtx":"0M:[p:void] [ExampleLibrary.TileMapAnnotation, ExampleLibrary_NET40].BeginDownload()","Definition":{"Type":"MEMBER_ACCESS","Member":"0F:[System.Collections.Generic.Queue`1[[T]], System, 4.0.0.0] [ExampleLibrary.TileMapAnnotation, ExampleLibrary_NET40].queue"},"MemberAccesses":[{"Type":"METHOD_CALL","Member":"0M:[T] [System.Collections.Generic.Queue`1[[T]], System, 4.0.0.0].Dequeue()"}]}