{"Type":"0T:System.Collections.Generic.Queue`1[[T]], System, 4.0.0.0","ClassCtx":"0T:ExampleLibrary.TileMapAnnotation, ExampleLibrary_NET40","MethodCtx":"0M:[p:void] [ExampleLibrary.TileMapAnnotation, ExampleLibrary_NET40].DownloadCompleted([p:string] uri, [System.IO.Stream, mscorlib, 4.0.0.0] result)","Definition":{"Type":"MEMBER_ACCESS","Member":"0F:[System.Collections.Generic.Queue`1[[T]], System, 4.0.0.0] [ExampleLibrary.TileMapAnnotation, ExampleLibrary_NET40].queue"},"MemberAccesses":[{"Type":"METHOD_CALL","Member":"0M:[p:void] [System.Collections.Generic.Queue`1[[T]], System, 4.0.0.0].Clear()"},{"Type":"MEMBER_REFERENCE","Member":"0P:get [p:int] [System.Collections.Generic.Queue`1[[T]], System, 4.0.0.0].Count()"}]}