{"Type":"0T:TProperty","ClassCtx":"0T:OxyPlot.ListBuilder`1[[T]], OxyPlot_NET40","MethodCtx":"0M:[p:void] [OxyPlot.ListBuilder`1[[T]], OxyPlot_NET40].Add`1[[TProperty]]([p:string] propertyName, [TProperty] defaultValue)","Definition":{"Type":"METHOD_PARAMETER","Member":"0M:[p:void] [OxyPlot.ListBuilder`1[[T]], OxyPlot_NET40].Add`1[[TProperty]]([p:string] propertyName, [TProperty] defaultValue)","ArgIndex":1},"CallParameters":[{"Method":"0M:[p:void] [System.Collections.Generic.List`1[[T]], mscorlib, 4.0.0.0].Add([T] item)","ArgIndex":0}]}