{"Type":"0T:System.Collections.ObjectModel.ReadOnlyCollection`1[[T]], mscorlib, 4.0.0.0","ClassCtx":"0T:MSHelpSystem.Core.Help3Service, HelpViewer","MethodCtx":"0M:[System.Collections.ObjectModel.ReadOnlyCollection`1[[T]], mscorlib, 4.0.0.0] [MSHelpSystem.Core.Help3Service, HelpViewer].Items__get__()","Definition":{"Type":"NEW","Member":"0M:[p:void] [System.Collections.ObjectModel.ReadOnlyCollection`1[[T]], mscorlib, 4.0.0.0]..ctor([i:System.Collections.Generic.IList`1[[T]], mscorlib, 4.0.0.0] list)"}}