{"Type":"0T:System.Collections.ObjectModel.ReadOnlyCollection`1[[T]], mscorlib, 4.0.0.0","ClassCtx":"0T:MSHelpSystem.Core.Help3Service, HelpViewer","MethodCtx":"0M:static [MSHelpSystem.Core.Help3Catalog, HelpViewer] [MSHelpSystem.Core.Help3Service, HelpViewer].FindCatalogByDisplayName([p:string] displayName)","Definition":{"Type":"MEMBER_ACCESS","Member":"0P:get static [System.Collections.ObjectModel.ReadOnlyCollection`1[[T]], mscorlib, 4.0.0.0] [MSHelpSystem.Core.Help3Service, HelpViewer].Items()"}}