{"Type":"0T:System.Text.StringBuilder, mscorlib, 4.0.0.0","ClassCtx":"0T:OxyPlot.CodeGenerator, OxyPlot_NET40","MethodCtx":"0M:[p:void] [OxyPlot.CodeGenerator, OxyPlot_NET40].AppendLine([p:string] format, params [p:object[]] args)","Definition":{"Type":"MEMBER_ACCESS","Member":"0F:[System.Text.StringBuilder, mscorlib, 4.0.0.0] [OxyPlot.CodeGenerator, OxyPlot_NET40].sb"},"MemberAccesses":[{"Type":"METHOD_CALL","Member":"0M:[System.Text.StringBuilder, mscorlib, 4.0.0.0] [System.Text.StringBuilder, mscorlib, 4.0.0.0].AppendLine([p:string] value)"},{"Type":"METHOD_CALL","Member":"0M:[System.Text.StringBuilder, mscorlib, 4.0.0.0] [System.Text.StringBuilder, mscorlib, 4.0.0.0].AppendLine([p:string] value)"}]}