{"Type":"0T:System.Text.StringBuilder, mscorlib, 4.0.0.0","ClassCtx":"0T:OxyPlot.PortableDocument, OxyPlot_NET40","MethodCtx":"0M:static [p:string] [OxyPlot.PortableDocument, OxyPlot_NET40].Ascii85Encode([p:byte[]] ba)","Definition":{"Type":"NEW","Member":"0M:[p:void] [System.Text.StringBuilder, mscorlib, 4.0.0.0]..ctor([p:int] capacity)"},"MemberAccesses":[{"Type":"METHOD_CALL","Member":"0M:[System.Text.StringBuilder, mscorlib, 4.0.0.0] [System.Text.StringBuilder, mscorlib, 4.0.0.0].Append([p:char] value)"},{"Type":"METHOD_CALL","Member":"0M:[System.Text.StringBuilder, mscorlib, 4.0.0.0] [System.Text.StringBuilder, mscorlib, 4.0.0.0].Append([p:string] value)"},{"Type":"METHOD_CALL","Member":"0M:[p:string] [System.Text.StringBuilder, mscorlib, 4.0.0.0].ToString()"}]}