{"Type":"0T:System.Text.StringBuilder, mscorlib, 4.0.0.0","ClassCtx":"0T:OxyPlot.PortableDocument+PortableDocumentObject, OxyPlot_NET40","MethodCtx":"0M:[p:void] [OxyPlot.PortableDocument+PortableDocumentObject, OxyPlot_NET40].Append([p:string] format, params [p:object[]] args)","Definition":{"Type":"MEMBER_ACCESS","Member":"0F:[System.Text.StringBuilder, mscorlib, 4.0.0.0] [OxyPlot.PortableDocument+PortableDocumentObject, OxyPlot_NET40].contents"},"MemberAccesses":[{"Type":"METHOD_CALL","Member":"0M:[System.Text.StringBuilder, mscorlib, 4.0.0.0] [System.Text.StringBuilder, mscorlib, 4.0.0.0].Append([p:string] value)"}]}