{"Type":"0T:System.Text.StringBuilder, mscorlib, 4.0.0.0","ClassCtx":"0T:OxyPlot.PortableDocument+PortableDocumentObject, OxyPlot_NET40","MethodCtx":"0M:[p:void] [OxyPlot.PortableDocument+PortableDocumentObject, OxyPlot_NET40].Write([OxyPlot.PdfWriter, OxyPlot_NET40] w)","Definition":{"Type":"MEMBER_ACCESS","Member":"0F:[System.Text.StringBuilder, mscorlib, 4.0.0.0] [OxyPlot.PortableDocument+PortableDocumentObject, OxyPlot_NET40].contents"},"MemberAccesses":[{"Type":"MEMBER_REFERENCE","Member":"0P:set get [p:int] [System.Text.StringBuilder, mscorlib, 4.0.0.0].Length()"},{"Type":"METHOD_CALL","Member":"0M:[p:string] [System.Text.StringBuilder, mscorlib, 4.0.0.0].ToString()"}]}