{"Type":"0T:System.Text.StringBuilder, mscorlib, 4.0.0.0","ClassCtx":"0T:OxyPlot.CodeTree, OxyPlot_NET40","MethodCtx":"0M:[p:string] [p:object].ToString()","Definition":{"Type":"NEW","Member":"0M:[p:void] [System.Text.StringBuilder, mscorlib, 4.0.0.0]..ctor()"},"CallParameters":[{"Method":"0M:static [p:void] [OxyPlot.CodeTree, OxyPlot_NET40].NodeString([p:string] prefix, [OxyPlot.Node, OxyPlot_NET40] node, [System.Text.StringBuilder, mscorlib, 4.0.0.0] sb)","ArgIndex":2}],"MemberAccesses":[{"Type":"METHOD_CALL","Member":"0M:[p:string] [System.Text.StringBuilder, mscorlib, 4.0.0.0].ToString()"}]}