{"Type":"0T:System.Text.StringBuilder, mscorlib, 4.0.0.0","ClassCtx":"0T:OxyPlot.CodeTree, OxyPlot_NET40","MethodCtx":"0M:static [p:void] [OxyPlot.CodeTree, OxyPlot_NET40].NodeString([p:string] prefix, [OxyPlot.Node, OxyPlot_NET40] node, [System.Text.StringBuilder, mscorlib, 4.0.0.0] sb)","Definition":{"Type":"METHOD_PARAMETER","Member":"0M:static [p:void] [OxyPlot.CodeTree, OxyPlot_NET40].NodeString([p:string] prefix, [OxyPlot.Node, OxyPlot_NET40] node, [System.Text.StringBuilder, mscorlib, 4.0.0.0] sb)","ArgIndex":2},"CallParameters":[{"Method":"0M:static [p:void] [OxyPlot.CodeTree, OxyPlot_NET40].NodeString([p:string] prefix, [OxyPlot.Node, OxyPlot_NET40] node, [System.Text.StringBuilder, mscorlib, 4.0.0.0] sb)","ArgIndex":2}],"MemberAccesses":[{"Type":"METHOD_CALL","Member":"0M:[System.Text.StringBuilder, mscorlib, 4.0.0.0] [System.Text.StringBuilder, mscorlib, 4.0.0.0].Append([p:string] value)"}]}