{"Type":"0T:System.Text.StringBuilder, mscorlib, 4.0.0.0","ClassCtx":"0T:OxyPlot.SvgWriter, OxyPlot_NET40","MethodCtx":"0M:[p:string] [OxyPlot.SvgWriter, OxyPlot_NET40].PointsToString([i:System.Collections.Generic.IEnumerable`1[[T]], mscorlib, 4.0.0.0] points)","Definition":{"Type":"NEW","Member":"0M:[p:void] [System.Text.StringBuilder, mscorlib, 4.0.0.0]..ctor()"},"MemberAccesses":[{"Type":"METHOD_CALL","Member":"0M:[System.Text.StringBuilder, mscorlib, 4.0.0.0] [System.Text.StringBuilder, mscorlib, 4.0.0.0].AppendFormat([i:System.IFormatProvider, mscorlib, 4.0.0.0] provider, [p:string] format, params [p:object[]] args)"},{"Type":"METHOD_CALL","Member":"0M:[p:string] [System.Text.StringBuilder, mscorlib, 4.0.0.0].ToString()"}]}