{"Type":"0T:i:System.Collections.Generic.IDictionary`2[[TKey],[TValue]], mscorlib, 4.0.0.0","ClassCtx":"0T:Apress.Recipes.WebApi.Areas.HelpPage.HelpPageConfigurationExtensions, Apress.Recipes.WebApi","MethodCtx":"0M:static [p:void] [Apress.Recipes.WebApi.Areas.HelpPage.HelpPageConfigurationExtensions, Apress.Recipes.WebApi].SetSampleObjects(this [System.Web.Http.HttpConfiguration, System.Web.Http, 5.1.0.0] config, [i:System.Collections.Generic.IDictionary`2[[TKey],[TValue]], mscorlib, 4.0.0.0] sampleObjects)","Definition":{"Type":"METHOD_PARAMETER","Member":"0M:static [p:void] [Apress.Recipes.WebApi.Areas.HelpPage.HelpPageConfigurationExtensions, Apress.Recipes.WebApi].SetSampleObjects(this [System.Web.Http.HttpConfiguration, System.Web.Http, 5.1.0.0] config, [i:System.Collections.Generic.IDictionary`2[[TKey],[TValue]], mscorlib, 4.0.0.0] sampleObjects)","ArgIndex":1}}