{"Type":"0T:i:System.Collections.Generic.IDictionary`2[[TKey],[TValue]], mscorlib, 4.0.0.0","ClassCtx":"0T:Apress.Recipes.WebApi.Areas.HelpPage.ModelDescriptions.ModelDescriptionGenerator, Apress.Recipes.WebApi","MethodCtx":"0M:[p:string] [Apress.Recipes.WebApi.Areas.HelpPage.ModelDescriptions.ModelDescriptionGenerator, Apress.Recipes.WebApi].CreateDefaultDocumentation([System.Type, mscorlib, 4.0.0.0] type)","Definition":{"Type":"MEMBER_ACCESS","Member":"0F:[i:System.Collections.Generic.IDictionary`2[[TKey],[TValue]], mscorlib, 4.0.0.0] [Apress.Recipes.WebApi.Areas.HelpPage.ModelDescriptions.ModelDescriptionGenerator, Apress.Recipes.WebApi].DefaultTypeDocumentation"},"MemberAccesses":[{"Type":"METHOD_CALL","Member":"0M:[p:bool] [i:System.Collections.Generic.IDictionary`2[[TKey],[TValue]], mscorlib, 4.0.0.0].TryGetValue([TKey] key, out [TValue] value)"}]}