{"Type":"0T:i:System.Collections.Generic.IDictionary`2[[TKey],[TValue]], mscorlib, 4.0.0.0","ClassCtx":"0T:Apress.Recipes.WebApi.Areas.HelpPage.ModelDescriptions.ModelDescriptionGenerator, Apress.Recipes.WebApi","MethodCtx":"0M:[TResult] [d:[TResult] [System.Func`2[[T],[TResult]], mscorlib, 4.0.0.0].([T] arg)].Invoke([T] arg)","Definition":{"Type":"MEMBER_ACCESS","Member":"0F:[i:System.Collections.Generic.IDictionary`2[[TKey],[TValue]], mscorlib, 4.0.0.0] [Apress.Recipes.WebApi.Areas.HelpPage.ModelDescriptions.ModelDescriptionGenerator, Apress.Recipes.WebApi].DefaultTypeDocumentation"}}