{"Type":"0T:System.ArgumentNullException, mscorlib, 4.0.0.0","ClassCtx":"0T:Apress.Recipes.WebApi.Areas.HelpPage.ModelDescriptions.ModelDescriptionGenerator, Apress.Recipes.WebApi","MethodCtx":"0M:[p:void] [Apress.Recipes.WebApi.Areas.HelpPage.ModelDescriptions.ModelDescriptionGenerator, Apress.Recipes.WebApi]..ctor([System.Web.Http.HttpConfiguration, System.Web.Http, 5.1.0.0] config)","Definition":{"Type":"NEW","Member":"0M:[p:void] [System.ArgumentNullException, mscorlib, 4.0.0.0]..ctor([p:string] paramName)"}}