{"Type":"0T:System.ArgumentNullException, mscorlib, 4.0.0.0","ClassCtx":"0T:Apress.Recipes.WebApi.Areas.HelpPage.HelpPageSampleGenerator, Apress.Recipes.WebApi","MethodCtx":"0M:[i:System.Collections.Generic.IDictionary`2[[TKey],[TValue]], mscorlib, 4.0.0.0] [Apress.Recipes.WebApi.Areas.HelpPage.HelpPageSampleGenerator, Apress.Recipes.WebApi].GetSample([System.Web.Http.Description.ApiDescription, System.Web.Http, 5.1.0.0] api, [e:Apress.Recipes.WebApi.Areas.HelpPage.SampleDirection, Apress.Recipes.WebApi] sampleDirection)","Definition":{"Type":"NEW","Member":"0M:[p:void] [System.ArgumentNullException, mscorlib, 4.0.0.0]..ctor([p:string] paramName)"}}