{"Type":"0T:System.ArgumentNullException, mscorlib, 4.0.0.0","ClassCtx":"0T:Apress.Recipes.WebApi.Areas.HelpPage.HelpPageSampleKey, Apress.Recipes.WebApi","MethodCtx":"0M:[p:void] [Apress.Recipes.WebApi.Areas.HelpPage.HelpPageSampleKey, Apress.Recipes.WebApi]..ctor([System.Net.Http.Headers.MediaTypeHeaderValue, System.Net.Http, 4.0.0.0] mediaType, [e:Apress.Recipes.WebApi.Areas.HelpPage.SampleDirection, Apress.Recipes.WebApi] sampleDirection, [p:string] controllerName, [p:string] actionName, [i:System.Collections.Generic.IEnumerable`1[[T]], mscorlib, 4.0.0.0] parameterNames)","Definition":{"Type":"NEW","Member":"0M:[p:void] [System.ArgumentNullException, mscorlib, 4.0.0.0]..ctor([p:string] paramName)"}}