{"Type":"0T:i:System.Collections.Generic.IReadOnlyDictionary`2[[TKey],[TValue]], mscorlib, 4.0.0.0","ClassCtx":"0T:StockSharp.Anywhere.InputTranParser, Anywhere","MethodCtx":"0M:[p:void] [StockSharp.Anywhere.InputTranParser, Anywhere].SendCommand([i:System.Collections.Generic.IReadOnlyDictionary`2[[TKey],[TValue]], mscorlib, 4.0.0.0] actions)","Definition":{"Type":"METHOD_PARAMETER","Member":"0M:[p:void] [StockSharp.Anywhere.InputTranParser, Anywhere].SendCommand([i:System.Collections.Generic.IReadOnlyDictionary`2[[TKey],[TValue]], mscorlib, 4.0.0.0] actions)","ArgIndex":0}}