{"Type":"0T:System.Enum, mscorlib, 4.0.0.0","ClassCtx":"0T:OxyPlot.Selection, OxyPlot_NET40","MethodCtx":"0M:[i:System.Collections.Generic.IEnumerable`1[[T]], mscorlib, 4.0.0.0] [OxyPlot.Selection, OxyPlot_NET40].GetSelectedItems([System.Enum, mscorlib, 4.0.0.0] feature)","Definition":{"Type":"METHOD_PARAMETER","Member":"0M:[i:System.Collections.Generic.IEnumerable`1[[T]], mscorlib, 4.0.0.0] [OxyPlot.Selection, OxyPlot_NET40].GetSelectedItems([System.Enum, mscorlib, 4.0.0.0] feature)","ArgIndex":0}}