{"Type":"0T:System.Enum, mscorlib, 4.0.0.0","ClassCtx":"0T:OxyPlot.Selection, OxyPlot_NET40","MethodCtx":"0M:[p:void] [OxyPlot.Selection, OxyPlot_NET40].Select([p:int] index, opt [System.Enum, mscorlib, 4.0.0.0] feature)","Definition":{"Type":"METHOD_PARAMETER","Member":"0M:[p:void] [OxyPlot.Selection, OxyPlot_NET40].Select([p:int] index, opt [System.Enum, mscorlib, 4.0.0.0] feature)","ArgIndex":1},"CallParameters":[{"Method":"0M:[p:void] [s:OxyPlot.Selection+SelectionItem, OxyPlot_NET40]..ctor([p:int] index, [System.Enum, mscorlib, 4.0.0.0] feature)","ArgIndex":1}]}