{"Type":"0T:System.Enum, mscorlib, 4.0.0.0","ClassCtx":"0T:OxyPlot.CodeGeneratorStringExtensions, OxyPlot_NET40","MethodCtx":"0M:static [p:string] [OxyPlot.CodeGeneratorStringExtensions, OxyPlot_NET40].ToCode(this [System.Enum, mscorlib, 4.0.0.0] value)","Definition":{"Type":"METHOD_PARAMETER","Member":"0M:static [p:string] [OxyPlot.CodeGeneratorStringExtensions, OxyPlot_NET40].ToCode(this [System.Enum, mscorlib, 4.0.0.0] value)","ArgIndex":0},"CallParameters":[{"Method":"0M:static [p:string] [p:string].Format([p:string] format, [p:object] arg0, [p:object] arg1)","ArgIndex":1}],"MemberAccesses":[{"Type":"METHOD_CALL","Member":"0M:[System.Type, mscorlib, 4.0.0.0] [p:object].GetType()"}]}