{"Type":"0T:e:System.Reflection.BindingFlags, mscorlib, 4.0.0.0","ClassCtx":"0T:OxyPlot.OxyColorExtensions, OxyPlot_NET40","MethodCtx":"0M:static [p:string] [OxyPlot.OxyColorExtensions, OxyPlot_NET40].GetColorName(this [s:OxyPlot.OxyColor, OxyPlot_NET40] color)","Definition":{"Type":"UNKNOWN"},"CallParameters":[{"Method":"0M:[System.Reflection.FieldInfo[], mscorlib, 4.0.0.0] [System.Type, mscorlib, 4.0.0.0].GetFields([e:System.Reflection.BindingFlags, mscorlib, 4.0.0.0] bindingAttr)","ArgIndex":0}]}