{"Type":"0T:e:System.Reflection.BindingFlags, mscorlib, 4.0.0.0","ClassCtx":"0T:OxyPlot.Reporting.PropertyTable, OxyPlot_NET40","MethodCtx":"0M:[p:void] [OxyPlot.Reporting.PropertyTable, OxyPlot_NET40].UpdateFields([i:System.Collections.IEnumerable, mscorlib, 4.0.0.0] items)","Definition":{"Type":"UNKNOWN"},"CallParameters":[{"Method":"0M:[System.Reflection.PropertyInfo[], mscorlib, 4.0.0.0] [System.Type, mscorlib, 4.0.0.0].GetProperties([e:System.Reflection.BindingFlags, mscorlib, 4.0.0.0] bindingAttr)","ArgIndex":0}]}