{"Type":"0T:e:System.Reflection.BindingFlags, mscorlib, 4.0.0.0","ClassCtx":"0T:OxyPlot.CodeGenerator, OxyPlot_NET40","MethodCtx":"0M:[p:void] [OxyPlot.CodeGenerator, OxyPlot_NET40].SetProperties([p:object] instance, [p:string] varName, [p:object] defaultValues)","Definition":{"Type":"UNKNOWN"},"CallParameters":[{"Method":"0M:[System.Reflection.PropertyInfo[], mscorlib, 4.0.0.0] [System.Type, mscorlib, 4.0.0.0].GetProperties([e:System.Reflection.BindingFlags, mscorlib, 4.0.0.0] bindingAttr)","ArgIndex":0}]}