{"Type":"0T:e:System.Reflection.BindingFlags, mscorlib, 4.0.0.0","ClassCtx":"0T:ExampleLibrary.Examples, ExampleLibrary_NET40","MethodCtx":"0M:static [System.Collections.Generic.List`1[[T]], mscorlib, 4.0.0.0] [ExampleLibrary.Examples, ExampleLibrary_NET40].GetList()","Definition":{"Type":"UNKNOWN"},"CallParameters":[{"Method":"0M:[System.Reflection.MethodInfo[], mscorlib, 4.0.0.0] [System.Type, mscorlib, 4.0.0.0].GetMethods([e:System.Reflection.BindingFlags, mscorlib, 4.0.0.0] bindingAttr)","ArgIndex":0}]}