{"Type":"0T:System.IO.FileSystemEventArgs, System, 4.0.0.0","ClassCtx":"0T:MSHelpSystem.Helper.HelpClientWatcher, HelpViewer","MethodCtx":"0M:static [p:void] [MSHelpSystem.Helper.HelpClientWatcher, HelpViewer].OnFileChanged([p:object] sender, [System.IO.FileSystemEventArgs, System, 4.0.0.0] e)","Definition":{"Type":"METHOD_PARAMETER","Member":"0M:static [p:void] [MSHelpSystem.Helper.HelpClientWatcher, HelpViewer].OnFileChanged([p:object] sender, [System.IO.FileSystemEventArgs, System, 4.0.0.0] e)","ArgIndex":1}}