{"Type":"0T:System.Random, mscorlib, 4.0.0.0","ClassCtx":"0T:ExampleLibrary.DiscussionExamples, ExampleLibrary_NET40","MethodCtx":"0M:static [OxyPlot.PlotModel, OxyPlot_NET40] [ExampleLibrary.DiscussionExamples, ExampleLibrary_NET40].BrewerColors4()","Definition":{"Type":"NEW","Member":"0M:[p:void] [System.Random, mscorlib, 4.0.0.0]..ctor([p:int] Seed)"},"MemberAccesses":[{"Type":"METHOD_CALL","Member":"0M:[p:int] [System.Random, mscorlib, 4.0.0.0].Next([p:int] maxValue)"},{"Type":"METHOD_CALL","Member":"0M:[p:int] [System.Random, mscorlib, 4.0.0.0].Next([p:int] maxValue)"}]}