{"Type":"0T:System.Random, mscorlib, 4.0.0.0","ClassCtx":"0T:ExampleLibrary.BarAndColumnSeriesExamples`2[[TSeries],[TItem]], ExampleLibrary_NET40","MethodCtx":"0M:static [OxyPlot.PlotModel, OxyPlot_NET40] [ExampleLibrary.BarAndColumnSeriesExamples`2[[TSeries],[TItem]], ExampleLibrary_NET40].CreateNormalDistributionHistogram([p:int] n, [p:int] binCount)","Definition":{"Type":"NEW","Member":"0M:[p:void] [System.Random, mscorlib, 4.0.0.0]..ctor([p:int] Seed)"},"MemberAccesses":[{"Type":"METHOD_CALL","Member":"0M:[p:double] [System.Random, mscorlib, 4.0.0.0].NextDouble()"},{"Type":"METHOD_CALL","Member":"0M:[p:double] [System.Random, mscorlib, 4.0.0.0].NextDouble()"}]}