{"Type":"0T:System.Random, mscorlib, 4.0.0.0","ClassCtx":"0T:ExampleLibrary.HighLowItemGenerator, ExampleLibrary_NET40","MethodCtx":"0M:static [i:System.Collections.Generic.IEnumerable`1[[T]], mscorlib, 4.0.0.0] [ExampleLibrary.HighLowItemGenerator, ExampleLibrary_NET40].MRProcess([p:int] n, opt [p:double] x0, opt [p:double] csigma, opt [p:double] esigma, opt [p:double] kappa)","Definition":{"Type":"MEMBER_ACCESS","Member":"0F:static [System.Random, mscorlib, 4.0.0.0] [ExampleLibrary.HighLowItemGenerator, ExampleLibrary_NET40].Rand"}}