{"Type":"0T:System.Random, mscorlib, 4.0.0.0","ClassCtx":"0T:ExampleLibrary.OhlcvItemGenerator, ExampleLibrary_NET40","MethodCtx":"0M:static [p:double] [ExampleLibrary.OhlcvItemGenerator, ExampleLibrary_NET40].RandomNormal([p:double] mu, [p:double] sigma)","Definition":{"Type":"MEMBER_ACCESS","Member":"0F:static [System.Random, mscorlib, 4.0.0.0] [ExampleLibrary.OhlcvItemGenerator, ExampleLibrary_NET40].Rand"},"MemberAccesses":[{"Type":"METHOD_CALL","Member":"0M:[p:double] [System.Random, mscorlib, 4.0.0.0].NextDouble()"}]}