{"Type":"0T:System.Random, mscorlib, 4.0.0.0","ClassCtx":"0T:ExampleLibrary.ScatterErrorSeriesExamples, ExampleLibrary_NET40","MethodCtx":"0M:static [i:System.Collections.Generic.IEnumerable`1[[T]], mscorlib, 4.0.0.0] [ExampleLibrary.ScatterErrorSeriesExamples, ExampleLibrary_NET40].CreateExamplePoints([p:int] n)","Definition":{"Type":"NEW","Member":"0M:[p:void] [System.Random, mscorlib, 4.0.0.0]..ctor([p:int] Seed)"},"MemberAccesses":[{"Type":"METHOD_CALL","Member":"0M:[p:double] [System.Random, mscorlib, 4.0.0.0].NextDouble()"},{"Type":"METHOD_CALL","Member":"0M:[p:double] [System.Random, mscorlib, 4.0.0.0].NextDouble()"}]}