{"Type":"0T:System.Random, mscorlib, 4.0.0.0","ClassCtx":"0T:ExampleLibrary.LineSeriesExamples, ExampleLibrary_NET40","MethodCtx":"0M:static [OxyPlot.Series.LineSeries, OxyPlot_NET40] [ExampleLibrary.LineSeriesExamples, ExampleLibrary_NET40].CreateExampleLineSeries(opt [p:int] seed)","Definition":{"Type":"NEW","Member":"0M:[p:void] [System.Random, mscorlib, 4.0.0.0]..ctor([p:int] Seed)"},"MemberAccesses":[{"Type":"METHOD_CALL","Member":"0M:[p:int] [System.Random, mscorlib, 4.0.0.0].Next([p:int] minValue, [p:int] maxValue)"}]}