{"Type":"0T:System.Random, mscorlib, 4.0.0.0","ClassCtx":"0T:ExampleLibrary.LineSeriesExamples, ExampleLibrary_NET40","MethodCtx":"0M:static [OxyPlot.Series.Series, OxyPlot_NET40] [ExampleLibrary.LineSeriesExamples, ExampleLibrary_NET40].CreateRandomLineSeries([p:int] n, [p:string] title, [e:OxyPlot.MarkerType, OxyPlot_NET40] markerType)","Definition":{"Type":"MEMBER_ACCESS","Member":"0F:static [System.Random, mscorlib, 4.0.0.0] [ExampleLibrary.LineSeriesExamples, ExampleLibrary_NET40].Randomizer"},"MemberAccesses":[{"Type":"METHOD_CALL","Member":"0M:[p:double] [System.Random, mscorlib, 4.0.0.0].NextDouble()"},{"Type":"METHOD_CALL","Member":"0M:[p:double] [System.Random, mscorlib, 4.0.0.0].NextDouble()"}]}