{"Type":"0T:System.Random, mscorlib, 4.0.0.0","ClassCtx":"0T:ExampleLibrary.ScatterSeriesExamples, ExampleLibrary_NET40","MethodCtx":"0M:static [OxyPlot.Series.ScatterSeries, OxyPlot_NET40] [ExampleLibrary.ScatterSeriesExamples, ExampleLibrary_NET40].CreateRandomScatterSeries([p:int] n, [e:OxyPlot.MarkerType, OxyPlot_NET40] markerType, [p:bool] setSize, [p:bool] setValue, [OxyPlot.Axes.LinearColorAxis, OxyPlot_NET40] colorAxis)","Definition":{"Type":"NEW","Member":"0M:[p:void] [System.Random, mscorlib, 4.0.0.0]..ctor([p:int] Seed)"},"MemberAccesses":[{"Type":"METHOD_CALL","Member":"0M:[p:double] [System.Random, mscorlib, 4.0.0.0].NextDouble()"},{"Type":"METHOD_CALL","Member":"0M:[p:double] [System.Random, mscorlib, 4.0.0.0].NextDouble()"},{"Type":"METHOD_CALL","Member":"0M:[p:double] [System.Random, mscorlib, 4.0.0.0].NextDouble()"},{"Type":"METHOD_CALL","Member":"0M:[p:double] [System.Random, mscorlib, 4.0.0.0].NextDouble()"}]}