{"Type":"0T:System.Random, mscorlib, 4.0.0.0","ClassCtx":"0T:ExampleLibrary.ScatterSeriesExamples, ExampleLibrary_NET40","MethodCtx":"0M:static [OxyPlot.Series.ScatterSeries, OxyPlot_NET40] [ExampleLibrary.ScatterSeriesExamples, ExampleLibrary_NET40].CreateRandomScatterSeries([System.Random, mscorlib, 4.0.0.0] r, [p:int] n, [p:string] title, [e:OxyPlot.MarkerType, OxyPlot_NET40] markerType)","Definition":{"Type":"METHOD_PARAMETER","Member":"0M:static [OxyPlot.Series.ScatterSeries, OxyPlot_NET40] [ExampleLibrary.ScatterSeriesExamples, ExampleLibrary_NET40].CreateRandomScatterSeries([System.Random, mscorlib, 4.0.0.0] r, [p:int] n, [p:string] title, [e:OxyPlot.MarkerType, OxyPlot_NET40] markerType)","ArgIndex":0},"MemberAccesses":[{"Type":"METHOD_CALL","Member":"0M:[p:double] [System.Random, mscorlib, 4.0.0.0].NextDouble()"},{"Type":"METHOD_CALL","Member":"0M:[p:double] [System.Random, mscorlib, 4.0.0.0].NextDouble()"}]}