{"Type":"0T:System.Array, mscorlib, 4.0.0.0","ClassCtx":"0T:OxyPlot.CodeGenerator, OxyPlot_NET40","MethodCtx":"0M:[p:void] [OxyPlot.CodeGenerator, OxyPlot_NET40].SetProperties([p:object] instance, [p:string] varName, [p:object] defaultValues)","Definition":{"Type":"MEMBER_ACCESS","Member":"0P:get [TValue] [s:System.Collections.Generic.KeyValuePair`2[[TKey],[TValue]], mscorlib, 4.0.0.0].Value()"},"CallParameters":[{"Method":"0M:[p:void] [OxyPlot.CodeGenerator, OxyPlot_NET40].AddArray([p:string] name, [System.Array, mscorlib, 4.0.0.0] array)","ArgIndex":1},{"Method":"0M:[p:void] [System.Collections.Generic.Dictionary`2[[TKey],[TValue]], mscorlib, 4.0.0.0].Add([TKey] key, [TValue] value)","ArgIndex":1}]}