{"Type":"0T:i:System.Collections.Generic.IEnumerator`1[[T]], mscorlib, 4.0.0.0","ClassCtx":"0T:OxyPlot.Series.LineSeries, OxyPlot_NET40","MethodCtx":"0M:[p:void] [OxyPlot.Series.LineSeries, OxyPlot_NET40].RenderPoints([i:OxyPlot.IRenderContext, OxyPlot_NET40] rc, [s:OxyPlot.OxyRect, OxyPlot_NET40] clippingRect, [i:System.Collections.Generic.ICollection`1[[T]], mscorlib, 4.0.0.0] points)","Definition":{"Type":"RETURN_VALUE","Member":"0M:[i:System.Collections.Generic.IEnumerator`1[[T]], mscorlib, 4.0.0.0] [i:System.Collections.Generic.IEnumerable`1[[T]], mscorlib, 4.0.0.0].GetEnumerator()"},"CallParameters":[{"Method":"0M:[p:bool] [OxyPlot.Series.LineSeries, OxyPlot_NET40].ExtractNextContiguousLineSegment([i:System.Collections.Generic.IEnumerator`1[[T]], mscorlib, 4.0.0.0] pointEnumerator, ref [s:System.Nullable`1[[T]], mscorlib, 4.0.0.0] previousContiguousLineSegmentEndPoint, [System.Collections.Generic.List`1[[T]], mscorlib, 4.0.0.0] broken, [System.Collections.Generic.List`1[[T]], mscorlib, 4.0.0.0] contiguous)","ArgIndex":0}],"MemberAccesses":[{"Type":"METHOD_CALL","Member":"0M:[p:bool] [i:System.Collections.IEnumerator, mscorlib, 4.0.0.0].MoveNext()"}]}