{"Type":"0T:p:long","ClassCtx":"0T:OxyPlot.PortableDocument, OxyPlot_NET40","MethodCtx":"0M:[p:void] [OxyPlot.PortableDocument, OxyPlot_NET40].Save([System.IO.Stream, mscorlib, 4.0.0.0] s)","Definition":{"Type":"UNKNOWN"},"CallParameters":[{"Method":"0M:[p:void] [System.Collections.Generic.Dictionary`2[[TKey],[TValue]], mscorlib, 4.0.0.0].Add([TKey] key, [TValue] value)","ArgIndex":1},{"Method":"0M:[p:void] [OxyPlot.PdfWriter, OxyPlot_NET40].WriteLine([p:string] format, params [p:object[]] args)","ArgIndex":0}]}