{"Type":"0T:p:long","ClassCtx":"0T:OxyPlot.JpegDecoder, OxyPlot_NET40","MethodCtx":"0M:[OxyPlot.OxyImageInfo, OxyPlot_NET40] [i:OxyPlot.IImageDecoder, OxyPlot_NET40].GetImageInfo([p:byte[]] bytes)","Definition":{"Type":"UNKNOWN"},"CallParameters":[{"Method":"0M:static [p:object] [OxyPlot.JpegDecoder, OxyPlot_NET40].ReadValue([System.IO.BinaryReader, mscorlib, 4.0.0.0] inputReader, [System.IO.MemoryStream, mscorlib, 4.0.0.0] ms, [p:bool] isLittleEndian, [p:ushort] fieldType, [p:int] count, [p:long] baseOffset)","ArgIndex":5}]}