{"Type":"0T:System.Net.IPAddress, System, 4.0.0.0","ClassCtx":"0T:MSHelpSystem.Core.HelpLibraryAgent, HelpViewer","MethodCtx":"0M:[p:bool] [MSHelpSystem.Core.HelpLibraryAgent, HelpViewer].PortIsReady__get__()","Definition":{"Type":"RETURN_VALUE","Member":"0M:static [System.Net.IPAddress, System, 4.0.0.0] [System.Net.IPAddress, System, 4.0.0.0].Parse([p:string] ipString)"},"CallParameters":[{"Method":"0M:[p:void] [System.Net.Sockets.Socket, System, 4.0.0.0].Connect([System.Net.IPAddress, System, 4.0.0.0] address, [p:int] port)","ArgIndex":0}]}