{"Type":"0T:p:bool","ClassCtx":"0T:OxyPlot.ControllerBase, OxyPlot_NET40","MethodCtx":"0M:[p:bool] [i:OxyPlot.IController, OxyPlot_NET40].HandleMouseWheel([i:OxyPlot.IView, OxyPlot_NET40] view, [OxyPlot.OxyMouseWheelEventArgs, OxyPlot_NET40] args)","Definition":{"Type":"RETURN_VALUE","Member":"0M:[p:bool] [OxyPlot.ControllerBase, OxyPlot_NET40].HandleCommand([i:OxyPlot.IViewCommand, OxyPlot_NET40] command, [i:OxyPlot.IView, OxyPlot_NET40] view, [OxyPlot.OxyInputEventArgs, OxyPlot_NET40] args)"}}