{"Type":"0T:p:bool","ClassCtx":"0T:OxyPlot.TrackerManipulator, OxyPlot_NET40","MethodCtx":"0M:[p:void] [OxyPlot.ManipulatorBase`1[[T]], OxyPlot_NET40].Delta([T] e)","Definition":{"Type":"UNKNOWN"},"CallParameters":[{"Method":"0M:static [OxyPlot.TrackerHitResult, OxyPlot_NET40] [OxyPlot.TrackerManipulator, OxyPlot_NET40].GetNearestHit([OxyPlot.Series.Series, OxyPlot_NET40] series, [s:OxyPlot.ScreenPoint, OxyPlot_NET40] point, [p:bool] snap, [p:bool] pointsOnly)","ArgIndex":2},{"Method":"0M:static [OxyPlot.TrackerHitResult, OxyPlot_NET40] [OxyPlot.TrackerManipulator, OxyPlot_NET40].GetNearestHit([OxyPlot.Series.Series, OxyPlot_NET40] series, [s:OxyPlot.ScreenPoint, OxyPlot_NET40] point, [p:bool] snap, [p:bool] pointsOnly)","ArgIndex":3}]}