{"Type":"0T:p:bool","ClassCtx":"0T:OxyPlot.GtkSharp.GraphicsRenderContext, OxyPlot.GtkSharp_NET40","MethodCtx":"0M:[p:void] [i:OxyPlot.IRenderContext, OxyPlot_NET40].DrawImage([OxyPlot.OxyImage, OxyPlot_NET40] source, [p:double] srcX, [p:double] srcY, [p:double] srcWidth, [p:double] srcHeight, [p:double] destX, [p:double] destY, [p:double] destWidth, [p:double] destHeight, [p:double] opacity, [p:bool] interpolate)","Definition":{"Type":"METHOD_PARAMETER","Member":"0M:[p:void] [OxyPlot.GtkSharp.GraphicsRenderContext, OxyPlot.GtkSharp_NET40].DrawImage([OxyPlot.OxyImage, OxyPlot_NET40] source, [p:double] srcX, [p:double] srcY, [p:double] srcWidth, [p:double] srcHeight, [p:double] x, [p:double] y, [p:double] w, [p:double] h, [p:double] opacity, [p:bool] interpolate)","ArgIndex":10}}