{"Type":"0T:p:bool","ClassCtx":"0T:OxyPlot.GtkSharp.PlotModelExtensions, OxyPlot.GtkSharp_NET40","MethodCtx":"0M:static [p:string] [OxyPlot.GtkSharp.PlotModelExtensions, OxyPlot.GtkSharp_NET40].ToSvg(this [OxyPlot.PlotModel, OxyPlot_NET40] model, [p:double] width, [p:double] height, [p:bool] isDocument)","Definition":{"Type":"CONSTANT"},"CallParameters":[{"Method":"0M:static [p:string] [OxyPlot.SvgExporter, OxyPlot_NET40].ExportToString([i:OxyPlot.IPlotModel, OxyPlot_NET40] model, [p:double] width, [p:double] height, [p:bool] isDocument, opt [i:OxyPlot.IRenderContext, OxyPlot_NET40] textMeasurer)","ArgIndex":3}]}