{"Type":"0T:p:bool","ClassCtx":"0T:OxyPlot.Annotations.ImageAnnotation, OxyPlot_NET40","MethodCtx":"0M:[p:void] [OxyPlot.Annotations.Annotation, OxyPlot_NET40].Render([i:OxyPlot.IRenderContext, OxyPlot_NET40] rc)","Definition":{"Type":"UNKNOWN"},"CallParameters":[{"Method":"0M:static [p:void] [OxyPlot.RenderingExtensions, OxyPlot_NET40].DrawClippedImage(this [i:OxyPlot.IRenderContext, OxyPlot_NET40] rc, [s:OxyPlot.OxyRect, OxyPlot_NET40] clippingRectangle, [OxyPlot.OxyImage, OxyPlot_NET40] source, [p:double] x, [p:double] y, [p:double] w, [p:double] h, [p:double] opacity, [p:bool] interpolate)","ArgIndex":8},{"Method":"0M:static [p:void] [OxyPlot.RenderingExtensions, OxyPlot_NET40].DrawImage(this [i:OxyPlot.IRenderContext, OxyPlot_NET40] rc, [OxyPlot.OxyImage, OxyPlot_NET40] image, [p:double] x, [p:double] y, [p:double] w, [p:double] h, [p:double] opacity, [p:bool] interpolate)","ArgIndex":7}]}