{"Type":"0T:p:bool","ClassCtx":"0T:OxyPlot.Annotations.ImageAnnotation, OxyPlot_NET40","MethodCtx":"0M:[s:OxyPlot.ScreenVector, OxyPlot_NET40] [OxyPlot.Annotations.ImageAnnotation, OxyPlot_NET40].GetVector([s:OxyPlot.PlotLength, OxyPlot_NET40] x, [s:OxyPlot.PlotLength, OxyPlot_NET40] y, [i:OxyPlot.IRenderContext, OxyPlot_NET40] rc, [OxyPlot.PlotModel, OxyPlot_NET40] model)","Definition":{"Type":"MEMBER_ACCESS","Member":"0P:set get [p:bool] [OxyPlot.Annotations.ImageAnnotation, OxyPlot_NET40].Interpolate()"}}