{"Type":"0T:p:int","ClassCtx":"0T:Apress.Recipes.WebApi.Areas.HelpPage.ModelDescriptions.ModelNameHelper, Apress.Recipes.WebApi","MethodCtx":"0M:static [p:string] [Apress.Recipes.WebApi.Areas.HelpPage.ModelDescriptions.ModelNameHelper, Apress.Recipes.WebApi].GetModelName([System.Type, mscorlib, 4.0.0.0] type)","Definition":{"Type":"RETURN_VALUE","Member":"0M:[p:int] [p:string].IndexOf([p:char] value)"},"CallParameters":[{"Method":"0M:[p:string] [p:string].Substring([p:int] startIndex, [p:int] length)","ArgIndex":0}]}