{"Type":"0T:s:SharpDX.DirectWrite.TextMetrics, SharpDX.Direct2D1, 2.6.3.0","ClassCtx":"0T:Cocos2D.CCLabel, Cocos2d.WinRT","MethodCtx":"0M:static [?] [Cocos2D.CCLabel, Cocos2d.WinRT].GetKerningInfo([Cocos2D.CCRawList`1[[T]], Cocos2d.WinRT] charset)","Definition":{"Type":"MEMBER_ACCESS","Member":"0P:get [s:SharpDX.DirectWrite.TextMetrics, SharpDX.Direct2D1, 2.6.3.0] [SharpDX.DirectWrite.TextLayout, SharpDX.Direct2D1, 2.6.3.0].Metrics()"},"MemberAccesses":[{"Type":"MEMBER_REFERENCE","Member":"0F:[p:float] [s:SharpDX.DirectWrite.TextMetrics, SharpDX.Direct2D1, 2.6.3.0].Width"},{"Type":"MEMBER_REFERENCE","Member":"0F:[p:float] [s:SharpDX.DirectWrite.TextMetrics, SharpDX.Direct2D1, 2.6.3.0].LayoutWidth"}]}