{"Type":"0T:i:System.Collections.Generic.IEnumerable`1[[T]], mscorlib, 4.0.0.0","ClassCtx":"0T:OxyPlot.GtkSharp.GraphicsRenderContext, OxyPlot.GtkSharp_NET40","MethodCtx":"0M:[p:void] [i:OxyPlot.IRenderContext, OxyPlot_NET40].DrawPolygon([i:System.Collections.Generic.IList`1[[T]], mscorlib, 4.0.0.0] points, [s:OxyPlot.OxyColor, OxyPlot_NET40] fill, [s:OxyPlot.OxyColor, OxyPlot_NET40] stroke, opt [p:double] thickness, opt [p:double[]] dashArray, opt [e:OxyPlot.LineJoin, OxyPlot_NET40] lineJoin, opt [p:bool] aliased)","Definition":{"Type":"RETURN_VALUE","Member":"0M:static [i:System.Collections.Generic.IEnumerable`1[[T]], mscorlib, 4.0.0.0] [System.Linq.Enumerable, System.Core, 4.0.0.0].Skip`1[[TSource]](this [i:System.Collections.Generic.IEnumerable`1[[T]], mscorlib, 4.0.0.0] source, [p:int] count)"}}