{"Type":"0T:i:System.Collections.Generic.IEnumerable`1[[T]], mscorlib, 4.0.0.0","ClassCtx":"0T:OxyPlot.PlotElement, OxyPlot_NET40","MethodCtx":"0M:[p:int] [i:OxyPlot.IPlotElement, OxyPlot_NET40].GetElementHashCode()","Definition":{"Type":"RETURN_VALUE","Member":"0M:static [i:System.Collections.Generic.IEnumerable`1[[T]], mscorlib, 4.0.0.0] [System.Linq.Enumerable, System.Core, 4.0.0.0].Select`2[[TSource],[TResult]](this [i:System.Collections.Generic.IEnumerable`1[[T]], mscorlib, 4.0.0.0] source, [d:[TResult] [System.Func`2[[T],[TResult]], mscorlib, 4.0.0.0].([T] arg)] selector)"},"CallParameters":[{"Method":"0M:static [p:int] [OxyPlot.HashCodeBuilder, OxyPlot_NET40].GetHashCode([i:System.Collections.Generic.IEnumerable`1[[T]], mscorlib, 4.0.0.0] items)","ArgIndex":0}]}