{"Type":"0T:i:System.Collections.Generic.IEnumerable`1[[T]], mscorlib, 4.0.0.0","ClassCtx":"0T:OxyPlot.PlotModel, OxyPlot_NET40","MethodCtx":"0M:static [p:double] [OxyPlot.PlotModel, OxyPlot_NET40].MaxSizeOfPositionTier([i:OxyPlot.IRenderContext, OxyPlot_NET40] rc, [i:System.Collections.Generic.IEnumerable`1[[T]], mscorlib, 4.0.0.0] axesOfPositionTier)","Definition":{"Type":"METHOD_PARAMETER","Member":"0M:static [p:double] [OxyPlot.PlotModel, OxyPlot_NET40].MaxSizeOfPositionTier([i:OxyPlot.IRenderContext, OxyPlot_NET40] rc, [i:System.Collections.Generic.IEnumerable`1[[T]], mscorlib, 4.0.0.0] axesOfPositionTier)","ArgIndex":1}}