{"Type":"0T:i:System.Collections.Generic.IEnumerable`1[[T]], mscorlib, 4.0.0.0","ClassCtx":"0T:OxyPlot.OxyPalette, OxyPlot_NET40","MethodCtx":"0M:[p:void] [OxyPlot.OxyPalette, OxyPlot_NET40]..ctor([i:System.Collections.Generic.IEnumerable`1[[T]], mscorlib, 4.0.0.0] colors)","Definition":{"Type":"METHOD_PARAMETER","Member":"0M:[p:void] [OxyPlot.OxyPalette, OxyPlot_NET40]..ctor([i:System.Collections.Generic.IEnumerable`1[[T]], mscorlib, 4.0.0.0] colors)","ArgIndex":0},"CallParameters":[{"Method":"0M:[p:void] [System.Collections.Generic.List`1[[T]], mscorlib, 4.0.0.0]..ctor([i:System.Collections.Generic.IEnumerable`1[[T]], mscorlib, 4.0.0.0] collection)","ArgIndex":0}]}