{"Type":"0T:i:System.Collections.Generic.IEnumerable`1[[T]], mscorlib, 4.0.0.0","ClassCtx":"0T:OxyPlot.OxyPalette, OxyPlot_NET40","MethodCtx":"0M:[OxyPlot.OxyPalette, OxyPlot_NET40] [OxyPlot.OxyPalette, OxyPlot_NET40].Reverse()","Definition":{"Type":"RETURN_VALUE","Member":"0M:static [i:System.Collections.Generic.IEnumerable`1[[T]], mscorlib, 4.0.0.0] [System.Linq.Enumerable, System.Core, 4.0.0.0].Reverse`1[[TSource]](this [i:System.Collections.Generic.IEnumerable`1[[T]], mscorlib, 4.0.0.0] source)"},"CallParameters":[{"Method":"0M:[p:void] [OxyPlot.OxyPalette, OxyPlot_NET40]..ctor([i:System.Collections.Generic.IEnumerable`1[[T]], mscorlib, 4.0.0.0] colors)","ArgIndex":0}]}