{"Type":"0T:i:System.Collections.Generic.IEnumerable`1[[T]], mscorlib, 4.0.0.0","ClassCtx":"0T:OxyPlot.XkcdRenderingDecorator, OxyPlot_NET40","MethodCtx":"0M:[s:OxyPlot.ScreenPoint[], OxyPlot_NET40] [OxyPlot.XkcdRenderingDecorator, OxyPlot_NET40].Distort([i:System.Collections.Generic.IEnumerable`1[[T]], mscorlib, 4.0.0.0] points)","Definition":{"Type":"RETURN_VALUE","Member":"0M:[i:System.Collections.Generic.IEnumerable`1[[T]], mscorlib, 4.0.0.0] [OxyPlot.XkcdRenderingDecorator, OxyPlot_NET40].Interpolate([i:System.Collections.Generic.IEnumerable`1[[T]], mscorlib, 4.0.0.0] input, [p:double] dist)"},"CallParameters":[{"Method":"0M:[i:System.Collections.Generic.IEnumerable`1[[T]], mscorlib, 4.0.0.0] [OxyPlot.XkcdRenderingDecorator, OxyPlot_NET40].Interpolate([i:System.Collections.Generic.IEnumerable`1[[T]], mscorlib, 4.0.0.0] input, [p:double] dist)","ArgIndex":0},{"Method":"0M:static [TSource[]] [System.Linq.Enumerable, System.Core, 4.0.0.0].ToArray`1[[TSource]](this [i:System.Collections.Generic.IEnumerable`1[[T]], mscorlib, 4.0.0.0] source)","ArgIndex":0}]}