{"Type":"0T:i:System.Collections.Generic.IEnumerable`1[[T]], mscorlib, 4.0.0.0","ClassCtx":"0T:OxyPlot.XkcdRenderingDecorator, OxyPlot_NET40","MethodCtx":"0M:[i:System.Collections.Generic.IEnumerable`1[[T]], mscorlib, 4.0.0.0] [OxyPlot.XkcdRenderingDecorator, OxyPlot_NET40].Interpolate([i:System.Collections.Generic.IEnumerable`1[[T]], mscorlib, 4.0.0.0] input, [p:double] dist)","Definition":{"Type":"METHOD_PARAMETER","Member":"0M:[i:System.Collections.Generic.IEnumerable`1[[T]], mscorlib, 4.0.0.0] [OxyPlot.XkcdRenderingDecorator, OxyPlot_NET40].Interpolate([i:System.Collections.Generic.IEnumerable`1[[T]], mscorlib, 4.0.0.0] input, [p:double] dist)","ArgIndex":0}}