{"Type":"0T:i:System.Collections.Generic.IEnumerable`1[[T]], mscorlib, 4.0.0.0","ClassCtx":"0T:OxyPlot.Reporting.ItemsTable, OxyPlot_NET40","MethodCtx":"0M:[p:string[,]] [OxyPlot.Reporting.ItemsTable, OxyPlot_NET40].ToArray()","Definition":{"Type":"RETURN_VALUE","Member":"0M:static [i:System.Collections.Generic.IEnumerable`1[[T]], mscorlib, 4.0.0.0] [System.Linq.Enumerable, System.Core, 4.0.0.0].Cast`1[[TResult]](this [i:System.Collections.IEnumerable, mscorlib, 4.0.0.0] source)"},"CallParameters":[{"Method":"0M:static [System.Collections.Generic.List`1[[T]], mscorlib, 4.0.0.0] [System.Linq.Enumerable, System.Core, 4.0.0.0].ToList`1[[TSource]](this [i:System.Collections.Generic.IEnumerable`1[[T]], mscorlib, 4.0.0.0] source)","ArgIndex":0}]}