{"Type":"0T:i:System.Collections.Generic.IEnumerable`1[[T]], mscorlib, 4.0.0.0","ClassCtx":"0T:OxyPlot.Series.ItemsSeries, OxyPlot_NET40","MethodCtx":"0M:static [p:object] [OxyPlot.Series.ItemsSeries, OxyPlot_NET40].GetItem([i:System.Collections.IEnumerable, mscorlib, 4.0.0.0] itemsSource, [p:int] index)","Definition":{"Type":"RETURN_VALUE","Member":"0M:static [i:System.Collections.Generic.IEnumerable`1[[T]], mscorlib, 4.0.0.0] [System.Linq.Enumerable, System.Core, 4.0.0.0].Cast`1[[TResult]](this [i:System.Collections.IEnumerable, mscorlib, 4.0.0.0] source)"},"CallParameters":[{"Method":"0M:static [TSource] [System.Linq.Enumerable, System.Core, 4.0.0.0].FirstOrDefault`1[[TSource]](this [i:System.Collections.Generic.IEnumerable`1[[T]], mscorlib, 4.0.0.0] source, [d:[TResult] [System.Func`2[[T],[TResult]], mscorlib, 4.0.0.0].([T] arg)] predicate)","ArgIndex":0}]}