{"Type":"0T:i:System.Collections.Generic.IEnumerable`1[[T]], mscorlib, 4.0.0.0","ClassCtx":"0T:OxyPlot.PdfRenderContext, OxyPlot_NET40","MethodCtx":"0M:[p:void] [OxyPlot.PdfRenderContext, OxyPlot_NET40].SetLineDashPattern([p:double[]] dashArray, [p:double] dashPhase)","Definition":{"Type":"RETURN_VALUE","Member":"0M:static [i:System.Collections.Generic.IEnumerable`1[[T]], mscorlib, 4.0.0.0] [System.Linq.Enumerable, System.Core, 4.0.0.0].Select`2[[TSource],[TResult]](this [i:System.Collections.Generic.IEnumerable`1[[T]], mscorlib, 4.0.0.0] source, [d:[TResult] [System.Func`2[[T],[TResult]], mscorlib, 4.0.0.0].([T] arg)] selector)"},"CallParameters":[{"Method":"0M:static [TSource[]] [System.Linq.Enumerable, System.Core, 4.0.0.0].ToArray`1[[TSource]](this [i:System.Collections.Generic.IEnumerable`1[[T]], mscorlib, 4.0.0.0] source)","ArgIndex":0}]}