{"Type":"0T:i:System.Collections.Generic.IEnumerable`1[[T]], mscorlib, 4.0.0.0","ClassCtx":"0T:OxyPlot.SvgWriter, OxyPlot_NET40","MethodCtx":"0M:[p:void] [OxyPlot.SvgWriter, OxyPlot_NET40].WritePolygon([i:System.Collections.Generic.IEnumerable`1[[T]], mscorlib, 4.0.0.0] points, [p:string] style)","Definition":{"Type":"METHOD_PARAMETER","Member":"0M:[p:void] [OxyPlot.SvgWriter, OxyPlot_NET40].WritePolygon([i:System.Collections.Generic.IEnumerable`1[[T]], mscorlib, 4.0.0.0] points, [p:string] style)","ArgIndex":0},"CallParameters":[{"Method":"0M:[p:string] [OxyPlot.SvgWriter, OxyPlot_NET40].PointsToString([i:System.Collections.Generic.IEnumerable`1[[T]], mscorlib, 4.0.0.0] points)","ArgIndex":0}]}