{"Type":"0T:i:System.Collections.Generic.IEnumerable`1[[T]], mscorlib, 4.0.0.0","ClassCtx":"0T:OxyPlot.Axes.CategoryAxis, OxyPlot_NET40","MethodCtx":"0M:[p:void] [OxyPlot.Axes.CategoryAxis, OxyPlot_NET40].UpdateLabels([i:System.Collections.Generic.IEnumerable`1[[T]], mscorlib, 4.0.0.0] series)","Definition":{"Type":"METHOD_PARAMETER","Member":"0M:[p:void] [OxyPlot.Axes.CategoryAxis, OxyPlot_NET40].UpdateLabels([i:System.Collections.Generic.IEnumerable`1[[T]], mscorlib, 4.0.0.0] series)","ArgIndex":0}}