{"Type":"0T:i:System.Collections.Generic.IEnumerable`1[[T]], mscorlib, 4.0.0.0","ClassCtx":"0T:OxyPlot.Series.PolarHeatMapSeries, ExampleLibrary_NET40","MethodCtx":"0M:[p:void] [OxyPlot.Series.Series, OxyPlot_NET40].UpdateMaxMin()","Definition":{"Type":"RETURN_VALUE","Member":"0M:[i:System.Collections.Generic.IEnumerable`1[[T]], mscorlib, 4.0.0.0] [OxyPlot.Series.PolarHeatMapSeries, ExampleLibrary_NET40].GetData()"},"CallParameters":[{"Method":"0M:static [p:double] [System.Linq.Enumerable, System.Core, 4.0.0.0].Min(this [i:System.Collections.Generic.IEnumerable`1[[T]], mscorlib, 4.0.0.0] source)","ArgIndex":0},{"Method":"0M:static [p:double] [System.Linq.Enumerable, System.Core, 4.0.0.0].Max(this [i:System.Collections.Generic.IEnumerable`1[[T]], mscorlib, 4.0.0.0] source)","ArgIndex":0}]}