{"Type":"0T:i:System.Collections.Generic.IEnumerable`1[[T]], mscorlib, 4.0.0.0","ClassCtx":"0T:ExampleLibrary.VolumeSeriesExamples, ExampleLibrary_NET40","MethodCtx":"0M:static [ExampleLibrary.Example, ExampleLibrary_NET40] [ExampleLibrary.VolumeSeriesExamples, ExampleLibrary_NET40].CreateVolumeSeries([p:string] title, [e:OxyPlot.Series.VolumeStyle, OxyPlot_NET40] style, opt [p:int] n, opt [p:bool] natural)","Definition":{"Type":"RETURN_VALUE","Member":"0M:static [i:System.Collections.Generic.IEnumerable`1[[T]], mscorlib, 4.0.0.0] [ExampleLibrary.OhlcvItemGenerator, ExampleLibrary_NET40].MRProcess([p:int] n, opt [p:double] x0, opt [p:double] v0, opt [p:double] csigma, opt [p:double] esigma, opt [p:double] kappa)"}}