{"Type":"0T:i:System.Collections.Generic.IEnumerable`1[[T]], mscorlib, 4.0.0.0","ClassCtx":"0T:ExampleLibrary.CandleStickSeriesExamples, ExampleLibrary_NET40","MethodCtx":"0M:static [ExampleLibrary.Example, ExampleLibrary_NET40] [ExampleLibrary.CandleStickSeriesExamples, ExampleLibrary_NET40].SmallDataSet()","Definition":{"Type":"RETURN_VALUE","Member":"0M:static [i:System.Collections.Generic.IEnumerable`1[[T]], mscorlib, 4.0.0.0] [ExampleLibrary.HighLowItemGenerator, ExampleLibrary_NET40].MRProcess([p:int] n, opt [p:double] x0, opt [p:double] csigma, opt [p:double] esigma, opt [p:double] kappa)"}}