{"Type":"0T:i:System.Collections.Generic.IEnumerable`1[[T]], mscorlib, 4.0.0.0","ClassCtx":"0T:ExampleLibrary.BoxPlotSeriesExamples, ExampleLibrary_NET40","MethodCtx":"0M:static [p:double] [ExampleLibrary.BoxPlotSeriesExamples, ExampleLibrary_NET40].GetMedian([i:System.Collections.Generic.IEnumerable`1[[T]], mscorlib, 4.0.0.0] values)","Definition":{"Type":"METHOD_PARAMETER","Member":"0M:static [p:double] [ExampleLibrary.BoxPlotSeriesExamples, ExampleLibrary_NET40].GetMedian([i:System.Collections.Generic.IEnumerable`1[[T]], mscorlib, 4.0.0.0] values)","ArgIndex":0},"CallParameters":[{"Method":"0M:[p:void] [System.Collections.Generic.List`1[[T]], mscorlib, 4.0.0.0]..ctor([i:System.Collections.Generic.IEnumerable`1[[T]], mscorlib, 4.0.0.0] collection)","ArgIndex":0}]}