{"Type":"0T:i:System.Collections.Generic.IEnumerable`1[[T]], mscorlib, 4.0.0.0","ClassCtx":"0T:OxyPlot.ElementCollection`1[[T]], OxyPlot_NET40","MethodCtx":"0M:[p:void] [OxyPlot.ElementCollection`1[[T]], OxyPlot_NET40].RaiseCollectionChanged(opt [i:System.Collections.Generic.IEnumerable`1[[T]], mscorlib, 4.0.0.0] addedItems, opt [i:System.Collections.Generic.IEnumerable`1[[T]], mscorlib, 4.0.0.0] removedItems)","Definition":{"Type":"METHOD_PARAMETER","Member":"0M:[p:void] [OxyPlot.ElementCollection`1[[T]], OxyPlot_NET40].RaiseCollectionChanged(opt [i:System.Collections.Generic.IEnumerable`1[[T]], mscorlib, 4.0.0.0] addedItems, opt [i:System.Collections.Generic.IEnumerable`1[[T]], mscorlib, 4.0.0.0] removedItems)","ArgIndex":1},"CallParameters":[{"Method":"0M:[p:void] [OxyPlot.ElementCollectionChangedEventArgs`1[[T]], OxyPlot_NET40]..ctor([i:System.Collections.Generic.IEnumerable`1[[T]], mscorlib, 4.0.0.0] addedItems, [i:System.Collections.Generic.IEnumerable`1[[T]], mscorlib, 4.0.0.0] removedItems)","ArgIndex":0},{"Method":"0M:[p:void] [OxyPlot.ElementCollectionChangedEventArgs`1[[T]], OxyPlot_NET40]..ctor([i:System.Collections.Generic.IEnumerable`1[[T]], mscorlib, 4.0.0.0] addedItems, [i:System.Collections.Generic.IEnumerable`1[[T]], mscorlib, 4.0.0.0] removedItems)","ArgIndex":1}]}