{"Type":"0T:i:System.Collections.Generic.IEnumerable`1[[T]], mscorlib, 4.0.0.0","ClassCtx":"0T:ExampleLibrary.ScatterSeriesExamples, ExampleLibrary_NET40","MethodCtx":"0M:static [p:void] [ExampleLibrary.ScatterSeriesExamples, ExampleLibrary_NET40].LeastSquaresFit([i:System.Collections.Generic.IEnumerable`1[[T]], mscorlib, 4.0.0.0] points, out [p:double] a, out [p:double] b)","Definition":{"Type":"METHOD_PARAMETER","Member":"0M:static [p:void] [ExampleLibrary.ScatterSeriesExamples, ExampleLibrary_NET40].LeastSquaresFit([i:System.Collections.Generic.IEnumerable`1[[T]], mscorlib, 4.0.0.0] points, out [p:double] a, out [p:double] b)","ArgIndex":0}}