{"Type":"0T:i:System.Collections.Generic.IEnumerable`1[[T]], mscorlib, 4.0.0.0","ClassCtx":"0T:ExampleLibrary.RenderingCapabilities, ExampleLibrary_NET40","MethodCtx":"0M:[p:void] [d:[p:void] [System.Action`1[[T]], mscorlib, 4.0.0.0].([T] obj)].Invoke([T] obj)","Definition":{"Type":"RETURN_VALUE","Member":"0M:static [i:System.Collections.Generic.IEnumerable`1[[T]], mscorlib, 4.0.0.0] [OxyPlot.OxySizeExtensions, OxyPlot_NET40].GetPolygon(this [s:OxyPlot.OxySize, OxyPlot_NET40] size, [s:OxyPlot.ScreenPoint, OxyPlot_NET40] origin, [p:double] angle, [e:OxyPlot.HorizontalAlignment, OxyPlot_NET40] horizontalAlignment, [e:OxyPlot.VerticalAlignment, OxyPlot_NET40] verticalAlignment)"},"CallParameters":[{"Method":"0M:static [TSource[]] [System.Linq.Enumerable, System.Core, 4.0.0.0].ToArray`1[[TSource]](this [i:System.Collections.Generic.IEnumerable`1[[T]], mscorlib, 4.0.0.0] source)","ArgIndex":0}]}