{"Type":"0T:i:System.Collections.Generic.IEnumerable`1[[T]], mscorlib, 4.0.0.0","ClassCtx":"0T:ExampleLibrary.PlotControllerExamples, ExampleLibrary_NET40","MethodCtx":"0M:[p:void] [d:[p:void] [System.Action`3[[T1],[T2],[T3]], mscorlib, 4.0.0.0].([T1] arg1, [T2] arg2, [T3] arg3)].Invoke([T1] arg1, [T2] arg2, [T3] arg3)","Definition":{"Type":"RETURN_VALUE","Member":"0M:[i:System.Collections.Generic.IEnumerable`1[[T]], mscorlib, 4.0.0.0] [OxyPlot.Model, OxyPlot_NET40].HitTest([OxyPlot.HitTestArguments, OxyPlot_NET40] args)"},"CallParameters":[{"Method":"0M:static [TSource] [System.Linq.Enumerable, System.Core, 4.0.0.0].FirstOrDefault`1[[TSource]](this [i:System.Collections.Generic.IEnumerable`1[[T]], mscorlib, 4.0.0.0] source, [d:[TResult] [System.Func`2[[T],[TResult]], mscorlib, 4.0.0.0].([T] arg)] predicate)","ArgIndex":0}]}