{"Type":"0T:System.Collections.Generic.HashSet`1[[T]], System.Core, 4.0.0.0","ClassCtx":"0T:OxyPlot.GtkSharp.GraphicsRenderContext, OxyPlot.GtkSharp_NET40","MethodCtx":"0M:[?] [OxyPlot.GtkSharp.GraphicsRenderContext, OxyPlot.GtkSharp_NET40].GetImage([OxyPlot.OxyImage, OxyPlot_NET40] source)","Definition":{"Type":"MEMBER_ACCESS","Member":"0F:[System.Collections.Generic.HashSet`1[[T]], System.Core, 4.0.0.0] [OxyPlot.GtkSharp.GraphicsRenderContext, OxyPlot.GtkSharp_NET40].imagesInUse"},"MemberAccesses":[{"Type":"METHOD_CALL","Member":"0M:[p:bool] [System.Collections.Generic.HashSet`1[[T]], System.Core, 4.0.0.0].Contains([T] item)"},{"Type":"METHOD_CALL","Member":"0M:[p:bool] [System.Collections.Generic.HashSet`1[[T]], System.Core, 4.0.0.0].Add([T] item)"}]}