{"Type":"0T:System.Collections.Generic.HashSet`1[[T]], System.Core, 4.0.0.0","ClassCtx":"0T:OxyPlot.GtkSharp.GraphicsRenderContext, OxyPlot.GtkSharp3_NET40","MethodCtx":"0M:[p:void] [i:OxyPlot.IRenderContext, OxyPlot_NET40].CleanUp()","Definition":{"Type":"MEMBER_ACCESS","Member":"0F:[System.Collections.Generic.HashSet`1[[T]], System.Core, 4.0.0.0] [OxyPlot.GtkSharp.GraphicsRenderContext, OxyPlot.GtkSharp3_NET40].imagesInUse"},"MemberAccesses":[{"Type":"METHOD_CALL","Member":"0M:[p:void] [System.Collections.Generic.HashSet`1[[T]], System.Core, 4.0.0.0].Clear()"}]}