{"Type":"0T:System.Collections.Generic.HashSet`1[[T]], System.Core, 4.0.0.0","ClassCtx":"0T:OxyPlot.GtkSharp.GraphicsRenderContext, OxyPlot.GtkSharp3_NET40","MethodCtx":"0M:[TResult] [d:[TResult] [System.Func`2[[T],[TResult]], mscorlib, 4.0.0.0].([T] arg)].Invoke([T] arg)","Definition":{"Type":"MEMBER_ACCESS","Member":"0F:[System.Collections.Generic.HashSet`1[[T]], System.Core, 4.0.0.0] [OxyPlot.GtkSharp.GraphicsRenderContext, OxyPlot.GtkSharp3_NET40].imagesInUse"},"MemberAccesses":[{"Type":"METHOD_CALL","Member":"0M:[p:bool] [System.Collections.Generic.HashSet`1[[T]], System.Core, 4.0.0.0].Contains([T] item)"}]}