{"Type":"0T:System.Collections.Generic.HashSet`1[[T]], System.Core, 4.0.0.0","ClassCtx":"0T:OxyPlot.GtkSharp.GraphicsRenderContext, OxyPlot.GtkSharp_NET40","MethodCtx":"0M:[s:OxyPlot.OxySize, OxyPlot_NET40] [i:OxyPlot.IRenderContext, OxyPlot_NET40].MeasureText([p:string] text, opt [p:string] fontFamily, opt [p:double] fontSize, opt [p:double] fontWeight)","Definition":{"Type":"MEMBER_ACCESS","Member":"0F:[System.Collections.Generic.HashSet`1[[T]], System.Core, 4.0.0.0] [OxyPlot.GtkSharp.GraphicsRenderContext, OxyPlot.GtkSharp_NET40].imagesInUse"}}