{"Type":"0T:s:System.Collections.Generic.KeyValuePair`2[[TKey],[TValue]], mscorlib, 4.0.0.0","ClassCtx":"0T:Apress.Recipes.WebApi.Areas.HelpPage.HelpPageSampleGenerator, Apress.Recipes.WebApi","MethodCtx":"0M:[i:System.Collections.Generic.IEnumerable`1[[T]], mscorlib, 4.0.0.0] [Apress.Recipes.WebApi.Areas.HelpPage.HelpPageSampleGenerator, Apress.Recipes.WebApi].GetAllActionSamples([p:string] controllerName, [p:string] actionName, [i:System.Collections.Generic.IEnumerable`1[[T]], mscorlib, 4.0.0.0] parameterNames, [e:Apress.Recipes.WebApi.Areas.HelpPage.SampleDirection, Apress.Recipes.WebApi] sampleDirection)","Definition":{"Type":"UNKNOWN"},"MemberAccesses":[{"Type":"MEMBER_REFERENCE","Member":"0P:get [TKey] [s:System.Collections.Generic.KeyValuePair`2[[TKey],[TValue]], mscorlib, 4.0.0.0].Key()"}]}