{"Type":"0T:p:int","ClassCtx":"0T:MSHelpSystem.Controls.SearchPadControl, HelpViewer","MethodCtx":"0M:[p:void] [MSHelpSystem.Controls.SearchPadControl, HelpViewer].DoSearchClicked([p:object] sender, [System.Windows.RoutedEventArgs, PresentationCore, 4.0.0.0] e)","Definition":{"Type":"RETURN_VALUE","Member":"0M:[p:int] [System.Collections.ObjectModel.Collection`1[[T]], mscorlib, 4.0.0.0].IndexOf([T] item)"},"CallParameters":[{"Method":"0M:[p:void] [System.Collections.ObjectModel.ObservableCollection`1[[T]], System, 4.0.0.0].Move([p:int] oldIndex, [p:int] newIndex)","ArgIndex":0}]}