{"Type":"0T:p:int","ClassCtx":"0T:MSHelpSystem.Core.Help3Environment, HelpViewer","MethodCtx":"0M:static [p:string] [MSHelpSystem.Core.Help3Environment, HelpViewer].GetHttpFromMsXHelp([p:string] helpUrl)","Definition":{"Type":"RETURN_VALUE","Member":"0M:static [p:int] [MSHelpSystem.Core.Native.NativeMethods, HelpViewer].GetSessionId()"},"CallParameters":[{"Method":"0M:static [p:string] [p:string].Format([p:string] format, params [p:object[]] args)","ArgIndex":0},{"Method":"0M:static [p:string] [p:string].Format([p:string] format, params [p:object[]] args)","ArgIndex":1}]}