{"Type":"0T:System.Text.RegularExpressions.Group, System, 4.0.0.0","ClassCtx":"0T:OxyPlot.StringHelper, OxyPlot_NET40","MethodCtx":"0M:[TResult] [d:[TResult] [System.Func`2[[T],[TResult]], mscorlib, 4.0.0.0].([T] arg)].Invoke([T] arg)","Definition":{"Type":"UNKNOWN"},"MemberAccesses":[{"Type":"MEMBER_REFERENCE","Member":"0P:get [p:string] [System.Text.RegularExpressions.Capture, System, 4.0.0.0].Value()"},{"Type":"MEMBER_REFERENCE","Member":"0P:get [p:string] [System.Text.RegularExpressions.Capture, System, 4.0.0.0].Value()"}]}