{"Type":"0T:System.Reflection.AssemblyName, mscorlib, 4.0.0.0","ClassCtx":"0T:OxyPlot.Reporting.PlotModelExtensions, OxyPlot_NET40","MethodCtx":"0M:static [OxyPlot.Reporting.Report, OxyPlot_NET40] [OxyPlot.Reporting.PlotModelExtensions, OxyPlot_NET40].CreateReport(this [OxyPlot.PlotModel, OxyPlot_NET40] plotModel)","Definition":{"Type":"NEW","Member":"0M:[p:void] [System.Reflection.AssemblyName, mscorlib, 4.0.0.0]..ctor([p:string] assemblyName)"},"MemberAccesses":[{"Type":"MEMBER_REFERENCE","Member":"0P:set get [System.Version, mscorlib, 4.0.0.0] [System.Reflection.AssemblyName, mscorlib, 4.0.0.0].Version()"}]}