{"Type":"0T:System.Web.Optimization.Bundle, System.Web.Optimization, 1.1.0.0","ClassCtx":"0T:Apress.Recipes.WebApi.BundleConfig, Apress.Recipes.WebApi","MethodCtx":"0M:static [p:void] [Apress.Recipes.WebApi.BundleConfig, Apress.Recipes.WebApi].RegisterBundles([System.Web.Optimization.BundleCollection, System.Web.Optimization, 1.1.0.0] bundles)","Definition":{"Type":"RETURN_VALUE","Member":"0M:[System.Web.Optimization.Bundle, System.Web.Optimization, 1.1.0.0] [System.Web.Optimization.Bundle, System.Web.Optimization, 1.1.0.0].Include(params [p:string[]] virtualPaths)"},"CallParameters":[{"Method":"0M:[p:void] [System.Web.Optimization.BundleCollection, System.Web.Optimization, 1.1.0.0].Add([System.Web.Optimization.Bundle, System.Web.Optimization, 1.1.0.0] bundle)","ArgIndex":0}]}