{"Type":"0T:System.ComponentModel.PropertyChangedEventArgs, System, 4.0.0.0","ClassCtx":"0T:StockSharp.Anywhere.MainWindow, Anywhere","MethodCtx":"0M:[p:void] [StockSharp.Anywhere.MainWindow, Anywhere].NotifyPropertyChanged(opt [p:string] propertyName)","Definition":{"Type":"NEW","Member":"0M:[p:void] [System.ComponentModel.PropertyChangedEventArgs, System, 4.0.0.0]..ctor([p:string] propertyName)"},"CallParameters":[{"Method":"0M:[p:void] [d:[p:void] [System.ComponentModel.PropertyChangedEventHandler, System, 4.0.0.0].([p:object] sender, [System.ComponentModel.PropertyChangedEventArgs, System, 4.0.0.0] e)].Invoke([p:object] sender, [System.ComponentModel.PropertyChangedEventArgs, System, 4.0.0.0] e)","ArgIndex":1}]}