{"Type":"0T:System.Web.Http.HttpConfiguration, System.Web.Http, 5.1.0.0","ClassCtx":"0T:Apress.Recipes.WebApi.WebApiConfig, Apress.Recipes.WebApi","MethodCtx":"0M:static [p:void] [Apress.Recipes.WebApi.WebApiConfig, Apress.Recipes.WebApi].Register([System.Web.Http.HttpConfiguration, System.Web.Http, 5.1.0.0] config)","Definition":{"Type":"METHOD_PARAMETER","Member":"0M:static [p:void] [Apress.Recipes.WebApi.WebApiConfig, Apress.Recipes.WebApi].Register([System.Web.Http.HttpConfiguration, System.Web.Http, 5.1.0.0] config)","ArgIndex":0},"CallParameters":[{"Method":"0M:static [p:void] [System.Web.Http.HttpConfigurationExtensions, System.Web.Http, 5.1.0.0].MapHttpAttributeRoutes(this [System.Web.Http.HttpConfiguration, System.Web.Http, 5.1.0.0] configuration)","ArgIndex":0}],"MemberAccesses":[{"Type":"MEMBER_REFERENCE","Member":"0P:get [System.Web.Http.HttpRouteCollection, System.Web.Http, 5.1.0.0] [System.Web.Http.HttpConfiguration, System.Web.Http, 5.1.0.0].Routes()"}]}