{"Type":"0T:System.Web.Http.HttpConfiguration, System.Web.Http, 5.1.0.0","ClassCtx":"0T:Apress.Recipes.WebApi.Areas.HelpPage.HelpPageConfig, Apress.Recipes.WebApi","MethodCtx":"0M:static [p:void] [Apress.Recipes.WebApi.Areas.HelpPage.HelpPageConfig, Apress.Recipes.WebApi].Register([System.Web.Http.HttpConfiguration, System.Web.Http, 5.1.0.0] config)","Definition":{"Type":"METHOD_PARAMETER","Member":"0M:static [p:void] [Apress.Recipes.WebApi.Areas.HelpPage.HelpPageConfig, Apress.Recipes.WebApi].Register([System.Web.Http.HttpConfiguration, System.Web.Http, 5.1.0.0] config)","ArgIndex":0}}