{"Type":"0T:System.Web.Http.HttpConfiguration, System.Web.Http, 5.1.0.0","ClassCtx":"0T:Apress.Recipes.WebApi.Areas.HelpPage.HelpPageConfigurationExtensions, Apress.Recipes.WebApi","MethodCtx":"0M:static [Apress.Recipes.WebApi.Areas.HelpPage.ModelDescriptions.ModelDescriptionGenerator, Apress.Recipes.WebApi] [Apress.Recipes.WebApi.Areas.HelpPage.HelpPageConfigurationExtensions, Apress.Recipes.WebApi].GetModelDescriptionGenerator(this [System.Web.Http.HttpConfiguration, System.Web.Http, 5.1.0.0] config)","Definition":{"Type":"METHOD_PARAMETER","Member":"0M:static [Apress.Recipes.WebApi.Areas.HelpPage.ModelDescriptions.ModelDescriptionGenerator, Apress.Recipes.WebApi] [Apress.Recipes.WebApi.Areas.HelpPage.HelpPageConfigurationExtensions, Apress.Recipes.WebApi].GetModelDescriptionGenerator(this [System.Web.Http.HttpConfiguration, System.Web.Http, 5.1.0.0] config)","ArgIndex":0},"MemberAccesses":[{"Type":"MEMBER_REFERENCE","Member":"0P:get [System.Collections.Concurrent.ConcurrentDictionary`2[[TKey],[TValue]], mscorlib, 4.0.0.0] [System.Web.Http.HttpConfiguration, System.Web.Http, 5.1.0.0].Properties()"}]}