{"Type":"0T:System.Web.Http.HttpConfiguration, System.Web.Http, 5.1.0.0","ClassCtx":"0T:Apress.Recipes.WebApi.Areas.HelpPage.HelpPageSampleGenerator, Apress.Recipes.WebApi","MethodCtx":"0M:[System.Type, mscorlib, 4.0.0.0] [Apress.Recipes.WebApi.Areas.HelpPage.HelpPageSampleGenerator, Apress.Recipes.WebApi].ResolveType([System.Web.Http.Description.ApiDescription, System.Web.Http, 5.1.0.0] api, [p:string] controllerName, [p:string] actionName, [i:System.Collections.Generic.IEnumerable`1[[T]], mscorlib, 4.0.0.0] parameterNames, [e:Apress.Recipes.WebApi.Areas.HelpPage.SampleDirection, Apress.Recipes.WebApi] sampleDirection, out [System.Collections.ObjectModel.Collection`1[[T]], mscorlib, 4.0.0.0] formatters)","Definition":{"Type":"MEMBER_ACCESS","Member":"0P:set get [System.Web.Http.HttpConfiguration, System.Web.Http, 5.1.0.0] [System.Web.Http.Controllers.HttpActionDescriptor, System.Web.Http, 5.1.0.0].Configuration()"},"MemberAccesses":[{"Type":"MEMBER_REFERENCE","Member":"0P:get [System.Net.Http.Formatting.MediaTypeFormatterCollection, System.Net.Http.Formatting, 5.1.0.0] [System.Web.Http.HttpConfiguration, System.Web.Http, 5.1.0.0].Formatters()"}]}