{"Type":"0T:System.Web.Http.HttpConfiguration, System.Web.Http, 5.1.0.0","ClassCtx":"0T:Apress.Recipes.WebApi.Areas.HelpPage.Controllers.HelpController, Apress.Recipes.WebApi","MethodCtx":"0M:[p:void] [Apress.Recipes.WebApi.Areas.HelpPage.Controllers.HelpController, Apress.Recipes.WebApi].Configuration__set__([System.Web.Http.HttpConfiguration, System.Web.Http, 5.1.0.0] value)","Definition":{"Type":"METHOD_PARAMETER","Member":"0M:[p:void] [Apress.Recipes.WebApi.Areas.HelpPage.Controllers.HelpController, Apress.Recipes.WebApi].Configuration__set__([System.Web.Http.HttpConfiguration, System.Web.Http, 5.1.0.0] value)","ArgIndex":0}}