{"Type":"0T:System.Web.Http.HttpConfiguration, System.Web.Http, 5.1.0.0","ClassCtx":"0T:Apress.Recipes.WebApi.Areas.HelpPage.Controllers.HelpController, Apress.Recipes.WebApi","MethodCtx":"0M:[p:void] [Apress.Recipes.WebApi.Areas.HelpPage.Controllers.HelpController, Apress.Recipes.WebApi]..ctor()","Definition":{"Type":"MEMBER_ACCESS","Member":"0P:set get [System.Web.Http.HttpConfiguration, System.Web.Http, 5.1.0.0] [Apress.Recipes.WebApi.Areas.HelpPage.Controllers.HelpController, Apress.Recipes.WebApi].Configuration()"},"CallParameters":[{"Method":"0M:[p:void] [Apress.Recipes.WebApi.Areas.HelpPage.Controllers.HelpController, Apress.Recipes.WebApi]..ctor([System.Web.Http.HttpConfiguration, System.Web.Http, 5.1.0.0] config)","ArgIndex":0}]}