{"Type":"0T:System.Web.Http.HttpConfiguration, System.Web.Http, 5.1.0.0","ClassCtx":"0T:Apress.Recipes.WebApi.Areas.HelpPage.HelpPageConfigurationExtensions, Apress.Recipes.WebApi","MethodCtx":"0M:static [p:void] [Apress.Recipes.WebApi.Areas.HelpPage.HelpPageConfigurationExtensions, Apress.Recipes.WebApi].SetDocumentationProvider(this [System.Web.Http.HttpConfiguration, System.Web.Http, 5.1.0.0] config, [i:System.Web.Http.Description.IDocumentationProvider, System.Web.Http, 5.1.0.0] documentationProvider)","Definition":{"Type":"METHOD_PARAMETER","Member":"0M:static [p:void] [Apress.Recipes.WebApi.Areas.HelpPage.HelpPageConfigurationExtensions, Apress.Recipes.WebApi].SetDocumentationProvider(this [System.Web.Http.HttpConfiguration, System.Web.Http, 5.1.0.0] config, [i:System.Web.Http.Description.IDocumentationProvider, System.Web.Http, 5.1.0.0] documentationProvider)","ArgIndex":0},"MemberAccesses":[{"Type":"MEMBER_REFERENCE","Member":"0P:set get [System.Web.Http.Controllers.ServicesContainer, System.Web.Http, 5.1.0.0] [System.Web.Http.HttpConfiguration, System.Web.Http, 5.1.0.0].Services()"}]}