{"Type":"0T:System.Xml.XmlWriterSettings, System.Xml, 4.0.0.0","ClassCtx":"0T:OxyPlot.XmlWriterBase, OxyPlot_NET40","MethodCtx":"0M:[p:void] [OxyPlot.XmlWriterBase, OxyPlot_NET40]..ctor([System.IO.Stream, mscorlib, 4.0.0.0] stream)","Definition":{"Type":"NEW","Member":"0M:[p:void] [System.Xml.XmlWriterSettings, System.Xml, 4.0.0.0]..ctor()"},"CallParameters":[{"Method":"0M:static [System.Xml.XmlWriter, System.Xml, 4.0.0.0] [System.Xml.XmlWriter, System.Xml, 4.0.0.0].Create([System.IO.Stream, mscorlib, 4.0.0.0] output, [System.Xml.XmlWriterSettings, System.Xml, 4.0.0.0] settings)","ArgIndex":1}]}