{"Type":"0T:System.Text.RegularExpressions.Match, System, 4.0.0.0","ClassCtx":"0T:StockSharp.Anywhere.InputTranParser, Anywhere","MethodCtx":"0M:[p:long] [StockSharp.Anywhere.InputTranParser, Anywhere].GetTransId([p:string] line)","Definition":{"Type":"RETURN_VALUE","Member":"0M:static [System.Text.RegularExpressions.Match, System, 4.0.0.0] [System.Text.RegularExpressions.Regex, System, 4.0.0.0].Match([p:string] input, [p:string] pattern)"},"MemberAccesses":[{"Type":"MEMBER_REFERENCE","Member":"0P:get [p:bool] [System.Text.RegularExpressions.Group, System, 4.0.0.0].Success()"},{"Type":"MEMBER_REFERENCE","Member":"0P:get [p:bool] [System.Text.RegularExpressions.Group, System, 4.0.0.0].Success()"}]}