{"Type":"0T:System.Configuration.Configuration, System.Configuration, 4.0.0.0","ClassCtx":"0T:MSHelpSystem.Helper.HelpClientWatcher, HelpViewer","MethodCtx":"0M:static [p:void] [MSHelpSystem.Helper.HelpClientWatcher, HelpViewer].SetHelpMode()","Definition":{"Type":"RETURN_VALUE","Member":"0M:static [System.Configuration.Configuration, System.Configuration, 4.0.0.0] [System.Configuration.ConfigurationManager, System.Configuration, 4.0.0.0].OpenMappedExeConfiguration([System.Configuration.ExeConfigurationFileMap, System.Configuration, 4.0.0.0] fileMap, [e:System.Configuration.ConfigurationUserLevel, System.Configuration, 4.0.0.0] userLevel)"},"MemberAccesses":[{"Type":"METHOD_CALL","Member":"0M:[System.Configuration.ConfigurationSection, System.Configuration, 4.0.0.0] [System.Configuration.Configuration, System.Configuration, 4.0.0.0].GetSection([p:string] sectionName)"},{"Type":"METHOD_CALL","Member":"0M:[p:void] [System.Configuration.Configuration, System.Configuration, 4.0.0.0].Save()"}]}