{"Type":"0T:System.Collections.Specialized.NameValueCollection, System, 4.0.0.0","ClassCtx":"0T:Apress.Recipes.WebApi.Areas.HelpPage.ApiDescriptionExtensions, Apress.Recipes.WebApi","MethodCtx":"0M:static [p:string] [Apress.Recipes.WebApi.Areas.HelpPage.ApiDescriptionExtensions, Apress.Recipes.WebApi].GetFriendlyId(this [System.Web.Http.Description.ApiDescription, System.Web.Http, 5.1.0.0] description)","Definition":{"Type":"RETURN_VALUE","Member":"0M:static [System.Collections.Specialized.NameValueCollection, System, 4.0.0.0] [System.Web.HttpUtility, System.Web, 4.0.0.0].ParseQueryString([p:string] query)"},"MemberAccesses":[{"Type":"MEMBER_REFERENCE","Member":"0P:get [p:string[]] [System.Collections.Specialized.NameValueCollection, System, 4.0.0.0].AllKeys()"}]}