{"Type":"0T:SharpDX.WIC.ImagingFactory, SharpDX.Direct2D1, 2.6.3.0","ClassCtx":"0T:Cocos2D.CCLabel, Cocos2d.WinRT","MethodCtx":"0M:[?] [Cocos2D.CCLabel, Cocos2d.WinRT].CreateBitmap([?] width, [?] height)","Definition":{"Type":"MEMBER_ACCESS","Member":"0P:set get static [SharpDX.WIC.ImagingFactory, SharpDX.Direct2D1, 2.6.3.0] [Cocos2D.CCLabel, Cocos2d.WinRT].FactoryImaging()"},"CallParameters":[{"Method":"0M:[p:void] [SharpDX.WIC.Bitmap, SharpDX.Direct2D1, 2.6.3.0]..ctor([SharpDX.WIC.ImagingFactory, SharpDX.Direct2D1, 2.6.3.0] factory, [p:int] width, [p:int] height, [?] pixelFormat, [e:SharpDX.WIC.BitmapCreateCacheOption, SharpDX.Direct2D1, 2.6.3.0] option)","ArgIndex":0}]}