{"Type":"0T:SharpDX.WIC.ImagingFactory, SharpDX.Direct2D1, 2.6.3.0","ClassCtx":"0T:Cocos2D.CCLabel, Cocos2d.WinRT","MethodCtx":"0M:[?] [Cocos2D.CCLabel, Cocos2d.WinRT].SaveToFile([?] fileName)","Definition":{"Type":"MEMBER_ACCESS","Member":"0P:set get static [SharpDX.WIC.ImagingFactory, SharpDX.Direct2D1, 2.6.3.0] [Cocos2D.CCLabel, Cocos2d.WinRT].FactoryImaging()"},"CallParameters":[{"Method":"0M:[p:void] [SharpDX.WIC.WICStream, SharpDX.Direct2D1, 2.6.3.0]..ctor([SharpDX.WIC.ImagingFactory, SharpDX.Direct2D1, 2.6.3.0] factory, [p:string] fileName, [e:SharpDX.IO.NativeFileAccess, SharpDX, 2.6.3.0] fileAccess)","ArgIndex":0},{"Method":"0M:[p:void] [SharpDX.WIC.PngBitmapEncoder, SharpDX.Direct2D1, 2.6.3.0]..ctor([SharpDX.WIC.ImagingFactory, SharpDX.Direct2D1, 2.6.3.0] factory, opt [SharpDX.WIC.WICStream, SharpDX.Direct2D1, 2.6.3.0] stream)","ArgIndex":0}]}