{"Type":"0T:s:System.IntPtr, mscorlib, 4.0.0.0","ClassCtx":"0T:MSHelpSystem.Core.Native.NativeMethods, HelpViewer","MethodCtx":"0M:static [p:bool] [MSHelpSystem.Core.Native.NativeMethods, HelpViewer].WTSQuerySessionInformation([s:System.IntPtr, mscorlib, 4.0.0.0] hServer, [p:int] sessionId, [e:MSHelpSystem.Core.Native.NativeMethods+WTSInfoClass, HelpViewer] wtsInfoClass, out [s:System.IntPtr, mscorlib, 4.0.0.0] ppBuffer, out [p:uint] pBytesReturned)","Definition":{"Type":"METHOD_PARAMETER","Member":"0M:static [p:bool] [MSHelpSystem.Core.Native.NativeMethods, HelpViewer].WTSQuerySessionInformation([s:System.IntPtr, mscorlib, 4.0.0.0] hServer, [p:int] sessionId, [e:MSHelpSystem.Core.Native.NativeMethods+WTSInfoClass, HelpViewer] wtsInfoClass, out [s:System.IntPtr, mscorlib, 4.0.0.0] ppBuffer, out [p:uint] pBytesReturned)","ArgIndex":3}}