{"Type":"0T:s:SharpDX.Size2, SharpDX, 2.6.3.0","ClassCtx":"0T:Cocos2D.CCLabel, Cocos2d.WinRT","MethodCtx":"0M:[?] [Cocos2D.CCLabel, Cocos2d.WinRT].CreateBitmap([?] width, [?] height)","Definition":{"Type":"MEMBER_ACCESS","Member":"0P:get [s:SharpDX.Size2, SharpDX, 2.6.3.0] [SharpDX.WIC.BitmapSource, SharpDX.Direct2D1, 2.6.3.0].Size()"},"MemberAccesses":[{"Type":"MEMBER_REFERENCE","Member":"0F:[p:int] [s:SharpDX.Size2, SharpDX, 2.6.3.0].Width"},{"Type":"MEMBER_REFERENCE","Member":"0F:[p:int] [s:SharpDX.Size2, SharpDX, 2.6.3.0].Height"}]}