{"Type":"0T:e:System.Globalization.CalendarWeekRule, mscorlib, 4.0.0.0","ClassCtx":"0T:OxyPlot.Axes.DateTimeAxis, OxyPlot_NET40","MethodCtx":"0M:[p:void] [OxyPlot.Axes.DateTimeAxis, OxyPlot_NET40].CalendarWeekRule__set__([e:System.Globalization.CalendarWeekRule, mscorlib, 4.0.0.0] value)","Definition":{"Type":"METHOD_PARAMETER","Member":"0M:[p:void] [OxyPlot.Axes.DateTimeAxis, OxyPlot_NET40].CalendarWeekRule__set__([e:System.Globalization.CalendarWeekRule, mscorlib, 4.0.0.0] value)","ArgIndex":0}}