{"Type":"0T:e:System.Globalization.CalendarWeekRule, mscorlib, 4.0.0.0","ClassCtx":"0T:OxyPlot.Axes.DateTimeAxis, OxyPlot_NET40","MethodCtx":"0M:static [s:OxyPlot.DataPoint, OxyPlot_NET40] [OxyPlot.Axes.DateTimeAxis, OxyPlot_NET40].CreateDataPoint([s:System.DateTime, mscorlib, 4.0.0.0] x, [s:System.DateTime, mscorlib, 4.0.0.0] y)","Definition":{"Type":"MEMBER_ACCESS","Member":"0P:set get [e:System.Globalization.CalendarWeekRule, mscorlib, 4.0.0.0] [OxyPlot.Axes.DateTimeAxis, OxyPlot_NET40].CalendarWeekRule()"}}