{"Type":"0T:e:System.Globalization.CalendarWeekRule, mscorlib, 4.0.0.0","ClassCtx":"0T:OxyPlot.Axes.DateTimeAxis, OxyPlot_NET40","MethodCtx":"0M:[p:int] [OxyPlot.Axes.DateTimeAxis, OxyPlot_NET40].GetWeek([s:System.DateTime, mscorlib, 4.0.0.0] date)","Definition":{"Type":"MEMBER_ACCESS","Member":"0P:set get [e:System.Globalization.CalendarWeekRule, mscorlib, 4.0.0.0] [OxyPlot.Axes.DateTimeAxis, OxyPlot_NET40].CalendarWeekRule()"},"CallParameters":[{"Method":"0M:[p:int] [System.Globalization.Calendar, mscorlib, 4.0.0.0].GetWeekOfYear([s:System.DateTime, mscorlib, 4.0.0.0] time, [e:System.Globalization.CalendarWeekRule, mscorlib, 4.0.0.0] rule, [e:System.DayOfWeek, mscorlib, 4.0.0.0] firstDayOfWeek)","ArgIndex":1}]}