{"Type":"0T:System.Collections.ObjectModel.Collection`1[[T]], mscorlib, 4.0.0.0","ClassCtx":"0T:OxyPlot.Reporting.TableOfContents, OxyPlot_NET40","MethodCtx":"0M:[p:void] [OxyPlot.Reporting.TableOfContents, OxyPlot_NET40].AppendHeaders([OxyPlot.Reporting.ReportItem, OxyPlot_NET40] item, [OxyPlot.Reporting.HeaderHelper, OxyPlot_NET40] hh)","Definition":{"Type":"MEMBER_ACCESS","Member":"0P:set get [System.Collections.ObjectModel.Collection`1[[T]], mscorlib, 4.0.0.0] [OxyPlot.Reporting.ReportItem, OxyPlot_NET40].Children()"}}