{"Type":"0T:System.Collections.ObjectModel.Collection`1[[T]], mscorlib, 4.0.0.0","ClassCtx":"0T:OxyPlot.Reporting.ReportItem, OxyPlot_NET40","MethodCtx":"0M:[p:void] [OxyPlot.Reporting.ReportItem, OxyPlot_NET40].AddItemsTable([p:string] title, [i:System.Collections.IEnumerable, mscorlib, 4.0.0.0] items, [i:System.Collections.Generic.IList`1[[T]], mscorlib, 4.0.0.0] fields)","Definition":{"Type":"MEMBER_ACCESS","Member":"0P:set get [System.Collections.ObjectModel.Collection`1[[T]], mscorlib, 4.0.0.0] [OxyPlot.Reporting.ReportItem, OxyPlot_NET40].Children()"}}