{"Type":"0T:System.Collections.ObjectModel.Collection`1[[T]], mscorlib, 4.0.0.0","ClassCtx":"0T:OxyPlot.Reporting.ReportItem, OxyPlot_NET40","MethodCtx":"0M:[p:void] [OxyPlot.Reporting.ReportItem, OxyPlot_NET40].Children__set__([System.Collections.ObjectModel.Collection`1[[T]], mscorlib, 4.0.0.0] value)","Definition":{"Type":"METHOD_PARAMETER","Member":"0M:[p:void] [OxyPlot.Reporting.ReportItem, OxyPlot_NET40].Children__set__([System.Collections.ObjectModel.Collection`1[[T]], mscorlib, 4.0.0.0] value)","ArgIndex":0}}