{"Type":"0T:System.Collections.ObjectModel.Collection`1[[T]], mscorlib, 4.0.0.0","ClassCtx":"0T:ExampleLibrary.DateTimeAxisExamples, ExampleLibrary_NET40","MethodCtx":"0M:static [System.Collections.ObjectModel.Collection`1[[T]], mscorlib, 4.0.0.0] [ExampleLibrary.DateTimeAxisExamples, ExampleLibrary_NET40].CreateSunData([p:int] year, [p:double] lat, [p:double] lon, [d:[TResult] [System.Func`2[[T],[TResult]], mscorlib, 4.0.0.0].([T] arg)] utcToLocalTime)","Definition":{"Type":"NEW","Member":"0M:[p:void] [System.Collections.ObjectModel.Collection`1[[T]], mscorlib, 4.0.0.0]..ctor()"},"MemberAccesses":[{"Type":"METHOD_CALL","Member":"0M:[p:void] [System.Collections.ObjectModel.Collection`1[[T]], mscorlib, 4.0.0.0].Add([T] item)"}]}