{"Type":"0T:System.Collections.ObjectModel.Collection`1[[T]], mscorlib, 4.0.0.0","ClassCtx":"0T:OxyPlot.Reporting.ReportItem, OxyPlot_NET40","MethodCtx":"0M:[p:void] [OxyPlot.Reporting.ReportItem, OxyPlot_NET40].AddPlot([OxyPlot.PlotModel, OxyPlot_NET40] plot, [p:string] text, [p:double] width, [p:double] height)","Definition":{"Type":"MEMBER_ACCESS","Member":"0P:set get [System.Collections.ObjectModel.Collection`1[[T]], mscorlib, 4.0.0.0] [OxyPlot.Reporting.ReportItem, OxyPlot_NET40].Children()"}}