{"Type":"0T:e:System.Reflection.BindingFlags, mscorlib, 4.0.0.0","ClassCtx":"0T:Apress.Recipes.WebApi.Areas.HelpPage.ModelDescriptions.ModelDescriptionGenerator, Apress.Recipes.WebApi","MethodCtx":"0M:[Apress.Recipes.WebApi.Areas.HelpPage.ModelDescriptions.ModelDescription, Apress.Recipes.WebApi] [Apress.Recipes.WebApi.Areas.HelpPage.ModelDescriptions.ModelDescriptionGenerator, Apress.Recipes.WebApi].GenerateComplexTypeModelDescription([System.Type, mscorlib, 4.0.0.0] modelType)","Definition":{"Type":"UNKNOWN"},"CallParameters":[{"Method":"0M:[System.Reflection.PropertyInfo[], mscorlib, 4.0.0.0] [System.Type, mscorlib, 4.0.0.0].GetProperties([e:System.Reflection.BindingFlags, mscorlib, 4.0.0.0] bindingAttr)","ArgIndex":0},{"Method":"0M:[System.Reflection.FieldInfo[], mscorlib, 4.0.0.0] [System.Type, mscorlib, 4.0.0.0].GetFields([e:System.Reflection.BindingFlags, mscorlib, 4.0.0.0] bindingAttr)","ArgIndex":0}]}