{"Type":"0T:e:System.Reflection.BindingFlags, mscorlib, 4.0.0.0","ClassCtx":"0T:Apress.Recipes.WebApi.Areas.HelpPage.ObjectGenerator, Apress.Recipes.WebApi","MethodCtx":"0M:static [p:void] [Apress.Recipes.WebApi.Areas.HelpPage.ObjectGenerator, Apress.Recipes.WebApi].SetPublicFields([System.Type, mscorlib, 4.0.0.0] type, [p:object] obj, [System.Collections.Generic.Dictionary`2[[TKey],[TValue]], mscorlib, 4.0.0.0] createdObjectReferences)","Definition":{"Type":"UNKNOWN"},"CallParameters":[{"Method":"0M:[System.Reflection.FieldInfo[], mscorlib, 4.0.0.0] [System.Type, mscorlib, 4.0.0.0].GetFields([e:System.Reflection.BindingFlags, mscorlib, 4.0.0.0] bindingAttr)","ArgIndex":0}]}