{"Type":"0T:System.IO.BinaryWriter, mscorlib, 4.0.0.0","ClassCtx":"0T:OxyPlot.PngEncoder, OxyPlot_NET40","MethodCtx":"0M:static [p:void] [OxyPlot.PngEncoder, OxyPlot_NET40].WriteBigEndian([System.IO.BinaryWriter, mscorlib, 4.0.0.0] w, [p:uint] value)","Definition":{"Type":"METHOD_PARAMETER","Member":"0M:static [p:void] [OxyPlot.PngEncoder, OxyPlot_NET40].WriteBigEndian([System.IO.BinaryWriter, mscorlib, 4.0.0.0] w, [p:uint] value)","ArgIndex":0},"MemberAccesses":[{"Type":"METHOD_CALL","Member":"0M:[p:void] [System.IO.BinaryWriter, mscorlib, 4.0.0.0].Write([p:byte] value)"},{"Type":"METHOD_CALL","Member":"0M:[p:void] [System.IO.BinaryWriter, mscorlib, 4.0.0.0].Write([p:byte] value)"},{"Type":"METHOD_CALL","Member":"0M:[p:void] [System.IO.BinaryWriter, mscorlib, 4.0.0.0].Write([p:byte] value)"},{"Type":"METHOD_CALL","Member":"0M:[p:void] [System.IO.BinaryWriter, mscorlib, 4.0.0.0].Write([p:byte] value)"}]}