{"Type":"0T:System.IO.BinaryWriter, mscorlib, 4.0.0.0","ClassCtx":"0T:OxyPlot.Deflate, OxyPlot_NET40","MethodCtx":"0M:[p:void] [OxyPlot.Deflate, OxyPlot_NET40].DecompressHuffmanBlock([OxyPlot.CodeTree, OxyPlot_NET40] litLenCode, [OxyPlot.CodeTree, OxyPlot_NET40] distCode)","Definition":{"Type":"MEMBER_ACCESS","Member":"0F:[System.IO.BinaryWriter, mscorlib, 4.0.0.0] [OxyPlot.Deflate, OxyPlot_NET40].output"},"CallParameters":[{"Method":"0M:[p:void] [OxyPlot.CircularDictionary, OxyPlot_NET40].Copy([p:int] dist, [p:int] len, [System.IO.BinaryWriter, mscorlib, 4.0.0.0] w)","ArgIndex":2}],"MemberAccesses":[{"Type":"METHOD_CALL","Member":"0M:[p:void] [System.IO.BinaryWriter, mscorlib, 4.0.0.0].Write([p:byte] value)"}]}