{"Type":"0T:System.Diagnostics.Process, System, 4.0.0.0","ClassCtx":"0T:MSHelpSystem.Core.DisplayHelp, HelpViewer","MethodCtx":"0M:static [p:void] [MSHelpSystem.Core.DisplayHelp, HelpViewer].DisplayHelpWithShellExecute([p:string] arguments)","Definition":{"Type":"RETURN_VALUE","Member":"0M:static [System.Diagnostics.Process, System, 4.0.0.0] [System.Diagnostics.Process, System, 4.0.0.0].Start([System.Diagnostics.ProcessStartInfo, System, 4.0.0.0] startInfo)"},"MemberAccesses":[{"Type":"METHOD_CALL","Member":"0M:[p:bool] [System.Diagnostics.Process, System, 4.0.0.0].WaitForInputIdle()"}]}