{"Type":"0T:System.Diagnostics.Process, System, 4.0.0.0","ClassCtx":"0T:MSHelpSystem.Core.HelpLibraryAgent, HelpViewer","MethodCtx":"0M:static [p:bool] [MSHelpSystem.Core.HelpLibraryAgent, HelpViewer].Start()","Definition":{"Type":"RETURN_VALUE","Member":"0M:static [System.Diagnostics.Process, System, 4.0.0.0] [System.Diagnostics.Process, System, 4.0.0.0].Start([p:string] fileName)"},"MemberAccesses":[{"Type":"METHOD_CALL","Member":"0M:[p:bool] [System.Diagnostics.Process, System, 4.0.0.0].WaitForInputIdle()"}]}