{"Type":"0T:System.EventArgs, mscorlib, 4.0.0.0","ClassCtx":"0T:OxyPlot.SelectableElement, OxyPlot_NET40","MethodCtx":"0M:[p:void] [OxyPlot.SelectableElement, OxyPlot_NET40].OnSelectionChanged(opt [System.EventArgs, mscorlib, 4.0.0.0] args)","Definition":{"Type":"METHOD_PARAMETER","Member":"0M:[p:void] [OxyPlot.SelectableElement, OxyPlot_NET40].OnSelectionChanged(opt [System.EventArgs, mscorlib, 4.0.0.0] args)","ArgIndex":0},"CallParameters":[{"Method":"0M:[p:void] [d:[p:void] [System.EventHandler, mscorlib, 4.0.0.0].([p:object] sender, [System.EventArgs, mscorlib, 4.0.0.0] e)].Invoke([p:object] sender, [System.EventArgs, mscorlib, 4.0.0.0] e)","ArgIndex":1}]}