{"Type":"0T:System.EventArgs, mscorlib, 4.0.0.0","ClassCtx":"0T:OxyPlot.PlotModel, OxyPlot_NET40","MethodCtx":"0M:[p:void] [OxyPlot.PlotModel, OxyPlot_NET40].OnUpdated()","Definition":{"Type":"NEW","Member":"0M:[p:void] [System.EventArgs, mscorlib, 4.0.0.0]..ctor()"},"CallParameters":[{"Method":"0M:[p:void] [d:[p:void] [System.EventHandler, mscorlib, 4.0.0.0].([p:object] sender, [System.EventArgs, mscorlib, 4.0.0.0] e)].Invoke([p:object] sender, [System.EventArgs, mscorlib, 4.0.0.0] e)","ArgIndex":1}]}