{"Type":"0T:System.Threading.WaitHandle, mscorlib, 4.0.0.0","ClassCtx":"0T:ExampleLibrary.MiscExamples+MandelbrotSetSeries, ExampleLibrary_NET40","MethodCtx":"0M:static [p:void] [ExampleLibrary.MiscExamples+MandelbrotSetSeries, ExampleLibrary_NET40].ParallelFor([p:int] i0, [p:int] i1, [d:[p:void] [System.Action`1[[T]], mscorlib, 4.0.0.0].([T] obj)] action)","Definition":{"Type":"NEW","Member":"0M:[p:void] [System.Threading.ManualResetEvent, mscorlib, 4.0.0.0]..ctor([p:bool] initialState)"},"MemberAccesses":[{"Type":"METHOD_CALL","Member":"0M:[p:bool] [System.Threading.WaitHandle, mscorlib, 4.0.0.0].WaitOne()"}]}