{"Type":"0T:System.Collections.ObjectModel.Collection`1[[T]], mscorlib, 4.0.0.0","ClassCtx":"0T:Apress.Recipes.WebApi.Areas.HelpPage.HelpPageConfigurationExtensions, Apress.Recipes.WebApi","MethodCtx":"0M:static [Apress.Recipes.WebApi.Areas.HelpPage.Models.HelpPageApiModel, Apress.Recipes.WebApi] [Apress.Recipes.WebApi.Areas.HelpPage.HelpPageConfigurationExtensions, Apress.Recipes.WebApi].GetHelpPageApiModel(this [System.Web.Http.HttpConfiguration, System.Web.Http, 5.1.0.0] config, [p:string] apiDescriptionId)","Definition":{"Type":"MEMBER_ACCESS","Member":"0P:get [System.Collections.ObjectModel.Collection`1[[T]], mscorlib, 4.0.0.0] [i:System.Web.Http.Description.IApiExplorer, System.Web.Http, 5.1.0.0].ApiDescriptions()"},"CallParameters":[{"Method":"0M:static [TSource] [System.Linq.Enumerable, System.Core, 4.0.0.0].FirstOrDefault`1[[TSource]](this [i:System.Collections.Generic.IEnumerable`1[[T]], mscorlib, 4.0.0.0] source, [d:[TResult] [System.Func`2[[T],[TResult]], mscorlib, 4.0.0.0].([T] arg)] predicate)","ArgIndex":0}]}