{"Type":"0T:System.Collections.ObjectModel.Collection`1[[T]], mscorlib, 4.0.0.0","ClassCtx":"0T:Apress.Recipes.WebApi.Areas.HelpPage.ModelDescriptions.ModelDescriptionGenerator, Apress.Recipes.WebApi","MethodCtx":"0M:[p:void] [Apress.Recipes.WebApi.Areas.HelpPage.ModelDescriptions.ModelDescriptionGenerator, Apress.Recipes.WebApi].GenerateAnnotations([System.Reflection.MemberInfo, mscorlib, 4.0.0.0] property, [Apress.Recipes.WebApi.Areas.HelpPage.ModelDescriptions.ParameterDescription, Apress.Recipes.WebApi] propertyModel)","Definition":{"Type":"MEMBER_ACCESS","Member":"0P:set get [System.Collections.ObjectModel.Collection`1[[T]], mscorlib, 4.0.0.0] [Apress.Recipes.WebApi.Areas.HelpPage.ModelDescriptions.ParameterDescription, Apress.Recipes.WebApi].Annotations()"},"MemberAccesses":[{"Type":"METHOD_CALL","Member":"0M:[p:void] [System.Collections.ObjectModel.Collection`1[[T]], mscorlib, 4.0.0.0].Add([T] item)"}]}