{"Type":"0T:System.Collections.ObjectModel.Collection`1[[T]], mscorlib, 4.0.0.0","ClassCtx":"0T:Apress.Recipes.WebApi.Areas.HelpPage.HelpPageConfigurationExtensions, Apress.Recipes.WebApi","MethodCtx":"0M:static [Apress.Recipes.WebApi.Areas.HelpPage.ModelDescriptions.ParameterDescription, Apress.Recipes.WebApi] [Apress.Recipes.WebApi.Areas.HelpPage.HelpPageConfigurationExtensions, Apress.Recipes.WebApi].AddParameterDescription([Apress.Recipes.WebApi.Areas.HelpPage.Models.HelpPageApiModel, Apress.Recipes.WebApi] apiModel, [System.Web.Http.Description.ApiParameterDescription, System.Web.Http, 5.1.0.0] apiParameter, [Apress.Recipes.WebApi.Areas.HelpPage.ModelDescriptions.ModelDescription, Apress.Recipes.WebApi] typeDescription)","Definition":{"Type":"MEMBER_ACCESS","Member":"0P:set get [System.Collections.ObjectModel.Collection`1[[T]], mscorlib, 4.0.0.0] [Apress.Recipes.WebApi.Areas.HelpPage.Models.HelpPageApiModel, Apress.Recipes.WebApi].UriParameters()"},"MemberAccesses":[{"Type":"METHOD_CALL","Member":"0M:[p:void] [System.Collections.ObjectModel.Collection`1[[T]], mscorlib, 4.0.0.0].Add([T] item)"}]}