{"Type":"0T:System.Collections.ObjectModel.Collection`1[[T]], mscorlib, 4.0.0.0","ClassCtx":"0T:Apress.Recipes.WebApi.Areas.HelpPage.HelpPageConfigurationExtensions, Apress.Recipes.WebApi","MethodCtx":"0M:static [p:void] [Apress.Recipes.WebApi.Areas.HelpPage.HelpPageConfigurationExtensions, Apress.Recipes.WebApi].GenerateSamples([Apress.Recipes.WebApi.Areas.HelpPage.Models.HelpPageApiModel, Apress.Recipes.WebApi] apiModel, [Apress.Recipes.WebApi.Areas.HelpPage.HelpPageSampleGenerator, Apress.Recipes.WebApi] sampleGenerator)","Definition":{"Type":"MEMBER_ACCESS","Member":"0P:set get [System.Collections.ObjectModel.Collection`1[[T]], mscorlib, 4.0.0.0] [Apress.Recipes.WebApi.Areas.HelpPage.Models.HelpPageApiModel, Apress.Recipes.WebApi].ErrorMessages()"},"MemberAccesses":[{"Type":"METHOD_CALL","Member":"0M:[p:void] [System.Collections.ObjectModel.Collection`1[[T]], mscorlib, 4.0.0.0].Add([T] item)"}]}