{"Type":"0T:System.Collections.ObjectModel.Collection`1[[T]], mscorlib, 4.0.0.0","ClassCtx":"0T:Apress.Recipes.WebApi.Areas.HelpPage.HelpPageConfigurationExtensions, Apress.Recipes.WebApi","MethodCtx":"0M:static [Apress.Recipes.WebApi.Areas.HelpPage.ModelDescriptions.ModelDescriptionGenerator, Apress.Recipes.WebApi] [Apress.Recipes.WebApi.Areas.HelpPage.HelpPageConfigurationExtensions, Apress.Recipes.WebApi].InitializeModelDescriptionGenerator([System.Web.Http.HttpConfiguration, System.Web.Http, 5.1.0.0] config)","Definition":{"Type":"MEMBER_ACCESS","Member":"0P:get [System.Collections.ObjectModel.Collection`1[[T]], mscorlib, 4.0.0.0] [i:System.Web.Http.Description.IApiExplorer, System.Web.Http, 5.1.0.0].ApiDescriptions()"}}