{"Type":"0T:System.Threading.Tasks.TaskFactory, mscorlib, 4.0.0.0","ClassCtx":"0T:ExampleLibrary.Issues, ExampleLibrary_NET40","MethodCtx":"0M:[p:void] [d:[p:void] [System.Action`2[[T1],[T2]], mscorlib, 4.0.0.0].([T1] arg1, [T2] arg2)].Invoke([T1] arg1, [T2] arg2)","Definition":{"Type":"MEMBER_ACCESS","Member":"0P:get static [System.Threading.Tasks.TaskFactory, mscorlib, 4.0.0.0] [System.Threading.Tasks.Task, mscorlib, 4.0.0.0].Factory()"},"MemberAccesses":[{"Type":"METHOD_CALL","Member":"0M:[System.Threading.Tasks.Task, mscorlib, 4.0.0.0] [System.Threading.Tasks.TaskFactory, mscorlib, 4.0.0.0].StartNew([d:[p:void] [System.Action, mscorlib, 4.0.0.0].()] action)"}]}