{"Type":"0T:System.Reflection.FieldInfo, mscorlib, 4.0.0.0","ClassCtx":"0T:OxyPlot.OxyColorExtensions, OxyPlot_NET40","MethodCtx":"0M:static [p:string] [OxyPlot.OxyColorExtensions, OxyPlot_NET40].GetColorName(this [s:OxyPlot.OxyColor, OxyPlot_NET40] color)","Definition":{"Type":"RETURN_VALUE","Member":"0M:static [TSource] [System.Linq.Enumerable, System.Core, 4.0.0.0].FirstOrDefault`1[[TSource]](this [i:System.Collections.Generic.IEnumerable`1[[T]], mscorlib, 4.0.0.0] source, [d:[TResult] [System.Func`2[[T],[TResult]], mscorlib, 4.0.0.0].([T] arg)] predicate)"},"MemberAccesses":[{"Type":"MEMBER_REFERENCE","Member":"0P:get [p:string] [System.Reflection.MemberInfo, mscorlib, 4.0.0.0].Name()"}]}