{"Type":"0T:System.AggregateException, mscorlib, 4.0.0.0","ClassCtx":"0T:Apress.Recipes.WebApi.Areas.HelpPage.HelpPageSampleGenerator, Apress.Recipes.WebApi","MethodCtx":"0M:static [System.Exception, mscorlib, 4.0.0.0] [Apress.Recipes.WebApi.Areas.HelpPage.HelpPageSampleGenerator, Apress.Recipes.WebApi].UnwrapException([System.Exception, mscorlib, 4.0.0.0] exception)","Definition":{"Type":"RETURN_VALUE","Member":"0M:[System.AggregateException, mscorlib, 4.0.0.0] [System.AggregateException, mscorlib, 4.0.0.0].Flatten()"},"MemberAccesses":[{"Type":"METHOD_CALL","Member":"0M:[System.AggregateException, mscorlib, 4.0.0.0] [System.AggregateException, mscorlib, 4.0.0.0].Flatten()"},{"Type":"MEMBER_REFERENCE","Member":"0P:get [System.Exception, mscorlib, 4.0.0.0] [System.Exception, mscorlib, 4.0.0.0].InnerException()"}]}