{"Type":"0T:System.Web.Http.Controllers.ReflectedHttpParameterDescriptor, System.Web.Http, 5.1.0.0","ClassCtx":"0T:Apress.Recipes.WebApi.Areas.HelpPage.XmlDocumentationProvider, Apress.Recipes.WebApi","MethodCtx":"0M:[p:string] [i:System.Web.Http.Description.IDocumentationProvider, System.Web.Http, 5.1.0.0].GetDocumentation([System.Web.Http.Controllers.HttpParameterDescriptor, System.Web.Http, 5.1.0.0] parameterDescriptor)","Definition":{"Type":"CAST"},"MemberAccesses":[{"Type":"MEMBER_REFERENCE","Member":"0P:set get [System.Reflection.ParameterInfo, mscorlib, 4.0.0.0] [System.Web.Http.Controllers.ReflectedHttpParameterDescriptor, System.Web.Http, 5.1.0.0].ParameterInfo()"}]}