{"Type":"0T:System.Windows.Input.KeyEventArgs, PresentationCore, 4.0.0.0","ClassCtx":"0T:MSHelpSystem.Controls.SearchPadControl, HelpViewer","MethodCtx":"0M:[p:void] [MSHelpSystem.Controls.SearchPadControl, HelpViewer].SearchCBPreviewKeyUp([p:object] sender, [System.Windows.Input.KeyEventArgs, PresentationCore, 4.0.0.0] e)","Definition":{"Type":"METHOD_PARAMETER","Member":"0M:[p:void] [MSHelpSystem.Controls.SearchPadControl, HelpViewer].SearchCBPreviewKeyUp([p:object] sender, [System.Windows.Input.KeyEventArgs, PresentationCore, 4.0.0.0] e)","ArgIndex":1},"MemberAccesses":[{"Type":"MEMBER_REFERENCE","Member":"0P:get [e:System.Windows.Input.Key, WindowsBase, 4.0.0.0] [System.Windows.Input.KeyEventArgs, PresentationCore, 4.0.0.0].Key()"},{"Type":"MEMBER_REFERENCE","Member":"0P:get [e:System.Windows.Input.Key, WindowsBase, 4.0.0.0] [System.Windows.Input.KeyEventArgs, PresentationCore, 4.0.0.0].Key()"}]}