{"Type":"0T:System.Configuration.ExeConfigurationFileMap, System.Configuration, 4.0.0.0","ClassCtx":"0T:MSHelpSystem.Helper.HelpClientWatcher, HelpViewer","MethodCtx":"0M:static [p:void] [MSHelpSystem.Helper.HelpClientWatcher, HelpViewer].SetHelpMode()","Definition":{"Type":"NEW","Member":"0M:[p:void] [System.Configuration.ExeConfigurationFileMap, System.Configuration, 4.0.0.0]..ctor()"},"CallParameters":[{"Method":"0M:static [System.Configuration.Configuration, System.Configuration, 4.0.0.0] [System.Configuration.ConfigurationManager, System.Configuration, 4.0.0.0].OpenMappedExeConfiguration([System.Configuration.ExeConfigurationFileMap, System.Configuration, 4.0.0.0] fileMap, [e:System.Configuration.ConfigurationUserLevel, System.Configuration, 4.0.0.0] userLevel)","ArgIndex":0}]}