{"Type":"0T:System.Collections.Generic.Dictionary`2[[TKey],[TValue]], mscorlib, 4.0.0.0","ClassCtx":"0T:OxyPlot.Series.TornadoBarSeries, OxyPlot_NET40","MethodCtx":"0M:[i:System.Collections.Generic.IList`1[[T]], mscorlib, 4.0.0.0] [OxyPlot.Series.TornadoBarSeries, OxyPlot_NET40].ActualMinimumBarRectangles__get__()","Definition":{"Type":"MEMBER_ACCESS","Member":"0P:set get [System.Collections.Generic.Dictionary`2[[TKey],[TValue]], mscorlib, 4.0.0.0] [OxyPlot.Series.TornadoBarSeries, OxyPlot_NET40].ValidItemsIndexInversion()"}}