{"Type":"0T:System.Collections.Generic.Dictionary`2[[TKey],[TValue]], mscorlib, 4.0.0.0","ClassCtx":"0T:OxyPlot.Series.TornadoBarSeries, OxyPlot_NET40","MethodCtx":"0M:[p:void] [OxyPlot.Series.TornadoBarSeries, OxyPlot_NET40].ValidItemsIndexInversion__set__([System.Collections.Generic.Dictionary`2[[TKey],[TValue]], mscorlib, 4.0.0.0] value)","Definition":{"Type":"METHOD_PARAMETER","Member":"0M:[p:void] [OxyPlot.Series.TornadoBarSeries, OxyPlot_NET40].ValidItemsIndexInversion__set__([System.Collections.Generic.Dictionary`2[[TKey],[TValue]], mscorlib, 4.0.0.0] value)","ArgIndex":0}}