{"Type":"0T:System.Collections.Generic.Dictionary`2[[TKey],[TValue]], mscorlib, 4.0.0.0","ClassCtx":"0T:OxyPlot.Series.ScatterSeries`1[[T]], OxyPlot_NET40","MethodCtx":"0M:[p:void] [OxyPlot.Series.Series, OxyPlot_NET40].Render([i:OxyPlot.IRenderContext, OxyPlot_NET40] rc)","Definition":{"Type":"NEW","Member":"0M:[p:void] [System.Collections.Generic.Dictionary`2[[TKey],[TValue]], mscorlib, 4.0.0.0]..ctor()"},"MemberAccesses":[{"Type":"METHOD_CALL","Member":"0M:[p:bool] [System.Collections.Generic.Dictionary`2[[TKey],[TValue]], mscorlib, 4.0.0.0].ContainsKey([TKey] key)"},{"Type":"METHOD_CALL","Member":"0M:[p:void] [System.Collections.Generic.Dictionary`2[[TKey],[TValue]], mscorlib, 4.0.0.0].Add([TKey] key, [TValue] value)"},{"Type":"METHOD_CALL","Member":"0M:[p:void] [System.Collections.Generic.Dictionary`2[[TKey],[TValue]], mscorlib, 4.0.0.0].Add([TKey] key, [TValue] value)"}]}