{"Type":"0T:System.Collections.Generic.Dictionary`2[[TKey],[TValue]], mscorlib, 4.0.0.0","ClassCtx":"0T:OxyPlot.CodeGenerator, OxyPlot_NET40","MethodCtx":"0M:[p:bool] [OxyPlot.CodeGenerator, OxyPlot_NET40].AreListsEqual([i:System.Collections.IList, mscorlib, 4.0.0.0] list1, [i:System.Collections.IList, mscorlib, 4.0.0.0] list2)","Definition":{"Type":"MEMBER_ACCESS","Member":"0F:[System.Collections.Generic.Dictionary`2[[TKey],[TValue]], mscorlib, 4.0.0.0] [OxyPlot.CodeGenerator, OxyPlot_NET40].variables"}}