{"Type":"0T:System.Collections.Generic.Dictionary`2[[TKey],[TValue]], mscorlib, 4.0.0.0","ClassCtx":"0T:OxyPlot.CodeGenerator, OxyPlot_NET40","MethodCtx":"0M:[p:string] [OxyPlot.CodeGenerator, OxyPlot_NET40].GetNewVariableName([System.Type, mscorlib, 4.0.0.0] type)","Definition":{"Type":"MEMBER_ACCESS","Member":"0F:[System.Collections.Generic.Dictionary`2[[TKey],[TValue]], mscorlib, 4.0.0.0] [OxyPlot.CodeGenerator, OxyPlot_NET40].variables"},"MemberAccesses":[{"Type":"METHOD_CALL","Member":"0M:[p:bool] [System.Collections.Generic.Dictionary`2[[TKey],[TValue]], mscorlib, 4.0.0.0].ContainsKey([TKey] key)"}]}