{"Type":"0T:System.Collections.Generic.Dictionary`2[[TKey],[TValue]], mscorlib, 4.0.0.0","ClassCtx":"0T:OxyPlot.PdfWriter, OxyPlot_NET40","MethodCtx":"0M:[p:void] [OxyPlot.PdfWriter, OxyPlot_NET40].Write([System.Collections.Generic.Dictionary`2[[TKey],[TValue]], mscorlib, 4.0.0.0] dictionary)","Definition":{"Type":"METHOD_PARAMETER","Member":"0M:[p:void] [OxyPlot.PdfWriter, OxyPlot_NET40].Write([System.Collections.Generic.Dictionary`2[[TKey],[TValue]], mscorlib, 4.0.0.0] dictionary)","ArgIndex":0}}