{"Type":"0T:System.Collections.Generic.Dictionary`2[[TKey],[TValue]], mscorlib, 4.0.0.0","ClassCtx":"0T:OxyPlot.PortableDocument, OxyPlot_NET40","MethodCtx":"0M:[p:void] [OxyPlot.PortableDocument, OxyPlot_NET40].AppendCubicBezier([p:double] x1, [p:double] y1, [p:double] x2, [p:double] y2, [p:double] x3, [p:double] y3)","Definition":{"Type":"MEMBER_ACCESS","Member":"0F:[System.Collections.Generic.Dictionary`2[[TKey],[TValue]], mscorlib, 4.0.0.0] [OxyPlot.PortableDocument, OxyPlot_NET40].extgstate"}}