{"Type":"0T:System.Collections.Generic.Dictionary`2[[TKey],[TValue]], mscorlib, 4.0.0.0","ClassCtx":"0T:OxyPlot.RenderingExtensions, OxyPlot_NET40","MethodCtx":"0M:static [p:void] [OxyPlot.RenderingExtensions, OxyPlot_NET40].DrawMarkers(this [i:OxyPlot.IRenderContext, OxyPlot_NET40] rc, [s:OxyPlot.OxyRect, OxyPlot_NET40] clippingRectangle, [i:System.Collections.Generic.IList`1[[T]], mscorlib, 4.0.0.0] markerPoints, [e:OxyPlot.MarkerType, OxyPlot_NET40] markerType, [i:System.Collections.Generic.IList`1[[T]], mscorlib, 4.0.0.0] markerOutline, [i:System.Collections.Generic.IList`1[[T]], mscorlib, 4.0.0.0] markerSize, [s:OxyPlot.OxyColor, OxyPlot_NET40] markerFill, [s:OxyPlot.OxyColor, OxyPlot_NET40] markerStroke, [p:double] markerStrokeThickness, opt [p:int] resolution, opt [s:OxyPlot.ScreenPoint, OxyPlot_NET40] binOffset)","Definition":{"Type":"NEW","Member":"0M:[p:void] [System.Collections.Generic.Dictionary`2[[TKey],[TValue]], mscorlib, 4.0.0.0]..ctor()"},"MemberAccesses":[{"Type":"METHOD_CALL","Member":"0M:[p:bool] [System.Collections.Generic.Dictionary`2[[TKey],[TValue]], mscorlib, 4.0.0.0].ContainsKey([TKey] key)"},{"Type":"METHOD_CALL","Member":"0M:[p:void] [System.Collections.Generic.Dictionary`2[[TKey],[TValue]], mscorlib, 4.0.0.0].Add([TKey] key, [TValue] value)"}]}