{"Type":"0T:System.Collections.Generic.Dictionary`2[[TKey],[TValue]], mscorlib, 4.0.0.0","ClassCtx":"0T:OxyPlot.PortableDocument, OxyPlot_NET40","MethodCtx":"0M:[p:void] [OxyPlot.PortableDocument, OxyPlot_NET40].DrawText([p:double] x, [p:double] y, [p:string] text)","Definition":{"Type":"MEMBER_ACCESS","Member":"0F:[System.Collections.Generic.Dictionary`2[[TKey],[TValue]], mscorlib, 4.0.0.0] [OxyPlot.PortableDocument, OxyPlot_NET40].extgstate"},"CallParameters":[{"Method":"0M:static [T2] [OxyPlot.PortableDocument, OxyPlot_NET40].GetCached`2[[T1],[T2]]([T1] key, [System.Collections.Generic.Dictionary`2[[TKey],[TValue]], mscorlib, 4.0.0.0] cache, [d:[TResult] [System.Func`1[[TResult]], mscorlib, 4.0.0.0].()] create)","ArgIndex":1}]}