{"Type":"0T:System.Collections.Generic.Dictionary`2[[TKey],[TValue]], mscorlib, 4.0.0.0","ClassCtx":"0T:OxyPlot.PortableDocument, OxyPlot_NET40","MethodCtx":"0M:[p:void] [OxyPlot.PortableDocument, OxyPlot_NET40].AddPage([e:OxyPlot.PageSize, OxyPlot_NET40] pageSize, opt [e:OxyPlot.PageOrientation, OxyPlot_NET40] pageOrientation)","Definition":{"Type":"MEMBER_ACCESS","Member":"0F:[System.Collections.Generic.Dictionary`2[[TKey],[TValue]], mscorlib, 4.0.0.0] [OxyPlot.PortableDocument, OxyPlot_NET40].extgstate"}}