{"Type":"0T:System.Collections.Generic.Dictionary`2[[TKey],[TValue]], mscorlib, 4.0.0.0","ClassCtx":"0T:OxyPlot.PortableDocument, OxyPlot_NET40","MethodCtx":"0M:static [OxyPlot.PortableDocumentFont, OxyPlot_NET40] [OxyPlot.PortableDocument, OxyPlot_NET40].GetFont([p:string] fontName, [p:bool] bold, [p:bool] italic)","Definition":{"Type":"MEMBER_ACCESS","Member":"0F:[System.Collections.Generic.Dictionary`2[[TKey],[TValue]], mscorlib, 4.0.0.0] [OxyPlot.PortableDocument, OxyPlot_NET40].extgstate"}}