{"Type":"0T:System.Collections.Generic.Dictionary`2[[TKey],[TValue]], mscorlib, 4.0.0.0","ClassCtx":"0T:OxyPlot.PortableDocument, OxyPlot_NET40","MethodCtx":"0M:static [T2] [OxyPlot.PortableDocument, OxyPlot_NET40].GetCached`2[[T1],[T2]]([T1] key, [System.Collections.Generic.Dictionary`2[[TKey],[TValue]], mscorlib, 4.0.0.0] cache, [d:[TResult] [System.Func`1[[TResult]], mscorlib, 4.0.0.0].()] create)","Definition":{"Type":"METHOD_PARAMETER","Member":"0M:static [T2] [OxyPlot.PortableDocument, OxyPlot_NET40].GetCached`2[[T1],[T2]]([T1] key, [System.Collections.Generic.Dictionary`2[[TKey],[TValue]], mscorlib, 4.0.0.0] cache, [d:[TResult] [System.Func`1[[TResult]], mscorlib, 4.0.0.0].()] create)","ArgIndex":1},"MemberAccesses":[{"Type":"METHOD_CALL","Member":"0M:[p:bool] [System.Collections.Generic.Dictionary`2[[TKey],[TValue]], mscorlib, 4.0.0.0].TryGetValue([TKey] key, out [TValue] value)"}]}