{"Type":"0T:System.Collections.Generic.Dictionary`2[[TKey],[TValue]], mscorlib, 4.0.0.0","ClassCtx":"0T:OxyPlot.PortableDocument, OxyPlot_NET40","MethodCtx":"0M:[OxyPlot.PortableDocument+PortableDocumentObject, OxyPlot_NET40] [OxyPlot.PortableDocument, OxyPlot_NET40].AddObject([e:OxyPlot.PdfWriter+ObjectType, OxyPlot_NET40] type)","Definition":{"Type":"MEMBER_ACCESS","Member":"0F:[System.Collections.Generic.Dictionary`2[[TKey],[TValue]], mscorlib, 4.0.0.0] [OxyPlot.PortableDocument, OxyPlot_NET40].extgstate"}}