{"Type":"0T:System.Collections.Generic.Dictionary`2[[TKey],[TValue]], mscorlib, 4.0.0.0","ClassCtx":"0T:OxyPlot.PortableDocument, OxyPlot_NET40","MethodCtx":"0M:[p:string] [OxyPlot.PortableDocument, OxyPlot_NET40].AddExtGState([p:string] key, [p:object] value)","Definition":{"Type":"MEMBER_ACCESS","Member":"0F:[System.Collections.Generic.Dictionary`2[[TKey],[TValue]], mscorlib, 4.0.0.0] [OxyPlot.PortableDocument, OxyPlot_NET40].extgstate"},"MemberAccesses":[{"Type":"MEMBER_REFERENCE","Member":"0P:get [p:int] [System.Collections.Generic.Dictionary`2[[TKey],[TValue]], mscorlib, 4.0.0.0].Count()"},{"Type":"METHOD_CALL","Member":"0M:[p:void] [System.Collections.Generic.Dictionary`2[[TKey],[TValue]], mscorlib, 4.0.0.0].Add([TKey] key, [TValue] value)"}]}