{"Type":"0T:System.Collections.Generic.Dictionary`2[[TKey],[TValue]], mscorlib, 4.0.0.0","ClassCtx":"0T:OxyPlot.PortableDocument+PortableDocumentObject, OxyPlot_NET40","MethodCtx":"0M:[p:void] [OxyPlot.PortableDocument+PortableDocumentObject, OxyPlot_NET40].Append([p:string] format, params [p:object[]] args)","Definition":{"Type":"MEMBER_ACCESS","Member":"0F:[System.Collections.Generic.Dictionary`2[[TKey],[TValue]], mscorlib, 4.0.0.0] [OxyPlot.PortableDocument+PortableDocumentObject, OxyPlot_NET40].dictionary"}}