{"Type":"0T:System.Collections.Generic.Dictionary`2[[TKey],[TValue]], mscorlib, 4.0.0.0","ClassCtx":"0T:OxyPlot.PortableDocument+PortableDocumentObject, OxyPlot_NET40","MethodCtx":"0M:[p:void] [OxyPlot.PortableDocument+PortableDocumentObject, OxyPlot_NET40].Write([OxyPlot.PdfWriter, OxyPlot_NET40] w)","Definition":{"Type":"MEMBER_ACCESS","Member":"0F:[System.Collections.Generic.Dictionary`2[[TKey],[TValue]], mscorlib, 4.0.0.0] [OxyPlot.PortableDocument+PortableDocumentObject, OxyPlot_NET40].dictionary"},"CallParameters":[{"Method":"0M:[p:void] [OxyPlot.PdfWriter, OxyPlot_NET40].Write([System.Collections.Generic.Dictionary`2[[TKey],[TValue]], mscorlib, 4.0.0.0] dictionary)","ArgIndex":0}]}