{"Type":"0T:System.Collections.Generic.Dictionary`2[[TKey],[TValue]], mscorlib, 4.0.0.0","ClassCtx":"0T:OxyPlot.Axes.CategoryAxis, OxyPlot_NET40","MethodCtx":"0M:[p:void] [OxyPlot.Axes.CategoryAxis, OxyPlot_NET40].StackIndexMapping__set__([System.Collections.Generic.Dictionary`2[[TKey],[TValue]], mscorlib, 4.0.0.0] value)","Definition":{"Type":"METHOD_PARAMETER","Member":"0M:[p:void] [OxyPlot.Axes.CategoryAxis, OxyPlot_NET40].StackIndexMapping__set__([System.Collections.Generic.Dictionary`2[[TKey],[TValue]], mscorlib, 4.0.0.0] value)","ArgIndex":0}}