{"Type":"0T:System.Collections.Generic.Dictionary`2[[TKey],[TValue]], mscorlib, 4.0.0.0","ClassCtx":"0T:OxyPlot.Axes.CategoryAxis, OxyPlot_NET40","MethodCtx":"0M:[p:double] [OxyPlot.Axes.CategoryAxis, OxyPlot_NET40].GetCategoryValue([p:int] categoryIndex, [p:int] stackIndex, [p:double] actualBarWidth)","Definition":{"Type":"MEMBER_ACCESS","Member":"0P:set get [System.Collections.Generic.Dictionary`2[[TKey],[TValue]], mscorlib, 4.0.0.0] [OxyPlot.Axes.CategoryAxis, OxyPlot_NET40].StackIndexMapping()"}}