{"Type":"0T:System.Collections.Generic.Dictionary`2[[TKey],[TValue]], mscorlib, 4.0.0.0","ClassCtx":"0T:OxyPlot.Axes.CategoryAxis, OxyPlot_NET40","MethodCtx":"0M:[p:void] [OxyPlot.Axes.Axis, OxyPlot_NET40].UpdateFromSeries([OxyPlot.Series.Series[], OxyPlot_NET40] series)","Definition":{"Type":"MEMBER_ACCESS","Member":"0P:set get [System.Collections.Generic.Dictionary`2[[TKey],[TValue]], mscorlib, 4.0.0.0] [OxyPlot.Axes.CategoryAxis, OxyPlot_NET40].StackIndexMapping()"},"MemberAccesses":[{"Type":"METHOD_CALL","Member":"0M:[p:void] [System.Collections.Generic.Dictionary`2[[TKey],[TValue]], mscorlib, 4.0.0.0].Add([TKey] key, [TValue] value)"}]}