{"Type":"0T:System.Collections.Generic.Dictionary`2[[TKey],[TValue]], mscorlib, 4.0.0.0","ClassCtx":"0T:OxyPlot.Axes.CategoryAxis, OxyPlot_NET40","MethodCtx":"0M:[p:void] [OxyPlot.Axes.CategoryAxis, OxyPlot_NET40].UpdateLabels([i:System.Collections.Generic.IEnumerable`1[[T]], mscorlib, 4.0.0.0] series)","Definition":{"Type":"MEMBER_ACCESS","Member":"0P:set get [System.Collections.Generic.Dictionary`2[[TKey],[TValue]], mscorlib, 4.0.0.0] [OxyPlot.Axes.CategoryAxis, OxyPlot_NET40].StackIndexMapping()"}}