{"Type":"0T:System.Collections.Generic.Dictionary`2[[TKey],[TValue]], mscorlib, 4.0.0.0","ClassCtx":"0T:ExampleLibrary.TileMapAnnotation, ExampleLibrary_NET40","MethodCtx":"0M:static [p:void] [ExampleLibrary.TileMapAnnotation, ExampleLibrary_NET40].TileToLatLon([p:double] x, [p:double] y, [p:int] zoom, out [p:double] latitude, out [p:double] longitude)","Definition":{"Type":"MEMBER_ACCESS","Member":"0F:[System.Collections.Generic.Dictionary`2[[TKey],[TValue]], mscorlib, 4.0.0.0] [ExampleLibrary.TileMapAnnotation, ExampleLibrary_NET40].images"}}