{"Type":"0T:System.Collections.Generic.Dictionary`2[[TKey],[TValue]], mscorlib, 4.0.0.0","ClassCtx":"0T:ExampleLibrary.TileMapAnnotation, ExampleLibrary_NET40","MethodCtx":"0M:[p:void] [ExampleLibrary.TileMapAnnotation, ExampleLibrary_NET40].DownloadCompleted([p:string] uri, [System.IO.Stream, mscorlib, 4.0.0.0] result)","Definition":{"Type":"MEMBER_ACCESS","Member":"0F:[System.Collections.Generic.Dictionary`2[[TKey],[TValue]], mscorlib, 4.0.0.0] [ExampleLibrary.TileMapAnnotation, ExampleLibrary_NET40].images"},"MemberAccesses":[{"Type":"METHOD_CALL","Member":"0M:[p:bool] [System.Collections.Generic.Dictionary`2[[TKey],[TValue]], mscorlib, 4.0.0.0].Remove([TKey] key)"}]}