{"Type":"0T:System.Collections.Generic.Dictionary`2[[TKey],[TValue]], mscorlib, 4.0.0.0","ClassCtx":"0T:OxyPlot.GtkSharp.GraphicsRenderContext, OxyPlot.GtkSharp3_NET40","MethodCtx":"0M:[p:void] [OxyPlot.GtkSharp.GraphicsRenderContext, OxyPlot.GtkSharp3_NET40].SetGraphicsTarget([?] graphics)","Definition":{"Type":"MEMBER_ACCESS","Member":"0F:[System.Collections.Generic.Dictionary`2[[TKey],[TValue]], mscorlib, 4.0.0.0] [OxyPlot.GtkSharp.GraphicsRenderContext, OxyPlot.GtkSharp3_NET40].imageCache"}}