{"Type":"0T:System.Collections.Generic.Dictionary`2[[TKey],[TValue]], mscorlib, 4.0.0.0","ClassCtx":"0T:OxyPlot.Series.BarSeriesBase, OxyPlot_NET40","MethodCtx":"0M:[s:OxyPlot.OxyRect, OxyPlot_NET40] [OxyPlot.Series.BarSeriesBase, OxyPlot_NET40].GetRectangle([p:double] baseValue, [p:double] topValue, [p:double] beginValue, [p:double] endValue)","Definition":{"Type":"MEMBER_ACCESS","Member":"0P:set get [System.Collections.Generic.Dictionary`2[[TKey],[TValue]], mscorlib, 4.0.0.0] [OxyPlot.Series.BarSeriesBase, OxyPlot_NET40].ValidItemsIndexInversion()"}}