{"Type":"0T:System.Collections.Generic.Dictionary`2[[TKey],[TValue]], mscorlib, 4.0.0.0","ClassCtx":"0T:OxyPlot.Series.BarSeriesBase, OxyPlot_NET40","MethodCtx":"0M:[p:bool] [OxyPlot.Series.BarSeriesBase, OxyPlot_NET40].IsValidPoint([p:double] v, [OxyPlot.Axes.Axis, OxyPlot_NET40] yaxis)","Definition":{"Type":"MEMBER_ACCESS","Member":"0P:set get [System.Collections.Generic.Dictionary`2[[TKey],[TValue]], mscorlib, 4.0.0.0] [OxyPlot.Series.BarSeriesBase, OxyPlot_NET40].ValidItemsIndexInversion()"}}