{"Type":"0T:System.Collections.Generic.Dictionary`2[[TKey],[TValue]], mscorlib, 4.0.0.0","ClassCtx":"0T:OxyPlot.Series.IntervalBarSeries, OxyPlot_NET40","MethodCtx":"0M:[p:void] [OxyPlot.Series.IntervalBarSeries, OxyPlot_NET40].FillColor__set__([s:OxyPlot.OxyColor, OxyPlot_NET40] value)","Definition":{"Type":"MEMBER_ACCESS","Member":"0P:set get [System.Collections.Generic.Dictionary`2[[TKey],[TValue]], mscorlib, 4.0.0.0] [OxyPlot.Series.IntervalBarSeries, OxyPlot_NET40].ValidItemsIndexInversion()"}}