{"Type":"0T:System.Collections.Generic.Dictionary`2[[TKey],[TValue]], mscorlib, 4.0.0.0","ClassCtx":"0T:OxyPlot.GtkSharp.GraphicsRenderContext, OxyPlot.GtkSharp_NET40","MethodCtx":"0M:[p:void] [i:OxyPlot.IRenderContext, OxyPlot_NET40].DrawImage([OxyPlot.OxyImage, OxyPlot_NET40] source, [p:double] srcX, [p:double] srcY, [p:double] srcWidth, [p:double] srcHeight, [p:double] destX, [p:double] destY, [p:double] destWidth, [p:double] destHeight, [p:double] opacity, [p:bool] interpolate)","Definition":{"Type":"MEMBER_ACCESS","Member":"0F:[System.Collections.Generic.Dictionary`2[[TKey],[TValue]], mscorlib, 4.0.0.0] [OxyPlot.GtkSharp.GraphicsRenderContext, OxyPlot.GtkSharp_NET40].imageCache"}}