{"Type":"0T:System.IO.StreamReader, mscorlib, 4.0.0.0","ClassCtx":"0T:OxyPlot.Reporting.PlotModelExtensions, OxyPlot_NET40","MethodCtx":"0M:static [p:string] [OxyPlot.Reporting.PlotModelExtensions, OxyPlot_NET40].CreateTextReport(this [OxyPlot.PlotModel, OxyPlot_NET40] plotModel)","Definition":{"Type":"NEW","Member":"0M:[p:void] [System.IO.StreamReader, mscorlib, 4.0.0.0]..ctor([System.IO.Stream, mscorlib, 4.0.0.0] stream)"},"MemberAccesses":[{"Type":"METHOD_CALL","Member":"0M:[p:string] [System.IO.StreamReader, mscorlib, 4.0.0.0].ReadToEnd()"}]}