{"Type":"0T:System.IO.StreamReader, mscorlib, 4.0.0.0","ClassCtx":"0T:OxyPlot.SvgExporter, OxyPlot_NET40","MethodCtx":"0M:static [p:string] [OxyPlot.SvgExporter, OxyPlot_NET40].ExportToString([i:OxyPlot.IPlotModel, OxyPlot_NET40] model, [p:double] width, [p:double] height, [p:bool] isDocument, opt [i:OxyPlot.IRenderContext, OxyPlot_NET40] textMeasurer)","Definition":{"Type":"NEW","Member":"0M:[p:void] [System.IO.StreamReader, mscorlib, 4.0.0.0]..ctor([System.IO.Stream, mscorlib, 4.0.0.0] stream)"},"MemberAccesses":[{"Type":"METHOD_CALL","Member":"0M:[p:string] [System.IO.StreamReader, mscorlib, 4.0.0.0].ReadToEnd()"}]}