{"Type":"0T:System.IO.StreamReader, mscorlib, 4.0.0.0","ClassCtx":"0T:ExampleLibrary.MiscExamples, ExampleLibrary_NET40","MethodCtx":"0M:static [OxyPlot.PlotModel, OxyPlot_NET40] [ExampleLibrary.MiscExamples, ExampleLibrary_NET40].TrainSchedule()","Definition":{"Type":"NEW","Member":"0M:[p:void] [System.IO.StreamReader, mscorlib, 4.0.0.0]..ctor([System.IO.Stream, mscorlib, 4.0.0.0] stream)"},"MemberAccesses":[{"Type":"METHOD_CALL","Member":"0M:[p:string] [System.IO.StreamReader, mscorlib, 4.0.0.0].ReadLine()"},{"Type":"MEMBER_REFERENCE","Member":"0P:get [p:bool] [System.IO.StreamReader, mscorlib, 4.0.0.0].EndOfStream()"},{"Type":"METHOD_CALL","Member":"0M:[p:string] [System.IO.StreamReader, mscorlib, 4.0.0.0].ReadLine()"}]}