{"Type":"0T:System.Runtime.Serialization.DataMemberAttribute, System.Runtime.Serialization, 4.0.0.0","ClassCtx":"0T:Apress.Recipes.WebApi.Areas.HelpPage.ModelDescriptions.ModelDescriptionGenerator, Apress.Recipes.WebApi","MethodCtx":"0M:static [p:string] [Apress.Recipes.WebApi.Areas.HelpPage.ModelDescriptions.ModelDescriptionGenerator, Apress.Recipes.WebApi].GetMemberName([System.Reflection.MemberInfo, mscorlib, 4.0.0.0] member, [p:bool] hasDataContractAttribute)","Definition":{"Type":"RETURN_VALUE","Member":"0M:static [T] [System.Reflection.CustomAttributeExtensions, mscorlib, 4.0.0.0].GetCustomAttribute`1[[T]](this [System.Reflection.MemberInfo, mscorlib, 4.0.0.0] element)"},"MemberAccesses":[{"Type":"MEMBER_REFERENCE","Member":"0P:set get [p:string] [System.Runtime.Serialization.DataMemberAttribute, System.Runtime.Serialization, 4.0.0.0].Name()"}]}