{"Type":"0T:e:System.Text.RegularExpressions.RegexOptions, System, 4.0.0.0","ClassCtx":"0T:MSHelpSystem.Core.HelpLibraryManager, HelpViewer","MethodCtx":"0M:static [p:void] [MSHelpSystem.Core.HelpLibraryManager, HelpViewer].UninstallHelpDocuments([p:string] productCode, [p:string] productVersion, [p:string] locale, [p:string] vendor, [p:string] productName, [p:string] mediaBookList)","Definition":{"Type":"UNKNOWN"},"CallParameters":[{"Method":"0M:static [p:bool] [System.Text.RegularExpressions.Regex, System, 4.0.0.0].IsMatch([p:string] input, [p:string] pattern, [e:System.Text.RegularExpressions.RegexOptions, System, 4.0.0.0] options)","ArgIndex":1}]}