{"Type":"0T:System.Configuration.AppSettingsSection, System.Configuration, 4.0.0.0","ClassCtx":"0T:MSHelpSystem.Helper.HelpClientWatcher, HelpViewer","MethodCtx":"0M:static [p:string] [MSHelpSystem.Helper.HelpClientWatcher, HelpViewer].GetHelpMode()","Definition":{"Type":"CAST"},"MemberAccesses":[{"Type":"MEMBER_REFERENCE","Member":"0P:get [System.Configuration.KeyValueConfigurationCollection, System.Configuration, 4.0.0.0] [System.Configuration.AppSettingsSection, System.Configuration, 4.0.0.0].Settings()"},{"Type":"MEMBER_REFERENCE","Member":"0P:get [System.Configuration.KeyValueConfigurationCollection, System.Configuration, 4.0.0.0] [System.Configuration.AppSettingsSection, System.Configuration, 4.0.0.0].Settings()"}]}