{"Type":"0T:i:System.IFormatProvider, mscorlib, 4.0.0.0","ClassCtx":"0T:OxyPlot.StringHelper, OxyPlot_NET40","MethodCtx":"0M:static [p:string] [OxyPlot.StringHelper, OxyPlot_NET40].Format([i:System.IFormatProvider, mscorlib, 4.0.0.0] provider, [p:string] formatString, [p:object] item, params [p:object[]] values)","Definition":{"Type":"METHOD_PARAMETER","Member":"0M:static [p:string] [OxyPlot.StringHelper, OxyPlot_NET40].Format([i:System.IFormatProvider, mscorlib, 4.0.0.0] provider, [p:string] formatString, [p:object] item, params [p:object[]] values)","ArgIndex":0},"CallParameters":[{"Method":"0M:static [p:string] [p:string].Format([i:System.IFormatProvider, mscorlib, 4.0.0.0] provider, [p:string] format, params [p:object[]] args)","ArgIndex":0}]}