{"Type":"0T:i:System.IFormatProvider, mscorlib, 4.0.0.0","ClassCtx":"0T:OxyPlot.FractionHelper, OxyPlot_NET40","MethodCtx":"0M:static [p:string] [OxyPlot.FractionHelper, OxyPlot_NET40].ConvertToFractionString([p:double] value, opt [p:double] unit, opt [p:string] unitSymbol, opt [p:double] eps, opt [i:System.IFormatProvider, mscorlib, 4.0.0.0] formatProvider, opt [p:string] formatString)","Definition":{"Type":"UNKNOWN"},"CallParameters":[{"Method":"0M:static [p:string] [p:string].Format([i:System.IFormatProvider, mscorlib, 4.0.0.0] provider, [p:string] format, params [p:object[]] args)","ArgIndex":0}]}