{"Type":"0T:i:System.IFormatProvider, mscorlib, 4.0.0.0","ClassCtx":"0T:OxyPlot.ReflectionExtensions, OxyPlot_NET40","MethodCtx":"0M:static [p:void] [OxyPlot.ReflectionExtensions, OxyPlot_NET40].AddFormattedRange(this [System.Collections.Generic.List`1[[T]], mscorlib, 4.0.0.0] target, [i:System.Collections.IEnumerable, mscorlib, 4.0.0.0] source, [p:string] propertyName, [p:string] formatString, [i:System.IFormatProvider, mscorlib, 4.0.0.0] provider)","Definition":{"Type":"METHOD_PARAMETER","Member":"0M:static [p:void] [OxyPlot.ReflectionExtensions, OxyPlot_NET40].AddFormattedRange(this [System.Collections.Generic.List`1[[T]], mscorlib, 4.0.0.0] target, [i:System.Collections.IEnumerable, mscorlib, 4.0.0.0] source, [p:string] propertyName, [p:string] formatString, [i:System.IFormatProvider, mscorlib, 4.0.0.0] provider)","ArgIndex":4},"CallParameters":[{"Method":"0M:static [p:string] [p:string].Format([i:System.IFormatProvider, mscorlib, 4.0.0.0] provider, [p:string] format, params [p:object[]] args)","ArgIndex":0}]}