{"Type":"0T:T","ClassCtx":"0T:Xunit.Assert, XunitLight.Silverlight","MethodCtx":"0M:static [?] [Xunit.Assert, XunitLight.Silverlight].NotInRange`1[[T]]([T] actual, [T] low, [T] high)","Definition":{"Type":"METHOD_PARAMETER","Member":"0M:static [?] [Xunit.Assert, XunitLight.Silverlight].NotInRange`1[[T]]([T] actual, [T] low, [T] high)","ArgIndex":2},"CallParameters":[{"Method":"0M:static [?] [Xunit.Assert, XunitLight.Silverlight].NotInRange`1[[T]]([T] actual, [T] low, [T] high, [?] comparer)","ArgIndex":1},{"Method":"0M:static [?] [Xunit.Assert, XunitLight.Silverlight].NotInRange`1[[T]]([T] actual, [T] low, [T] high, [?] comparer)","ArgIndex":2},{"Method":"0M:static [?] [Xunit.Assert, XunitLight.Silverlight].NotInRange`1[[T]]([T] actual, [T] low, [T] high, [?] comparer)","ArgIndex":0}]}