{"Type":"0T:T","ClassCtx":"0T:Xunit.Assert, XunitLight.Silverlight","MethodCtx":"0M:static [?] [Xunit.Assert, XunitLight.Silverlight].NotInRange`1[[T]]([T] actual, [T] low, [T] high, [?] comparer)","Definition":{"Type":"METHOD_PARAMETER","Member":"0M:static [?] [Xunit.Assert, XunitLight.Silverlight].NotInRange`1[[T]]([T] actual, [T] low, [T] high, [?] comparer)","ArgIndex":2},"CallParameters":[{"Method":"0M:[?] [Xunit.Sdk.NotInRangeException, XunitLight.Silverlight]..ctor([?] actual, [?] low, [?] high)","ArgIndex":1},{"Method":"0M:[?] [Xunit.Sdk.NotInRangeException, XunitLight.Silverlight]..ctor([?] actual, [?] low, [?] high)","ArgIndex":0},{"Method":"0M:[?] [Xunit.Sdk.NotInRangeException, XunitLight.Silverlight]..ctor([?] actual, [?] low, [?] high)","ArgIndex":2}]}