{"Type":"0T:T","ClassCtx":"0T:Xunit.Assert+AssertComparer`1[[T]], XunitLight.Silverlight","MethodCtx":"0M:[?] [Xunit.Assert+AssertComparer`1[[T]], XunitLight.Silverlight].Compare([T] x, [T] y)","Definition":{"Type":"METHOD_PARAMETER","Member":"0M:[?] [Xunit.Assert+AssertComparer`1[[T]], XunitLight.Silverlight].Compare([T] x, [T] y)","ArgIndex":1},"CallParameters":[{"Method":"0M:static [?] [Xunit.Assert, XunitLight.Silverlight].Equals([?] a, [?] b)","ArgIndex":1},{"Method":"0M:static [?] [Xunit.Assert, XunitLight.Silverlight].Equals([?] a, [?] b)","ArgIndex":0}]}