{"Type":"0T:T","ClassCtx":"0T:Xunit.Assert, XunitLight.Silverlight","MethodCtx":"0M:static [?] [Xunit.Assert, XunitLight.Silverlight].DoesNotContain`1[[T]]([T] expected, [?] collection, [?] comparer)","Definition":{"Type":"METHOD_PARAMETER","Member":"0M:static [?] [Xunit.Assert, XunitLight.Silverlight].DoesNotContain`1[[T]]([T] expected, [?] collection, [?] comparer)","ArgIndex":0},"CallParameters":[{"Method":"0M:[?] [Xunit.Sdk.DoesNotContainException, XunitLight.Silverlight]..ctor([?] expected)","ArgIndex":0}]}