{"Type":"0T:T","ClassCtx":"0T:Xunit.Assert, XunitLight.Silverlight","MethodCtx":"0M:static [?] [Xunit.Assert, XunitLight.Silverlight].Equal`1[[T]]([T] expected, [T] actual, [?] comparer)","Definition":{"Type":"METHOD_PARAMETER","Member":"0M:static [?] [Xunit.Assert, XunitLight.Silverlight].Equal`1[[T]]([T] expected, [T] actual, [?] comparer)","ArgIndex":1},"CallParameters":[{"Method":"0M:[?] [Xunit.Sdk.EqualException, XunitLight.Silverlight]..ctor([?] expected, [?] actual)","ArgIndex":1},{"Method":"0M:[?] [Xunit.Sdk.EqualException, XunitLight.Silverlight]..ctor([?] expected, [?] actual)","ArgIndex":0}]}