{"Type":"0T:System.ComponentModel.CancelEventArgs, System, 4.0.0.0","ClassCtx":"0T:StockSharp.Anywhere.MainWindow, Anywhere","MethodCtx":"0M:[p:void] [StockSharp.Anywhere.MainWindow, Anywhere].Window_Closing([p:object] sender, [System.ComponentModel.CancelEventArgs, System, 4.0.0.0] e)","Definition":{"Type":"METHOD_PARAMETER","Member":"0M:[p:void] [StockSharp.Anywhere.MainWindow, Anywhere].Window_Closing([p:object] sender, [System.ComponentModel.CancelEventArgs, System, 4.0.0.0] e)","ArgIndex":1}}