{"Type":"0T:Ecng.Xaml.ObservableCollectionEx`1[[TItem]], Ecng.Xaml, 1.0.0.0","ClassCtx":"0T:StockSharp.Anywhere.MainWindow, Anywhere","MethodCtx":"0M:[p:void] [StockSharp.Anywhere.MainWindow, Anywhere].SecurityEditor_SecuritySelected()","Definition":{"Type":"MEMBER_ACCESS","Member":"0P:set get [Ecng.Xaml.ObservableCollectionEx`1[[TItem]], Ecng.Xaml, 1.0.0.0] [StockSharp.Anywhere.MainWindow, Anywhere].Subscriptions()"},"CallParameters":[{"Method":"0M:static [p:bool] [System.Linq.Enumerable, System.Core, 4.0.0.0].Any`1[[TSource]](this [i:System.Collections.Generic.IEnumerable`1[[T]], mscorlib, 4.0.0.0] source, [d:[TResult] [System.Func`2[[T],[TResult]], mscorlib, 4.0.0.0].([T] arg)] predicate)","ArgIndex":0}],"MemberAccesses":[{"Type":"METHOD_CALL","Member":"0M:[p:void] [Ecng.Xaml.ObservableCollectionEx`1[[TItem]], Ecng.Xaml, 1.0.0.0].Add([TItem] item)"}]}