{"Type":"0T:Ecng.Xaml.ObservableCollectionEx`1[[TItem]], Ecng.Xaml, 1.0.0.0","ClassCtx":"0T:StockSharp.Anywhere.MainWindow, Anywhere","MethodCtx":"0M:[p:void] [StockSharp.Anywhere.MainWindow, Anywhere].DeleteSubscription([p:object] obj)","Definition":{"Type":"MEMBER_ACCESS","Member":"0P:set get [Ecng.Xaml.ObservableCollectionEx`1[[TItem]], Ecng.Xaml, 1.0.0.0] [StockSharp.Anywhere.MainWindow, Anywhere].Subscriptions()"},"MemberAccesses":[{"Type":"METHOD_CALL","Member":"0M:[p:bool] [Ecng.Xaml.ObservableCollectionEx`1[[TItem]], Ecng.Xaml, 1.0.0.0].Contains([TItem] item)"},{"Type":"METHOD_CALL","Member":"0M:[p:bool] [Ecng.Xaml.ObservableCollectionEx`1[[TItem]], Ecng.Xaml, 1.0.0.0].Remove([TItem] item)"}]}