{"Type":"0T:System.Reflection.MethodInfo, mscorlib, 4.0.0.0","ClassCtx":"0T:Apress.Recipes.WebApi.Areas.HelpPage.XmlDocumentationProvider, Apress.Recipes.WebApi","MethodCtx":"0M:static [p:string] [Apress.Recipes.WebApi.Areas.HelpPage.XmlDocumentationProvider, Apress.Recipes.WebApi].GetMemberName([System.Reflection.MethodInfo, mscorlib, 4.0.0.0] method)","Definition":{"Type":"METHOD_PARAMETER","Member":"0M:static [p:string] [Apress.Recipes.WebApi.Areas.HelpPage.XmlDocumentationProvider, Apress.Recipes.WebApi].GetMemberName([System.Reflection.MethodInfo, mscorlib, 4.0.0.0] method)","ArgIndex":0},"MemberAccesses":[{"Type":"METHOD_CALL","Member":"0M:[System.Reflection.ParameterInfo[], mscorlib, 4.0.0.0] [System.Reflection.MethodBase, mscorlib, 4.0.0.0].GetParameters()"}]}