{"Type":"0T:s:System.Collections.Generic.KeyValuePair`2[[TKey],[TValue]], mscorlib, 4.0.0.0","ClassCtx":"0T:StockSharp.Anywhere.InputTranParser, Anywhere","MethodCtx":"0M:[p:void] [StockSharp.Anywhere.InputTranParser, Anywhere].NewLinesParsing([i:System.Collections.Generic.IEnumerable`1[[T]], mscorlib, 4.0.0.0] lines)","Definition":{"Type":"RETURN_VALUE","Member":"0M:[s:System.Collections.Generic.KeyValuePair`2[[TKey],[TValue]], mscorlib, 4.0.0.0] [StockSharp.Anywhere.InputTranParser, Anywhere].ConvertAndValidateCommandParams([p:string] key, [p:string] value)"}}