{"Type":"0T:s:System.Collections.Generic.KeyValuePair`2[[TKey],[TValue]], mscorlib, 4.0.0.0","ClassCtx":"0T:StockSharp.Anywhere.InputTranParser, Anywhere","MethodCtx":"0M:[s:System.Collections.Generic.KeyValuePair`2[[TKey],[TValue]], mscorlib, 4.0.0.0] [StockSharp.Anywhere.InputTranParser, Anywhere].ConvertAndValidateCommandParams([p:string] key, [p:string] value)","Definition":{"Type":"NEW","Member":"0M:[p:void] [s:System.Collections.Generic.KeyValuePair`2[[TKey],[TValue]], mscorlib, 4.0.0.0]..ctor([TKey] key, [TValue] value)"}}