{"Type":"0T:System.Globalization.CultureInfo, mscorlib, 4.0.0.0","ClassCtx":"0T:MSHelpSystem.Core.DisplayHelp, HelpViewer","MethodCtx":"0M:static [p:void] [MSHelpSystem.Core.DisplayHelp, HelpViewer].DisplaySearchOnMSDN([p:string] searchWords)","Definition":{"Type":"MEMBER_ACCESS","Member":"0P:get static [System.Globalization.CultureInfo, mscorlib, 4.0.0.0] [System.Globalization.CultureInfo, mscorlib, 4.0.0.0].CurrentUICulture()"},"MemberAccesses":[{"Type":"METHOD_CALL","Member":"0M:[p:string] [System.Globalization.CultureInfo, mscorlib, 4.0.0.0].ToString()"}]}