{"Type":"0T:System.Globalization.CultureInfo, mscorlib, 4.0.0.0","ClassCtx":"0T:MSHelpSystem.Core.HelpLibraryManager, HelpViewer","MethodCtx":"0M:static [p:void] [MSHelpSystem.Core.HelpLibraryManager, HelpViewer].InitializeLocaleStore([p:string] productCode, [p:string] productVersion)","Definition":{"Type":"MEMBER_ACCESS","Member":"0P:get static [System.Globalization.CultureInfo, mscorlib, 4.0.0.0] [System.Globalization.CultureInfo, mscorlib, 4.0.0.0].CurrentCulture()"},"MemberAccesses":[{"Type":"MEMBER_REFERENCE","Member":"0P:get [p:string] [System.Globalization.CultureInfo, mscorlib, 4.0.0.0].Name()"}]}