{"Type":"0T:i:System.Collections.Generic.IComparer`1[[T]], mscorlib, 4.0.0.0","ClassCtx":"0T:OxyPlot.Series.LinearBarSeries, OxyPlot_NET40","MethodCtx":"0M:[p:int] [OxyPlot.Series.LinearBarSeries, OxyPlot_NET40].FindRectangleIndex([s:OxyPlot.ScreenPoint, OxyPlot_NET40] point)","Definition":{"Type":"RETURN_VALUE","Member":"0M:static [i:System.Collections.Generic.IComparer`1[[T]], mscorlib, 4.0.0.0] [OxyPlot.ComparerHelper, OxyPlot_NET40].CreateComparer`1[[T]]([d:[p:int] [System.Comparison`1[[T]], mscorlib, 4.0.0.0].([T] x, [T] y)] comparison)"},"CallParameters":[{"Method":"0M:[p:int] [System.Collections.Generic.List`1[[T]], mscorlib, 4.0.0.0].BinarySearch([p:int] index, [p:int] count, [T] item, [i:System.Collections.Generic.IComparer`1[[T]], mscorlib, 4.0.0.0] comparer)","ArgIndex":2}]}