{"Type":"0T:System.Xml.Serialization.XmlSerializer, System.Xml, 4.0.0.0","ClassCtx":"0T:MSHelpSystem.Core.Help3Service, HelpViewer","MethodCtx":"0M:static [p:void] [MSHelpSystem.Core.Help3Service, HelpViewer].LoadHelpConfiguration()","Definition":{"Type":"NEW","Member":"0M:[p:void] [System.Xml.Serialization.XmlSerializer, System.Xml, 4.0.0.0]..ctor([System.Type, mscorlib, 4.0.0.0] type)"},"MemberAccesses":[{"Type":"METHOD_CALL","Member":"0M:[p:object] [System.Xml.Serialization.XmlSerializer, System.Xml, 4.0.0.0].Deserialize([System.IO.TextReader, mscorlib, 4.0.0.0] textReader)"}]}