{"Type":"0T:System.Collections.Generic.Dictionary`2[[TKey],[TValue]], mscorlib, 4.0.0.0","ClassCtx":"0T:MSHelpSystem.Helper.ProjectLanguages, HelpViewer","MethodCtx":"0M:[p:string] [MSHelpSystem.Helper.ProjectLanguages, HelpViewer].CurrentLanguage__get__()","Definition":{"Type":"MEMBER_ACCESS","Member":"0F:static [System.Collections.Generic.Dictionary`2[[TKey],[TValue]], mscorlib, 4.0.0.0] [MSHelpSystem.Helper.ProjectLanguages, HelpViewer].languages"},"MemberAccesses":[{"Type":"METHOD_CALL","Member":"0M:[p:bool] [System.Collections.Generic.Dictionary`2[[TKey],[TValue]], mscorlib, 4.0.0.0].ContainsKey([TKey] key)"},{"Type":"METHOD_CALL","Member":"0M:[p:bool] [System.Collections.Generic.Dictionary`2[[TKey],[TValue]], mscorlib, 4.0.0.0].TryGetValue([TKey] key, out [TValue] value)"}]}