{"Type":"0T:SharpDX.Direct2D1.Factory, SharpDX.Direct2D1, 2.6.3.0","ClassCtx":"0T:Cocos2D.CCLabel, Cocos2d.WinRT","MethodCtx":"0M:[?] [Cocos2D.CCLabel, Cocos2d.WinRT].CreateFont([?] fontName, [?] fontSize, [Cocos2D.CCRawList`1[[T]], Cocos2d.WinRT] charset)","Definition":{"Type":"MEMBER_ACCESS","Member":"0P:set get static [SharpDX.Direct2D1.Factory, SharpDX.Direct2D1, 2.6.3.0] [Cocos2D.CCLabel, Cocos2d.WinRT].Factory2D()"},"MemberAccesses":[{"Type":"MEMBER_REFERENCE","Member":"0P:get [s:SharpDX.Size2F, SharpDX, 2.6.3.0] [SharpDX.Direct2D1.Factory, SharpDX.Direct2D1, 2.6.3.0].DesktopDpi()"}]}