{"Type":"0T:SharpDX.Direct2D1.Factory, SharpDX.Direct2D1, 2.6.3.0","ClassCtx":"0T:Cocos2D.CCLabel, Cocos2d.WinRT","MethodCtx":"0M:[?] [Cocos2D.CCLabel, Cocos2d.WinRT].CreateBitmap([?] width, [?] height)","Definition":{"Type":"MEMBER_ACCESS","Member":"0P:set get static [SharpDX.Direct2D1.Factory, SharpDX.Direct2D1, 2.6.3.0] [Cocos2D.CCLabel, Cocos2d.WinRT].Factory2D()"},"CallParameters":[{"Method":"0M:[p:void] [SharpDX.Direct2D1.WicRenderTarget, SharpDX.Direct2D1, 2.6.3.0]..ctor([SharpDX.Direct2D1.Factory, SharpDX.Direct2D1, 2.6.3.0] factory, [SharpDX.WIC.Bitmap, SharpDX.Direct2D1, 2.6.3.0] wicBitmap, [s:SharpDX.Direct2D1.RenderTargetProperties, SharpDX.Direct2D1, 2.6.3.0] renderTargetProperties)","ArgIndex":0}]}