{"Type":"0T:System.ArgumentOutOfRangeException, mscorlib, 4.0.0.0","ClassCtx":"0T:OxyPlot.Axes.HorizontalAndVerticalAxisRenderer, OxyPlot_NET40","MethodCtx":"0M:[s:OxyPlot.ScreenPoint, OxyPlot_NET40] [OxyPlot.Axes.HorizontalAndVerticalAxisRenderer, OxyPlot_NET40].GetAxisTitlePositionAndAlignment([OxyPlot.Axes.Axis, OxyPlot_NET40] axis, [p:double] titlePosition, ref [p:double] angle, ref [e:OxyPlot.HorizontalAlignment, OxyPlot_NET40] halign, ref [e:OxyPlot.VerticalAlignment, OxyPlot_NET40] valign)","Definition":{"Type":"NEW","Member":"0M:[p:void] [System.ArgumentOutOfRangeException, mscorlib, 4.0.0.0]..ctor([p:string] paramName)"}}