{"Type":"0T:System.ArgumentNullException, mscorlib, 4.0.0.0","ClassCtx":"0T:OxyPlot.RenderingExtensions, OxyPlot_NET40","MethodCtx":"0M:static [p:void] [OxyPlot.RenderingExtensions, OxyPlot_NET40].AddMarkerGeometry([s:OxyPlot.ScreenPoint, OxyPlot_NET40] p, [e:OxyPlot.MarkerType, OxyPlot_NET40] type, [i:System.Collections.Generic.IEnumerable`1[[T]], mscorlib, 4.0.0.0] outline, [p:double] size, [i:System.Collections.Generic.IList`1[[T]], mscorlib, 4.0.0.0] ellipses, [i:System.Collections.Generic.IList`1[[T]], mscorlib, 4.0.0.0] rects, [i:System.Collections.Generic.IList`1[[T]], mscorlib, 4.0.0.0] polygons, [i:System.Collections.Generic.IList`1[[T]], mscorlib, 4.0.0.0] lines)","Definition":{"Type":"NEW","Member":"0M:[p:void] [System.ArgumentNullException, mscorlib, 4.0.0.0]..ctor([p:string] paramName, [p:string] message)"}}