{"Type":"0T:p:string","ClassCtx":"0T:MSHelpSystem.BrowserScheme, HelpViewer","MethodCtx":"0M:[p:void] [MSHelpSystem.BrowserScheme, HelpViewer].GoSearch([?] pane)","Definition":{"Type":"RETURN_VALUE","Member":"0M:static [p:string] [p:string].Format([p:string] format, [p:object] arg0)"},"CallParameters":[{"Method":"0M:static [p:string] [p:string].Format([p:string] format, [p:object] arg0)","ArgIndex":0},{"Method":"0M:[p:void] [System.Uri, System, 4.0.0.0]..ctor([p:string] uriString)","ArgIndex":0}],"MemberAccesses":[{"Type":"METHOD_CALL","Member":"0M:[p:string] [p:string].ToLower()"}]}