{"Type":"0T:p:string","ClassCtx":"0T:MSHelpSystem.BrowserScheme, HelpViewer","MethodCtx":"0M:[p:void] [MSHelpSystem.BrowserScheme, HelpViewer].DocumentCompleted([?] pane, [System.Windows.Forms.WebBrowserDocumentCompletedEventArgs, System.Windows.Forms, 4.0.0.0] e)","Definition":{"Type":"CONSTANT"},"CallParameters":[{"Method":"0M:static [p:bool] [p:string].IsNullOrEmpty([p:string] value)","ArgIndex":0}],"MemberAccesses":[{"Type":"METHOD_CALL","Member":"0M:[p:bool] [p:string].Equals([p:string] value, [e:System.StringComparison, mscorlib, 4.0.0.0] comparisonType)"},{"Type":"METHOD_CALL","Member":"0M:[p:bool] [p:string].Equals([p:string] value, [e:System.StringComparison, mscorlib, 4.0.0.0] comparisonType)"}]}