{"Type":"0T:p:string","ClassCtx":"0T:MSHelpSystem.Helper.HelpClientWatcher, HelpViewer","MethodCtx":"0M:static [p:void] [MSHelpSystem.Helper.HelpClientWatcher, HelpViewer]..cctor()","Definition":{"Type":"RETURN_VALUE","Member":"0M:static [p:string] [MSHelpSystem.Helper.HelpClientWatcher, HelpViewer].GetHelpMode()"},"CallParameters":[{"Method":"0M:[p:void] [System.IO.FileSystemWatcher, System, 4.0.0.0]..ctor([p:string] path)","ArgIndex":0},{"Method":"0M:static [p:bool] [System.IO.Directory, mscorlib, 4.0.0.0].Exists([p:string] path)","ArgIndex":0},{"Method":"0M:static [System.IO.DirectoryInfo, mscorlib, 4.0.0.0] [System.IO.Directory, mscorlib, 4.0.0.0].CreateDirectory([p:string] path)","ArgIndex":0}]}