{"Type":"0T:p:string","ClassCtx":"0T:MSHelpSystem.Helper.HelpClientWatcher, HelpViewer","MethodCtx":"0M:static [p:string] [MSHelpSystem.Helper.HelpClientWatcher, HelpViewer].GetHelpMode()","Definition":{"Type":"RETURN_VALUE","Member":"0M:static [p:string] [p:string].Format([p:string] format, [p:object] arg0)"},"CallParameters":[{"Method":"0M:static [p:string] [p:string].Format([p:string] format, [p:object] arg0)","ArgIndex":0},{"Method":"0M:static [p:bool] [p:string].IsNullOrEmpty([p:string] value)","ArgIndex":0},{"Method":"0M:static [p:bool] [System.IO.File, mscorlib, 4.0.0.0].Exists([p:string] path)","ArgIndex":0},{"Method":"0M:static [p:string] [System.IO.Path, mscorlib, 4.0.0.0].Combine([p:string] path1, [p:string] path2)","ArgIndex":0}]}