{"Type":"0T:p:string","ClassCtx":"0T:MSHelpSystem.Controls.TocEntry, HelpViewer","MethodCtx":"0M:[p:void] [MSHelpSystem.Controls.TocEntry, HelpViewer].RaisePropertyChanged([p:string] name)","Definition":{"Type":"METHOD_PARAMETER","Member":"0M:[p:void] [MSHelpSystem.Controls.TocEntry, HelpViewer].RaisePropertyChanged([p:string] name)","ArgIndex":0},"CallParameters":[{"Method":"0M:[p:void] [System.ComponentModel.PropertyChangedEventArgs, System, 4.0.0.0]..ctor([p:string] propertyName)","ArgIndex":0}]}