{"Type":"0T:p:string","ClassCtx":"0T:MSHelpSystem.Helper.ProjectLanguages, HelpViewer","MethodCtx":"0M:[p:string] [MSHelpSystem.Helper.ProjectLanguages, HelpViewer].CurrentLanguage__get__()","Definition":{"Type":"RETURN_VALUE","Member":"0M:[p:string] [p:string].ToLower()"},"CallParameters":[{"Method":"0M:[p:bool] [System.Collections.Generic.Dictionary`2[[TKey],[TValue]], mscorlib, 4.0.0.0].ContainsKey([TKey] key)","ArgIndex":0},{"Method":"0M:[p:bool] [System.Collections.Generic.Dictionary`2[[TKey],[TValue]], mscorlib, 4.0.0.0].TryGetValue([TKey] key, out [TValue] value)","ArgIndex":0},{"Method":"0M:static [p:string] [p:string].Format([p:string] format, [p:object] arg0, [p:object] arg1)","ArgIndex":0},{"Method":"0M:static [p:string] [p:string].Format([p:string] format, [p:object] arg0, [p:object] arg1)","ArgIndex":1},{"Method":"0M:static [p:bool] [p:string].IsNullOrEmpty([p:string] value)","ArgIndex":0}],"MemberAccesses":[{"Type":"METHOD_CALL","Member":"0M:[p:string] [p:string].ToLower()"}]}