{"Type":"0T:p:string","ClassCtx":"0T:MSHelpSystem.Helper.ProjectLanguages, HelpViewer","MethodCtx":"0M:[p:string] [MSHelpSystem.Helper.ProjectLanguages, HelpViewer].CurrentLanguageAsHttpParam__get__()","Definition":{"Type":"RETURN_VALUE","Member":"0M:static [p:string] [p:string].Format([p:string] format, [p:object] arg0)"},"CallParameters":[{"Method":"0M:static [p:string] [p:string].Format([p:string] format, [p:object] arg0)","ArgIndex":0},{"Method":"0M:static [p:bool] [p:string].IsNullOrEmpty([p:string] value)","ArgIndex":0}]}