{"Type":"0T:p:string","ClassCtx":"0T:MSHelpSystem.Commands.ShowErrorHelpCommand, HelpViewer","MethodCtx":"0M:[p:void] [MSHelpSystem.Commands.ShowErrorHelpCommand, HelpViewer].Run()","Definition":{"Type":"RETURN_VALUE","Member":"0M:static [p:string] [p:string].Format([p:string] format, [p:object] arg0)"},"CallParameters":[{"Method":"0M:static [p:bool] [MSHelpSystem.Core.DisplayHelp, HelpViewer].Keywords([p:string] keywords)","ArgIndex":0},{"Method":"0M:static [p:string] [p:string].Format([p:string] format, [p:object] arg0)","ArgIndex":0},{"Method":"0M:static [p:bool] [MSHelpSystem.Core.DisplayHelp, HelpViewer].ContextualHelp([p:string] contextual)","ArgIndex":0},{"Method":"0M:static [p:bool] [p:string].IsNullOrEmpty([p:string] value)","ArgIndex":0}]}