{"Type":"0T:p:string","ClassCtx":"0T:MSHelpSystem.Controls.TocEntry, HelpViewer","MethodCtx":"0M:[p:void] [d:[p:void] [System.Action`2[[T1],[T2]], mscorlib, 4.0.0.0].([T1] arg1, [T2] arg2)].Invoke([T1] arg1, [T2] arg2)","Definition":{"Type":"RETURN_VALUE","Member":"0M:[p:string] [System.Exception, mscorlib, 4.0.0.0].ToString()"},"CallParameters":[{"Method":"0M:static [System.Xml.Linq.XElement, System.Xml.Linq, 4.0.0.0] [System.Xml.Linq.XElement, System.Xml.Linq, 4.0.0.0].Parse([p:string] text)","ArgIndex":0},{"Method":"0M:static [p:string] [p:string].Format([p:string] format, [p:object] arg0)","ArgIndex":0}]}