{"Type":"0T:p:string","ClassCtx":"0T:MSHelpSystem.Controls.TocEntry, HelpViewer","MethodCtx":"0M:[TResult] [d:[TResult] [System.Func`2[[T],[TResult]], mscorlib, 4.0.0.0].([T] arg)].Invoke([T] arg)","Definition":{"Type":"RETURN_VALUE","Member":"0M:static [p:string] [System.Net.WebUtility, System, 4.0.0.0].HtmlDecode([p:string] value)"},"CallParameters":[{"Method":"0M:[p:void] [MSHelpSystem.Controls.TocEntry, HelpViewer]..ctor([p:string] id)","ArgIndex":0},{"Method":"0M:static [p:string] [System.Net.WebUtility, System, 4.0.0.0].HtmlDecode([p:string] value)","ArgIndex":0}]}