{"Type":"0T:p:string","ClassCtx":"0T:MSHelpSystem.Controls.TocPadControl, HelpViewer","MethodCtx":"0M:[p:void] [MSHelpSystem.Controls.TocPadControl, HelpViewer].Help3TocItemChanged([p:object] sender, [System.Windows.RoutedPropertyChangedEventArgs`1[[T]], PresentationFramework, 4.0.0.0] e)","Definition":{"Type":"RETURN_VALUE","Member":"0M:static [p:string] [p:string].Format([p:string] format, [p:object] arg0)"},"CallParameters":[{"Method":"0M:static [p:string] [p:string].Format([p:string] format, [p:object] arg0)","ArgIndex":0},{"Method":"0M:static [p:bool] [MSHelpSystem.Core.DisplayHelp, HelpViewer].Page([p:string] pageId)","ArgIndex":0},{"Method":"0M:static [p:bool] [p:string].IsNullOrEmpty([p:string] value)","ArgIndex":0}]}