{"Type":"0T:p:string","ClassCtx":"0T:MSHelpSystem.Core.DisplayHelp, HelpViewer","MethodCtx":"0M:static [p:bool] [MSHelpSystem.Core.DisplayHelp, HelpViewer].Catalog()","Definition":{"Type":"RETURN_VALUE","Member":"0M:static [p:string] [p:string].Concat([p:string] str0, [p:string] str1)"},"CallParameters":[{"Method":"0M:static [p:string] [p:string].Concat([p:string] str0, [p:string] str1)","ArgIndex":0},{"Method":"0M:static [p:void] [MSHelpSystem.Core.DisplayHelp, HelpViewer].DisplayLocalHelp([p:string] arguments)","ArgIndex":0}]}