{"Type":"0T:p:string","ClassCtx":"0T:MSHelpSystem.Core.DisplayHelp, HelpViewer","MethodCtx":"0M:static [p:bool] [MSHelpSystem.Core.DisplayHelp, HelpViewer].Search([p:string] searchWords)","Definition":{"Type":"RETURN_VALUE","Member":"0M:static [p:string] [p:string].Concat([p:string] str0, [p:string] str1, [p:string] str2, [p:string] str3)"},"CallParameters":[{"Method":"0M:static [p:void] [MSHelpSystem.Core.DisplayHelp, HelpViewer].DisplaySearchOnMSDN([p:string] searchWords)","ArgIndex":0},{"Method":"0M:static [p:string] [p:string].Concat([p:string] str0, [p:string] str1, [p:string] str2, [p:string] str3)","ArgIndex":1},{"Method":"0M:static [p:string] [p:string].Concat([p:string] str0, [p:string] str1, [p:string] str2, [p:string] str3)","ArgIndex":0},{"Method":"0M:static [p:bool] [p:string].IsNullOrEmpty([p:string] value)","ArgIndex":0},{"Method":"0M:static [p:void] [MSHelpSystem.Core.DisplayHelp, HelpViewer].DisplayLocalHelp([p:string] arguments)","ArgIndex":0}],"MemberAccesses":[{"Type":"METHOD_CALL","Member":"0M:[p:string] [p:string].Replace([p:string] oldValue, [p:string] newValue)"}]}