{"Type":"0T:p:string","ClassCtx":"0T:MSHelpSystem.Controls.SearchPadControl, HelpViewer","MethodCtx":"0M:[p:void] [MSHelpSystem.Controls.SearchPadControl, HelpViewer].DoSearchClicked([p:object] sender, [System.Windows.RoutedEventArgs, PresentationCore, 4.0.0.0] e)","Definition":{"Type":"UNKNOWN"},"CallParameters":[{"Method":"0M:[p:int] [System.Collections.ObjectModel.Collection`1[[T]], mscorlib, 4.0.0.0].IndexOf([T] item)","ArgIndex":0},{"Method":"0M:[p:void] [System.Collections.ObjectModel.Collection`1[[T]], mscorlib, 4.0.0.0].Insert([p:int] index, [T] item)","ArgIndex":0},{"Method":"0M:static [p:bool] [MSHelpSystem.Core.DisplayHelp, HelpViewer].Search([p:string] searchWords)","ArgIndex":0},{"Method":"0M:static [p:bool] [p:string].IsNullOrEmpty([p:string] value)","ArgIndex":0}]}