{"Type":"0T:p:string","ClassCtx":"0T:MSHelpSystem.Core.DisplayHelp, HelpViewer","MethodCtx":"0M:static [p:void] [MSHelpSystem.Core.DisplayHelp, HelpViewer].DisplayLocalHelp([p:string] arguments)","Definition":{"Type":"METHOD_PARAMETER","Member":"0M:static [p:void] [MSHelpSystem.Core.DisplayHelp, HelpViewer].DisplayLocalHelp([p:string] arguments)","ArgIndex":0},"CallParameters":[{"Method":"0M:static [p:void] [MSHelpSystem.Core.DisplayHelp, HelpViewer].DisplayLocalHelp([p:string] arguments, [p:bool] embedded)","ArgIndex":0}]}