{"Type":"0T:p:string","ClassCtx":"0T:MSHelpSystem.Core.DisplayHelp, HelpViewer","MethodCtx":"0M:static [p:void] [MSHelpSystem.Core.DisplayHelp, HelpViewer].DisplayLocalHelp([p:string] arguments, [p:bool] embedded)","Definition":{"Type":"RETURN_VALUE","Member":"0M:static [p:string] [MSHelpSystem.Core.Help3Environment, HelpViewer].GetHttpFromMsXHelp([p:string] helpUrl)"},"CallParameters":[{"Method":"0M:static [p:string] [p:string].Concat([p:string] str0, [p:string] str1, [p:string] str2)","ArgIndex":2},{"Method":"0M:static [p:string] [MSHelpSystem.Core.Help3Environment, HelpViewer].GetHttpFromMsXHelp([p:string] helpUrl)","ArgIndex":0},{"Method":"0M:static [p:string] [p:string].Concat([p:string] str0, [p:string] str1, [p:string] str2)","ArgIndex":1},{"Method":"0M:static [p:string] [p:string].Concat([p:string] str0, [p:string] str1, [p:string] str2)","ArgIndex":0},{"Method":"0M:static [p:string] [p:string].Format([p:string] format, [p:object] arg0)","ArgIndex":0},{"Method":"0M:static [p:void] [MSHelpSystem.Core.DisplayHelp, HelpViewer].DisplayHelpWithShellExecute([p:string] arguments)","ArgIndex":0},{"Method":"0M:static [p:bool] [p:string].IsNullOrEmpty([p:string] value)","ArgIndex":0}]}