{"Type":"0T:p:string","ClassCtx":"0T:MSHelpSystem.Core.DisplayHelp, HelpViewer","MethodCtx":"0M:static [p:void] [MSHelpSystem.Core.DisplayHelp, HelpViewer].DisplayHelpWithShellExecute([p:string] arguments)","Definition":{"Type":"RETURN_VALUE","Member":"0M:static [p:string] [p:string].Format([p:string] format, [p:object] arg0)"},"CallParameters":[{"Method":"0M:static [p:string] [p:string].Format([p:string] format, [p:object] arg0)","ArgIndex":0},{"Method":"0M:static [p:bool] [p:string].IsNullOrEmpty([p:string] value)","ArgIndex":0}]}