{"Type":"0T:p:string","ClassCtx":"0T:MSHelpSystem.Core.Help3Catalog, HelpViewer","MethodCtx":"0M:[p:string] [MSHelpSystem.Core.Help3Catalog, HelpViewer].ShortName__get__()","Definition":{"Type":"RETURN_VALUE","Member":"0M:static [p:string] [p:string].Format([p:string] format, [p:object] arg0, [p:object] arg1, [p:object] arg2)"},"CallParameters":[{"Method":"0M:static [p:string] [p:string].Format([p:string] format, [p:object] arg0, [p:object] arg1, [p:object] arg2)","ArgIndex":0},{"Method":"0M:static [p:string] [p:string].Format([p:string] format, [p:object] arg0, [p:object] arg1, [p:object] arg2)","ArgIndex":1},{"Method":"0M:static [p:string] [p:string].Format([p:string] format, [p:object] arg0, [p:object] arg1, [p:object] arg2)","ArgIndex":2}]}