{"Type":"0T:p:string","ClassCtx":"0T:MSHelpSystem.Core.Help3Environment, HelpViewer","MethodCtx":"0M:[p:bool] [MSHelpSystem.Core.Help3Environment, HelpViewer].IsHelp3ProtocolRegistered__get__()","Definition":{"Type":"RETURN_VALUE","Member":"0M:static [p:string] [p:string].Format([p:string] format, [p:object] arg0)"},"CallParameters":[{"Method":"0M:static [p:string] [p:string].Format([p:string] format, [p:object] arg0)","ArgIndex":0},{"Method":"0M:[p:object] [Microsoft.Win32.RegistryKey, mscorlib, 4.0.0.0].GetValue([p:string] name, [p:object] defaultValue)","ArgIndex":0},{"Method":"0M:static [p:bool] [p:string].IsNullOrEmpty([p:string] value)","ArgIndex":0}]}