{"Type":"0T:p:string","ClassCtx":"0T:MSHelpSystem.Core.Help3Environment, HelpViewer","MethodCtx":"0M:[p:bool] [MSHelpSystem.Core.Help3Environment, HelpViewer].IsLocalStoreInitialized__get__()","Definition":{"Type":"MEMBER_ACCESS","Member":"0P:get static [p:string] [MSHelpSystem.Core.Help3Environment, HelpViewer].LocalStore()"},"CallParameters":[{"Method":"0M:static [p:bool] [System.IO.Directory, mscorlib, 4.0.0.0].Exists([p:string] path)","ArgIndex":0},{"Method":"0M:static [p:bool] [p:string].IsNullOrEmpty([p:string] value)","ArgIndex":0}]}