{"Type":"0T:p:string","ClassCtx":"0T:MSHelpSystem.Core.Help3Environment, HelpViewer","MethodCtx":"0M:[p:string] [MSHelpSystem.Core.Help3Environment, HelpViewer].ManifestFolder__get__()","Definition":{"Type":"RETURN_VALUE","Member":"0M:static [p:string] [System.IO.Path, mscorlib, 4.0.0.0].Combine([p:string] path1, [p:string] path2)"},"CallParameters":[{"Method":"0M:static [p:bool] [System.IO.Directory, mscorlib, 4.0.0.0].Exists([p:string] path)","ArgIndex":0},{"Method":"0M:static [p:bool] [p:string].IsNullOrEmpty([p:string] value)","ArgIndex":0},{"Method":"0M:static [p:string] [System.IO.Path, mscorlib, 4.0.0.0].Combine([p:string] path1, [p:string] path2)","ArgIndex":0}]}