{"Type":"0T:p:string","ClassCtx":"0T:MSHelpSystem.Core.Help3Environment, HelpViewer","MethodCtx":"0M:static [p:string] [MSHelpSystem.Core.Help3Environment, HelpViewer].GetHttpFromMsXHelp([p:string] helpUrl)","Definition":{"Type":"RETURN_VALUE","Member":"0M:static [p:string] [p:string].Format([p:string] format, params [p:object[]] args)"},"CallParameters":[{"Method":"0M:static [p:string] [p:string].Format([p:string] format, params [p:object[]] args)","ArgIndex":1}],"MemberAccesses":[{"Type":"METHOD_CALL","Member":"0M:[p:bool] [p:string].StartsWith([p:string] value)"},{"Type":"METHOD_CALL","Member":"0M:[p:string] [p:string].Replace([p:string] oldValue, [p:string] newValue)"}]}