{"Type":"0T:p:string","ClassCtx":"0T:MSHelpSystem.Core.Help3Service, HelpViewer","MethodCtx":"0M:static [p:void] [MSHelpSystem.Core.Help3Service, HelpViewer].UpdateCatalogs()","Definition":{"Type":"RETURN_VALUE","Member":"0M:static [p:string] [p:string].Format([p:string] format, [p:object] arg0)"},"CallParameters":[{"Method":"0M:[p:void] [System.IO.DirectoryInfo, mscorlib, 4.0.0.0]..ctor([p:string] path)","ArgIndex":0},{"Method":"0M:[p:void] [MSHelpSystem.Core.Help3Catalog, HelpViewer]..ctor([p:string] code, [p:string] version, [p:string] locale, [p:string] name, [p:string] catPath, [p:string] contPath, [p:string] brandPackage)","ArgIndex":6},{"Method":"0M:[p:void] [MSHelpSystem.Core.Help3Catalog, HelpViewer]..ctor([p:string] code, [p:string] version, [p:string] locale, [p:string] name, [p:string] catPath, [p:string] contPath, [p:string] brandPackage)","ArgIndex":4},{"Method":"0M:static [p:string] [p:string].Format([p:string] format, [p:object] arg0)","ArgIndex":0},{"Method":"0M:[p:void] [MSHelpSystem.Core.Help3Catalog, HelpViewer]..ctor([p:string] code, [p:string] version, [p:string] locale, [p:string] name, [p:string] catPath, [p:string] contPath, [p:string] brandPackage)","ArgIndex":5},{"Method":"0M:[p:void] [MSHelpSystem.Core.Help3Catalog, HelpViewer]..ctor([p:string] code, [p:string] version, [p:string] locale, [p:string] name, [p:string] catPath, [p:string] contPath, [p:string] brandPackage)","ArgIndex":2},{"Method":"0M:[p:void] [System.Xml.XmlDocument, System.Xml, 4.0.0.0].Load([p:string] filename)","ArgIndex":0},{"Method":"0M:[p:void] [MSHelpSystem.Core.Help3Catalog, HelpViewer]..ctor([p:string] code, [p:string] version, [p:string] locale, [p:string] name, [p:string] catPath, [p:string] contPath, [p:string] brandPackage)","ArgIndex":3},{"Method":"0M:static [p:string] [p:string].Format([p:string] format, [p:object] arg0, [p:object] arg1)","ArgIndex":1},{"Method":"0M:static [p:bool] [p:string].IsNullOrEmpty([p:string] value)","ArgIndex":0},{"Method":"0M:[p:void] [MSHelpSystem.Core.Help3Catalog, HelpViewer]..ctor([p:string] code, [p:string] version, [p:string] locale, [p:string] name, [p:string] catPath, [p:string] contPath, [p:string] brandPackage)","ArgIndex":0},{"Method":"0M:[p:void] [MSHelpSystem.Core.Help3Catalog, HelpViewer]..ctor([p:string] code, [p:string] version, [p:string] locale, [p:string] name, [p:string] catPath, [p:string] contPath, [p:string] brandPackage)","ArgIndex":1}]}