{"Type":"0T:p:string","ClassCtx":"0T:MSHelpSystem.Core.Help3Service, HelpViewer","MethodCtx":"0M:static [p:void] [MSHelpSystem.Core.Help3Service, HelpViewer].Help3ActiveCatalogIdChanged([p:object] sender, [System.EventArgs, mscorlib, 4.0.0.0] e)","Definition":{"Type":"UNKNOWN"},"CallParameters":[{"Method":"0M:static [MSHelpSystem.Core.Help3Catalog, HelpViewer] [MSHelpSystem.Core.Help3Service, HelpViewer].FindCatalogByItsShortName([p:string] catalogString)","ArgIndex":0},{"Method":"0M:static [p:bool] [p:string].IsNullOrEmpty([p:string] value)","ArgIndex":0}]}