{"Type":"0T:p:string","ClassCtx":"0T:MSHelpSystem.Core.Help3Service, HelpViewer","MethodCtx":"0M:static [MSHelpSystem.Core.Help3Catalog, HelpViewer] [MSHelpSystem.Core.Help3Service, HelpViewer].FindCatalogByItsShortName([p:string] catalogString)","Definition":{"Type":"METHOD_PARAMETER","Member":"0M:static [MSHelpSystem.Core.Help3Catalog, HelpViewer] [MSHelpSystem.Core.Help3Service, HelpViewer].FindCatalogByItsShortName([p:string] catalogString)","ArgIndex":0},"CallParameters":[{"Method":"0M:[p:bool] [p:string].Equals([p:string] value, [e:System.StringComparison, mscorlib, 4.0.0.0] comparisonType)","ArgIndex":0}],"MemberAccesses":[{"Type":"METHOD_CALL","Member":"0M:[p:bool] [p:string].Equals([p:string] value, [e:System.StringComparison, mscorlib, 4.0.0.0] comparisonType)"}]}