{"Type":"0T:p:string","ClassCtx":"0T:MSHelpSystem.Controls.TocEntry, HelpViewer","MethodCtx":"0M:[i:System.Collections.IEnumerable, mscorlib, 4.0.0.0] [MSHelpSystem.Controls.TocEntry, HelpViewer].Children__get__()","Definition":{"Type":"RETURN_VALUE","Member":"0M:static [p:string] [MSHelpSystem.Core.Help3Environment, HelpViewer].GetHttpFromMsXHelp([p:string] helpUrl)"},"CallParameters":[{"Method":"0M:static [p:string] [MSHelpSystem.Core.Help3Environment, HelpViewer].GetHttpFromMsXHelp([p:string] helpUrl)","ArgIndex":0},{"Method":"0M:static [p:string] [p:string].Format([p:string] format, [p:object] arg0, [p:object] arg1)","ArgIndex":0},{"Method":"0M:[p:void] [System.Uri, System, 4.0.0.0]..ctor([p:string] uriString)","ArgIndex":0},{"Method":"0M:static [p:string] [p:string].Format([p:string] format, [p:object] arg0, [p:object] arg1)","ArgIndex":2},{"Method":"0M:static [p:string] [p:string].Format([p:string] format, [p:object] arg0, [p:object] arg1)","ArgIndex":1}]}