{"Type":"0T:p:string","ClassCtx":"0T:MSHelpSystem.Core.Help3Service, HelpViewer","MethodCtx":"0M:static [p:void] [MSHelpSystem.Core.Help3Service, HelpViewer].SaveHelpConfiguration()","Definition":{"Type":"RETURN_VALUE","Member":"0M:static [p:string] [p:string].Format([p:string] format, [p:object] arg0)"},"CallParameters":[{"Method":"0M:[p:void] [System.IO.StreamWriter, mscorlib, 4.0.0.0]..ctor([p:string] path)","ArgIndex":0},{"Method":"0M:static [p:string] [p:string].Format([p:string] format, [p:object] arg0)","ArgIndex":0}]}