{"Type":"0T:p:string","ClassCtx":"0T:MSHelpSystem.Core.HelpLibraryManager, HelpViewer","MethodCtx":"0M:static [p:void] [MSHelpSystem.Core.HelpLibraryManager, HelpViewer].InitializeLocaleStore([p:string] productCode, [p:string] productVersion)","Definition":{"Type":"RETURN_VALUE","Member":"0M:[p:string] [p:string].ToUpper()"},"CallParameters":[{"Method":"0M:static [p:void] [MSHelpSystem.Core.HelpLibraryManager, HelpViewer].InitializeLocaleStore([p:string] productCode, [p:string] productVersion, [p:string] locale, [p:string] brandingPackage)","ArgIndex":0},{"Method":"0M:static [p:void] [MSHelpSystem.Core.HelpLibraryManager, HelpViewer].InitializeLocaleStore([p:string] productCode, [p:string] productVersion, [p:string] locale, [p:string] brandingPackage)","ArgIndex":1},{"Method":"0M:static [p:void] [MSHelpSystem.Core.HelpLibraryManager, HelpViewer].InitializeLocaleStore([p:string] productCode, [p:string] productVersion, [p:string] locale, [p:string] brandingPackage)","ArgIndex":2},{"Method":"0M:static [p:void] [MSHelpSystem.Core.HelpLibraryManager, HelpViewer].InitializeLocaleStore([p:string] productCode, [p:string] productVersion, [p:string] locale, [p:string] brandingPackage)","ArgIndex":3}],"MemberAccesses":[{"Type":"METHOD_CALL","Member":"0M:[p:string] [p:string].ToUpper()"}]}