{"Type":"0T:p:string","ClassCtx":"0T:MSHelpSystem.Core.HelpLibraryManager, HelpViewer","MethodCtx":"0M:static [p:void] [MSHelpSystem.Core.HelpLibraryManager, HelpViewer].InitializeLocaleStore([p:string] productCode, [p:string] productVersion, [p:string] locale)","Definition":{"Type":"METHOD_PARAMETER","Member":"0M:static [p:void] [MSHelpSystem.Core.HelpLibraryManager, HelpViewer].InitializeLocaleStore([p:string] productCode, [p:string] productVersion, [p:string] locale)","ArgIndex":2},"CallParameters":[{"Method":"0M:static [p:void] [MSHelpSystem.Core.HelpLibraryManager, HelpViewer].InitializeLocaleStore([p:string] productCode, [p:string] productVersion, [p:string] locale, [p:string] brandingPackage)","ArgIndex":0},{"Method":"0M:static [p:void] [MSHelpSystem.Core.HelpLibraryManager, HelpViewer].InitializeLocaleStore([p:string] productCode, [p:string] productVersion, [p:string] locale, [p:string] brandingPackage)","ArgIndex":1},{"Method":"0M:static [p:void] [MSHelpSystem.Core.HelpLibraryManager, HelpViewer].InitializeLocaleStore([p:string] productCode, [p:string] productVersion, [p:string] locale, [p:string] brandingPackage)","ArgIndex":2},{"Method":"0M:static [p:void] [MSHelpSystem.Core.HelpLibraryManager, HelpViewer].InitializeLocaleStore([p:string] productCode, [p:string] productVersion, [p:string] locale, [p:string] brandingPackage)","ArgIndex":3}]}