{"Type":"0T:p:string","ClassCtx":"0T:MSHelpSystem.Core.HelpLibraryManager, HelpViewer","MethodCtx":"0M:static [p:void] [MSHelpSystem.Core.HelpLibraryManager, HelpViewer].InstallHelpDocumentsFromLocalSource([p:string] productCode, [p:string] productVersion, [p:string] locale, [p:string] sourceMedia)","Definition":{"Type":"METHOD_PARAMETER","Member":"0M:static [p:void] [MSHelpSystem.Core.HelpLibraryManager, HelpViewer].InstallHelpDocumentsFromLocalSource([p:string] productCode, [p:string] productVersion, [p:string] locale, [p:string] sourceMedia)","ArgIndex":3},"CallParameters":[{"Method":"0M:static [p:void] [MSHelpSystem.Core.HelpLibraryManager, HelpViewer].InstallHelpDocumentsFromLocalSource([p:string] productCode, [p:string] productVersion, [p:string] locale, [p:string] sourceMedia, [p:string] brandingPackage)","ArgIndex":4},{"Method":"0M:static [p:void] [MSHelpSystem.Core.HelpLibraryManager, HelpViewer].InstallHelpDocumentsFromLocalSource([p:string] productCode, [p:string] productVersion, [p:string] locale, [p:string] sourceMedia, [p:string] brandingPackage)","ArgIndex":2},{"Method":"0M:static [p:void] [MSHelpSystem.Core.HelpLibraryManager, HelpViewer].InstallHelpDocumentsFromLocalSource([p:string] productCode, [p:string] productVersion, [p:string] locale, [p:string] sourceMedia, [p:string] brandingPackage)","ArgIndex":3},{"Method":"0M:static [p:void] [MSHelpSystem.Core.HelpLibraryManager, HelpViewer].InstallHelpDocumentsFromLocalSource([p:string] productCode, [p:string] productVersion, [p:string] locale, [p:string] sourceMedia, [p:string] brandingPackage)","ArgIndex":0},{"Method":"0M:static [p:void] [MSHelpSystem.Core.HelpLibraryManager, HelpViewer].InstallHelpDocumentsFromLocalSource([p:string] productCode, [p:string] productVersion, [p:string] locale, [p:string] sourceMedia, [p:string] brandingPackage)","ArgIndex":1}]}