{"Type":"0T:p:string","ClassCtx":"0T:MSHelpSystem.Core.HelpLibraryManager, HelpViewer","MethodCtx":"0M:static [p:void] [MSHelpSystem.Core.HelpLibraryManager, HelpViewer].InstallHelpDocumentsFromWebSource([p:string] productCode, [p:string] productVersion, [p:string] locale, [p:string] sourceWeb, [p:string] brandingPackage)","Definition":{"Type":"RETURN_VALUE","Member":"0M:static [p:string] [p:string].Format([p:string] format, [p:object] arg0)"},"CallParameters":[{"Method":"0M:static [p:string] [p:string].Format([p:string] format, params [p:object[]] args)","ArgIndex":0},{"Method":"0M:static [p:string] [p:string].Format([p:string] format, params [p:object[]] args)","ArgIndex":1},{"Method":"0M:static [p:string] [p:string].Format([p:string] format, [p:object] arg0)","ArgIndex":0},{"Method":"0M:static [p:int] [MSHelpSystem.Core.HelpLibraryManager, HelpViewer].HelpLibManagerProcessRunner([p:string] arguments)","ArgIndex":0},{"Method":"0M:static [p:bool] [p:string].IsNullOrEmpty([p:string] value)","ArgIndex":0},{"Method":"0M:static [p:bool] [System.Text.RegularExpressions.Regex, System, 4.0.0.0].IsMatch([p:string] input, [p:string] pattern, [e:System.Text.RegularExpressions.RegexOptions, System, 4.0.0.0] options)","ArgIndex":0}]}