{"Type":"0T:p:string","ClassCtx":"0T:MSHelpSystem.Core.HelpLibraryManager, HelpViewer","MethodCtx":"0M:static [p:int] [MSHelpSystem.Core.HelpLibraryManager, HelpViewer].HelpLibManagerProcessRunner([p:string] arguments)","Definition":{"Type":"METHOD_PARAMETER","Member":"0M:static [p:int] [MSHelpSystem.Core.HelpLibraryManager, HelpViewer].HelpLibManagerProcessRunner([p:string] arguments)","ArgIndex":0},"CallParameters":[{"Method":"0M:static [p:int] [MSHelpSystem.Core.HelpLibraryManager, HelpViewer].HelpLibManagerProcessRunner([p:string] arguments, [p:bool] silent)","ArgIndex":0}]}