{"Type":"0T:p:string","ClassCtx":"0T:MSHelpSystem.Core.HelpLibraryAgent, HelpViewer","MethodCtx":"0M:[p:int] [MSHelpSystem.Core.HelpLibraryAgent, HelpViewer].PortNumber__get__()","Definition":{"Type":"RETURN_VALUE","Member":"0M:static [p:string] [p:string].Format([p:string] format, [p:object] arg0)"},"CallParameters":[{"Method":"0M:static [p:int] [System.Convert, mscorlib, 4.0.0.0].ToInt32([p:string] value)","ArgIndex":0},{"Method":"0M:static [p:string] [p:string].Format([p:string] format, [p:object] arg0)","ArgIndex":0}]}