{"Type":"0T:p:string","ClassCtx":"0T:MSHelpSystem.Core.HelpLibraryAgent, HelpViewer","MethodCtx":"0M:[p:string] [MSHelpSystem.Core.HelpLibraryAgent, HelpViewer].CurrentViewer__get__()","Definition":{"Type":"RETURN_VALUE","Member":"0M:static [p:string] [p:string].Format([p:string] format, [p:object] arg0)"},"CallParameters":[{"Method":"0M:static [p:string] [p:string].Format([p:string] format, [p:object] arg0)","ArgIndex":0},{"Method":"0M:[p:object] [Microsoft.Win32.RegistryKey, mscorlib, 4.0.0.0].GetValue([p:string] name, [p:object] defaultValue)","ArgIndex":0},{"Method":"0M:static [p:bool] [p:string].IsNullOrEmpty([p:string] value)","ArgIndex":0}],"MemberAccesses":[{"Type":"METHOD_CALL","Member":"0M:[p:int] [p:string].LastIndexOf([p:char] value)"},{"Type":"METHOD_CALL","Member":"0M:[p:int] [p:string].LastIndexOf([p:char] value)"},{"Type":"METHOD_CALL","Member":"0M:[p:string] [p:string].Substring([p:int] startIndex, [p:int] length)"},{"Type":"METHOD_CALL","Member":"0M:[p:char[]] [p:string].ToCharArray()"},{"Type":"METHOD_CALL","Member":"0M:[p:string] [p:string].Trim(params [p:char[]] trimChars)"}]}