{"Type":"0T:p:string","ClassCtx":"0T:MSHelpSystem.Core.HelpLibraryAgent, HelpViewer","MethodCtx":"0M:static [p:bool] [MSHelpSystem.Core.HelpLibraryAgent, HelpViewer].Start()","Definition":{"Type":"RETURN_VALUE","Member":"0M:static [p:string] [p:string].Format([p:string] format, [p:object] arg0)"},"CallParameters":[{"Method":"0M:static [System.Diagnostics.Process, System, 4.0.0.0] [System.Diagnostics.Process, System, 4.0.0.0].Start([p:string] fileName)","ArgIndex":0},{"Method":"0M:static [p:string] [p:string].Format([p:string] format, [p:object] arg0)","ArgIndex":0}]}