{"Type":"0T:p:string","ClassCtx":"0T:MSHelpSystem.Help3OptionsPanel, HelpViewer","MethodCtx":"0M:[p:void] [MSHelpSystem.Help3OptionsPanel, HelpViewer].Help3UseExternalHelpClicked([p:object] sender, [System.Windows.RoutedEventArgs, PresentationCore, 4.0.0.0] e)","Definition":{"Type":"RETURN_VALUE","Member":"0M:static [p:string] [p:string].Format([p:string] format, [p:object] arg0)"},"CallParameters":[{"Method":"0M:static [p:string] [p:string].Format([p:string] format, [p:object] arg0)","ArgIndex":0}]}