{"Type":"0T:System.Diagnostics.StackTrace, mscorlib, 4.0.0.0","ClassCtx":"0T:OxyPlot.GtkSharp.PlotView, OxyPlot.GtkSharp3_NET40","MethodCtx":"0M:[p:void] [OxyPlot.GtkSharp.PlotView, OxyPlot.GtkSharp3_NET40].DrawPlot([?] cr)","Definition":{"Type":"NEW","Member":"0M:[p:void] [System.Diagnostics.StackTrace, mscorlib, 4.0.0.0]..ctor([System.Exception, mscorlib, 4.0.0.0] e)"},"CallParameters":[{"Method":"0M:static [p:void] [System.Diagnostics.Debug, System, 4.0.0.0].WriteLine([p:object] value)","ArgIndex":0}]}