{"Type":"0T:System.Windows.RoutedEventArgs, PresentationCore, 4.0.0.0","ClassCtx":"0T:MSHelpSystem.Help3OptionsPanel, HelpViewer","MethodCtx":"0M:[p:void] [MSHelpSystem.Help3OptionsPanel, HelpViewer].Help3OfflineModeClicked([p:object] sender, [System.Windows.RoutedEventArgs, PresentationCore, 4.0.0.0] e)","Definition":{"Type":"METHOD_PARAMETER","Member":"0M:[p:void] [MSHelpSystem.Help3OptionsPanel, HelpViewer].Help3OfflineModeClicked([p:object] sender, [System.Windows.RoutedEventArgs, PresentationCore, 4.0.0.0] e)","ArgIndex":1}}