{"Type":"0T:e:System.ComponentModel.DataAnnotations.DataType, System.ComponentModel.DataAnnotations, 4.0.0.0","ClassCtx":"0T:Apress.Recipes.WebApi.Areas.HelpPage.ModelDescriptions.ModelDescriptionGenerator, Apress.Recipes.WebApi","MethodCtx":"0M:[TResult] [d:[TResult] [System.Func`2[[T],[TResult]], mscorlib, 4.0.0.0].([T] arg)].Invoke([T] arg)","Definition":{"Type":"MEMBER_ACCESS","Member":"0P:get [e:System.ComponentModel.DataAnnotations.DataType, System.ComponentModel.DataAnnotations, 4.0.0.0] [System.ComponentModel.DataAnnotations.DataTypeAttribute, System.ComponentModel.DataAnnotations, 4.0.0.0].DataType()"},"MemberAccesses":[{"Type":"METHOD_CALL","Member":"0M:[p:string] [System.Enum, mscorlib, 4.0.0.0].ToString()"}]}