{"Type":"0T:System.Threading.ManualResetEvent, mscorlib, 4.0.0.0","ClassCtx":"0T:ExampleLibrary.TileMapAnnotation, ExampleLibrary_NET40","MethodCtx":"0M:[OxyPlot.OxyImage, OxyPlot_NET40] [ExampleLibrary.TileMapAnnotation, ExampleLibrary_NET40].Download([p:string] uri)","Definition":{"Type":"NEW","Member":"0M:[p:void] [System.Threading.ManualResetEvent, mscorlib, 4.0.0.0]..ctor([p:bool] initialState)"},"MemberAccesses":[{"Type":"METHOD_CALL","Member":"0M:[p:bool] [System.Threading.WaitHandle, mscorlib, 4.0.0.0].WaitOne()"}]}