{"Type":"0T:System.Collections.Generic.List`1[[T]], mscorlib, 4.0.0.0","ClassCtx":"0T:OxyPlot.Reporting.TableOfContents, OxyPlot_NET40","MethodCtx":"0M:[p:void] [OxyPlot.Reporting.ReportItem, OxyPlot_NET40].Update()","Definition":{"Type":"MEMBER_ACCESS","Member":"0P:set get [System.Collections.Generic.List`1[[T]], mscorlib, 4.0.0.0] [OxyPlot.Reporting.TableOfContents, OxyPlot_NET40].Contents()"},"MemberAccesses":[{"Type":"METHOD_CALL","Member":"0M:[p:void] [System.Collections.Generic.List`1[[T]], mscorlib, 4.0.0.0].Clear()"}]}