{"Type":"0T:System.Collections.Generic.List`1[[T]], mscorlib, 4.0.0.0","ClassCtx":"0T:OxyPlot.Series.LinearBarSeries, OxyPlot_NET40","MethodCtx":"0M:static [s:OxyPlot.ScreenPoint, OxyPlot_NET40] [OxyPlot.Series.LinearBarSeries, OxyPlot_NET40].Translate([s:OxyPlot.ScreenPoint, OxyPlot_NET40] screenPoint, [p:double] offset)","Definition":{"Type":"MEMBER_ACCESS","Member":"0F:[System.Collections.Generic.List`1[[T]], mscorlib, 4.0.0.0] [OxyPlot.Series.LinearBarSeries, OxyPlot_NET40].rectanglesPointIndexes"}}