{"Type":"0T:System.Collections.Generic.List`1[[T]], mscorlib, 4.0.0.0","ClassCtx":"0T:OxyPlot.Annotations.PathAnnotation, OxyPlot_NET40","MethodCtx":"0M:[p:void] [OxyPlot.Annotations.Annotation, OxyPlot_NET40].Render([i:OxyPlot.IRenderContext, OxyPlot_NET40] rc)","Definition":{"Type":"NEW","Member":"0M:[p:void] [System.Collections.Generic.List`1[[T]], mscorlib, 4.0.0.0]..ctor()"},"CallParameters":[{"Method":"0M:static [p:bool] [OxyPlot.Annotations.PathAnnotation, OxyPlot_NET40].GetPointAtRelativeDistance([i:System.Collections.Generic.IList`1[[T]], mscorlib, 4.0.0.0] pts, [p:double] p, [p:double] margin, out [s:OxyPlot.ScreenPoint, OxyPlot_NET40] position, out [p:double] angle)","ArgIndex":0}]}