{"Type":"0T:System.Collections.Generic.List`1[[T]], mscorlib, 4.0.0.0","ClassCtx":"0T:OxyPlot.Series.LinearBarSeries, OxyPlot_NET40","MethodCtx":"0M:[p:void] [OxyPlot.Series.LinearBarSeries, OxyPlot_NET40].RenderBars([i:OxyPlot.IRenderContext, OxyPlot_NET40] rc, [s:OxyPlot.OxyRect, OxyPlot_NET40] clippingRect, [System.Collections.Generic.List`1[[T]], mscorlib, 4.0.0.0] actualPoints)","Definition":{"Type":"MEMBER_ACCESS","Member":"0F:[System.Collections.Generic.List`1[[T]], mscorlib, 4.0.0.0] [OxyPlot.Series.LinearBarSeries, OxyPlot_NET40].rectanglesPointIndexes"},"CallParameters":[{"Method":"0M:[p:double] [OxyPlot.Series.LinearBarSeries, OxyPlot_NET40].GetBarWidth([System.Collections.Generic.List`1[[T]], mscorlib, 4.0.0.0] actualPoints)","ArgIndex":0}],"MemberAccesses":[{"Type":"MEMBER_REFERENCE","Member":"0P:get [p:int] [System.Collections.Generic.List`1[[T]], mscorlib, 4.0.0.0].Count()"},{"Type":"METHOD_CALL","Member":"0M:[p:void] [System.Collections.Generic.List`1[[T]], mscorlib, 4.0.0.0].Add([T] item)"},{"Type":"METHOD_CALL","Member":"0M:[p:void] [System.Collections.Generic.List`1[[T]], mscorlib, 4.0.0.0].Add([T] item)"}]}