{"Type":"0T:System.Collections.Generic.List`1[[T]], mscorlib, 4.0.0.0","ClassCtx":"0T:OxyPlot.Series.LinearBarSeries, OxyPlot_NET40","MethodCtx":"0M:[p:double] [OxyPlot.Series.LinearBarSeries, OxyPlot_NET40].GetBarWidth([System.Collections.Generic.List`1[[T]], mscorlib, 4.0.0.0] actualPoints)","Definition":{"Type":"METHOD_PARAMETER","Member":"0M:[p:double] [OxyPlot.Series.LinearBarSeries, OxyPlot_NET40].GetBarWidth([System.Collections.Generic.List`1[[T]], mscorlib, 4.0.0.0] actualPoints)","ArgIndex":0},"MemberAccesses":[{"Type":"MEMBER_REFERENCE","Member":"0P:get [p:int] [System.Collections.Generic.List`1[[T]], mscorlib, 4.0.0.0].Count()"}]}