{"Type":"0T:System.Collections.Generic.List`1[[T]], mscorlib, 4.0.0.0","ClassCtx":"0T:OxyPlot.Series.ScatterErrorSeries, OxyPlot_NET40","MethodCtx":"0M:[p:void] [OxyPlot.Series.ScatterErrorSeries, OxyPlot_NET40].SelectAll([d:[TResult] [System.Func`2[[T],[TResult]], mscorlib, 4.0.0.0].([T] arg)] func)","Definition":{"Type":"MEMBER_ACCESS","Member":"0P:get [System.Collections.Generic.List`1[[T]], mscorlib, 4.0.0.0] [OxyPlot.Series.ScatterSeries`1[[T]], OxyPlot_NET40].Points()"},"CallParameters":[{"Method":"0M:static [i:System.Collections.Generic.IEnumerable`1[[T]], mscorlib, 4.0.0.0] [System.Linq.Enumerable, System.Core, 4.0.0.0].Where`1[[TSource]](this [i:System.Collections.Generic.IEnumerable`1[[T]], mscorlib, 4.0.0.0] source, [d:[TResult] [System.Func`2[[T],[TResult]], mscorlib, 4.0.0.0].([T] arg)] predicate)","ArgIndex":0}],"MemberAccesses":[{"Type":"METHOD_CALL","Member":"0M:[p:int] [System.Collections.Generic.List`1[[T]], mscorlib, 4.0.0.0].IndexOf([T] item)"}]}