{"Type":"0T:System.Collections.Generic.List`1[[T]], mscorlib, 4.0.0.0","ClassCtx":"0T:OxyPlot.Series.ScatterSeries`1[[T]], OxyPlot_NET40","MethodCtx":"0M:[System.Collections.ObjectModel.ReadOnlyCollection`1[[T]], mscorlib, 4.0.0.0] [OxyPlot.Series.ScatterSeries`1[[T]], OxyPlot_NET40].ActualPoints__get__()","Definition":{"Type":"MEMBER_ACCESS","Member":"0P:set get [System.Collections.Generic.List`1[[T]], mscorlib, 4.0.0.0] [OxyPlot.Series.ScatterSeries`1[[T]], OxyPlot_NET40].ItemsSourcePoints()"},"CallParameters":[{"Method":"0M:[p:void] [System.Collections.ObjectModel.ReadOnlyCollection`1[[T]], mscorlib, 4.0.0.0]..ctor([i:System.Collections.Generic.IList`1[[T]], mscorlib, 4.0.0.0] list)","ArgIndex":0}]}