{"Type":"0T:System.Collections.Generic.List`1[[T]], mscorlib, 4.0.0.0","ClassCtx":"0T:OxyPlot.ElementCollectionChangedEventArgs`1[[T]], OxyPlot_NET40","MethodCtx":"0M:[System.Collections.Generic.List`1[[T]], mscorlib, 4.0.0.0] [OxyPlot.ElementCollectionChangedEventArgs`1[[T]], OxyPlot_NET40].AddedItems__get__()","Definition":{"Type":"MEMBER_ACCESS","Member":"0P:set get [System.Collections.Generic.List`1[[T]], mscorlib, 4.0.0.0] [OxyPlot.ElementCollectionChangedEventArgs`1[[T]], OxyPlot_NET40].RemovedItems()"}}