{"Type":"0T:System.Collections.Generic.List`1[[T]], mscorlib, 4.0.0.0","ClassCtx":"0T:OxyPlot.ElementCollectionChangedEventArgs`1[[T]], OxyPlot_NET40","MethodCtx":"0M:[p:void] [OxyPlot.ElementCollectionChangedEventArgs`1[[T]], OxyPlot_NET40].RemovedItems__set__([System.Collections.Generic.List`1[[T]], mscorlib, 4.0.0.0] value)","Definition":{"Type":"METHOD_PARAMETER","Member":"0M:[p:void] [OxyPlot.ElementCollectionChangedEventArgs`1[[T]], OxyPlot_NET40].RemovedItems__set__([System.Collections.Generic.List`1[[T]], mscorlib, 4.0.0.0] value)","ArgIndex":0}}