{"Type":"0T:System.Collections.Generic.List`1[[T]], mscorlib, 4.0.0.0","ClassCtx":"0T:OxyPlot.ElementCollectionChangedEventArgs`1[[T]], OxyPlot_NET40","MethodCtx":"0M:[p:void] [OxyPlot.ElementCollectionChangedEventArgs`1[[T]], OxyPlot_NET40]..ctor([i:System.Collections.Generic.IEnumerable`1[[T]], mscorlib, 4.0.0.0] addedItems, [i:System.Collections.Generic.IEnumerable`1[[T]], mscorlib, 4.0.0.0] removedItems)","Definition":{"Type":"NEW","Member":"0M:[p:void] [System.Collections.Generic.List`1[[T]], mscorlib, 4.0.0.0]..ctor([i:System.Collections.Generic.IEnumerable`1[[T]], mscorlib, 4.0.0.0] collection)"}}