{"Type":"0T:System.Collections.Generic.List`1[[T]], mscorlib, 4.0.0.0","ClassCtx":"0T:OxyPlot.Series.BoxPlotSeries, OxyPlot_NET40","MethodCtx":"0M:[p:bool] [OxyPlot.Series.BoxPlotSeries, OxyPlot_NET40].IsValidPoint([OxyPlot.Series.BoxPlotItem, OxyPlot_NET40] item, [OxyPlot.Axes.Axis, OxyPlot_NET40] xaxis, [OxyPlot.Axes.Axis, OxyPlot_NET40] yaxis)","Definition":{"Type":"MEMBER_ACCESS","Member":"0F:[System.Collections.Generic.List`1[[T]], mscorlib, 4.0.0.0] [OxyPlot.Series.BoxPlotSeries, OxyPlot_NET40].itemsSourceItems"}}