{"Type":"0T:System.Collections.Generic.List`1[[T]], mscorlib, 4.0.0.0","ClassCtx":"0T:OxyPlot.Series.BoxPlotSeries, OxyPlot_NET40","MethodCtx":"0M:[p:void] [OxyPlot.Series.Series, OxyPlot_NET40].UpdateData()","Definition":{"Type":"MEMBER_ACCESS","Member":"0F:[System.Collections.Generic.List`1[[T]], mscorlib, 4.0.0.0] [OxyPlot.Series.BoxPlotSeries, OxyPlot_NET40].itemsSourceItems"},"MemberAccesses":[{"Type":"METHOD_CALL","Member":"0M:[p:void] [System.Collections.Generic.List`1[[T]], mscorlib, 4.0.0.0].AddRange([i:System.Collections.Generic.IEnumerable`1[[T]], mscorlib, 4.0.0.0] collection)"}]}