{"Type":"0T:System.Collections.Generic.List`1[[T]], mscorlib, 4.0.0.0","ClassCtx":"0T:OxyPlot.Series.AreaSeries, OxyPlot_NET40","MethodCtx":"0M:[p:void] [OxyPlot.Series.Series, OxyPlot_NET40].UpdateMaxMin()","Definition":{"Type":"MEMBER_ACCESS","Member":"0P:get [System.Collections.Generic.List`1[[T]], mscorlib, 4.0.0.0] [OxyPlot.Series.AreaSeries, OxyPlot_NET40].ActualPoints2()"},"CallParameters":[{"Method":"0M:[p:void] [OxyPlot.Series.XYAxisSeries, OxyPlot_NET40].InternalUpdateMaxMin([System.Collections.Generic.List`1[[T]], mscorlib, 4.0.0.0] points)","ArgIndex":0}]}