{"Type":"0T:System.Collections.Generic.List`1[[T]], mscorlib, 4.0.0.0","ClassCtx":"0T:OxyPlot.Series.AreaSeries, OxyPlot_NET40","MethodCtx":"0M:[i:System.Collections.Generic.IEnumerable`1[[T]], mscorlib, 4.0.0.0] [OxyPlot.Series.AreaSeries, OxyPlot_NET40].Split`1[[T]]([i:System.Collections.Generic.IEnumerable`1[[T]], mscorlib, 4.0.0.0] source, [d:[TResult] [System.Func`2[[T],[TResult]], mscorlib, 4.0.0.0].([T] arg)] splitCondition)","Definition":{"Type":"MEMBER_ACCESS","Member":"0P:get [System.Collections.Generic.List`1[[T]], mscorlib, 4.0.0.0] [OxyPlot.Series.AreaSeries, OxyPlot_NET40].ActualPoints2()"}}