{"Type":"0T:System.Collections.Generic.List`1[[T]], mscorlib, 4.0.0.0","ClassCtx":"0T:OxyPlot.Series.ContourSeries, OxyPlot_NET40","MethodCtx":"0M:[p:void] [OxyPlot.Series.Series, OxyPlot_NET40].Render([i:OxyPlot.IRenderContext, OxyPlot_NET40] rc)","Definition":{"Type":"MEMBER_ACCESS","Member":"0F:[System.Collections.Generic.List`1[[T]], mscorlib, 4.0.0.0] [OxyPlot.Series.ContourSeries+Contour, OxyPlot_NET40].Points"},"CallParameters":[{"Method":"0M:[p:void] [OxyPlot.Series.ContourSeries, OxyPlot_NET40].AddContourLabels([OxyPlot.Series.ContourSeries+Contour, OxyPlot_NET40] contour, [s:OxyPlot.ScreenPoint[], OxyPlot_NET40] pts, [s:OxyPlot.OxyRect, OxyPlot_NET40] clippingRect, [i:System.Collections.Generic.ICollection`1[[T]], mscorlib, 4.0.0.0] contourLabels)","ArgIndex":3},{"Method":"0M:static [i:System.Collections.Generic.IEnumerable`1[[T]], mscorlib, 4.0.0.0] [System.Linq.Enumerable, System.Core, 4.0.0.0].Select`2[[TSource],[TResult]](this [i:System.Collections.Generic.IEnumerable`1[[T]], mscorlib, 4.0.0.0] source, [d:[TResult] [System.Func`2[[T],[TResult]], mscorlib, 4.0.0.0].([T] arg)] selector)","ArgIndex":0}],"MemberAccesses":[{"Type":"MEMBER_REFERENCE","Member":"0P:get [p:int] [System.Collections.Generic.List`1[[T]], mscorlib, 4.0.0.0].Count()"}]}