{"Type":"0T:System.Collections.Generic.List`1[[T]], mscorlib, 4.0.0.0","ClassCtx":"0T:OxyPlot.Series.ContourSeries, OxyPlot_NET40","MethodCtx":"0M:[OxyPlot.Series.ContourSeries+ContourSegment, OxyPlot_NET40] [OxyPlot.Series.ContourSeries, OxyPlot_NET40].FindConnectedSegment([s:OxyPlot.DataPoint, OxyPlot_NET40] point, [p:double] contourLevel, [p:double] eps, out [p:bool] reverse)","Definition":{"Type":"MEMBER_ACCESS","Member":"0F:[System.Collections.Generic.List`1[[T]], mscorlib, 4.0.0.0] [OxyPlot.Series.ContourSeries, OxyPlot_NET40].segments"}}