{"Type":"0T:System.Collections.Generic.List`1[[T]], mscorlib, 4.0.0.0","ClassCtx":"0T:OxyPlot.Series.ContourSeries, OxyPlot_NET40","MethodCtx":"0M:[p:void] [OxyPlot.Series.ContourSeries, OxyPlot_NET40].RenderLabelBackground([i:OxyPlot.IRenderContext, OxyPlot_NET40] rc, [OxyPlot.Series.ContourSeries+ContourLabel, OxyPlot_NET40] cl)","Definition":{"Type":"MEMBER_ACCESS","Member":"0F:[System.Collections.Generic.List`1[[T]], mscorlib, 4.0.0.0] [OxyPlot.Series.ContourSeries, OxyPlot_NET40].segments"}}