{"Type":"0T:System.Collections.Generic.List`1[[T]], mscorlib, 4.0.0.0","ClassCtx":"0T:OxyPlot.Series.ContourSeries, OxyPlot_NET40","MethodCtx":"0M:[p:void] [d:[p:void] [System.Action`5[[T1],[T2],[T3],[T4],[T5]], mscorlib, 4.0.0.0].([T1] arg1, [T2] arg2, [T3] arg3, [T4] arg4, [T5] arg5)].Invoke([T1] arg1, [T2] arg2, [T3] arg3, [T4] arg4, [T5] arg5)","Definition":{"Type":"MEMBER_ACCESS","Member":"0F:[System.Collections.Generic.List`1[[T]], mscorlib, 4.0.0.0] [OxyPlot.Series.ContourSeries, OxyPlot_NET40].segments"},"MemberAccesses":[{"Type":"METHOD_CALL","Member":"0M:[p:void] [System.Collections.Generic.List`1[[T]], mscorlib, 4.0.0.0].Add([T] item)"}]}