{"Type":"0T:System.Collections.Generic.List`1[[T]], mscorlib, 4.0.0.0","ClassCtx":"0T:OxyPlot.Series.DataPointSeries, OxyPlot_NET40","MethodCtx":"0M:[p:void] [OxyPlot.Series.DataPointSeries, OxyPlot_NET40].UpdateItemsSourcePoints()","Definition":{"Type":"MEMBER_ACCESS","Member":"0F:[System.Collections.Generic.List`1[[T]], mscorlib, 4.0.0.0] [OxyPlot.Series.DataPointSeries, OxyPlot_NET40].itemsSourcePoints"},"CallParameters":[{"Method":"0M:static [p:void] [OxyPlot.ReflectionExtensions, OxyPlot_NET40].AddRange(this [System.Collections.Generic.List`1[[T]], mscorlib, 4.0.0.0] target, [i:System.Collections.IEnumerable, mscorlib, 4.0.0.0] itemsSource, [p:string] dataFieldX, [p:string] dataFieldY)","ArgIndex":0}],"MemberAccesses":[{"Type":"METHOD_CALL","Member":"0M:[p:void] [System.Collections.Generic.List`1[[T]], mscorlib, 4.0.0.0].Add([T] item)"},{"Type":"METHOD_CALL","Member":"0M:[p:void] [System.Collections.Generic.List`1[[T]], mscorlib, 4.0.0.0].AddRange([i:System.Collections.Generic.IEnumerable`1[[T]], mscorlib, 4.0.0.0] collection)"},{"Type":"METHOD_CALL","Member":"0M:[p:void] [System.Collections.Generic.List`1[[T]], mscorlib, 4.0.0.0].Add([T] item)"},{"Type":"METHOD_CALL","Member":"0M:[p:void] [System.Collections.Generic.List`1[[T]], mscorlib, 4.0.0.0].Add([T] item)"}]}