{"Type":"0T:System.Collections.Generic.List`1[[T]], mscorlib, 4.0.0.0","ClassCtx":"0T:OxyPlot.Series.StemSeries, OxyPlot_NET40","MethodCtx":"0M:[p:void] [OxyPlot.Series.Series, OxyPlot_NET40].Render([i:OxyPlot.IRenderContext, OxyPlot_NET40] rc)","Definition":{"Type":"MEMBER_ACCESS","Member":"0P:get [System.Collections.Generic.List`1[[T]], mscorlib, 4.0.0.0] [OxyPlot.Series.DataPointSeries, OxyPlot_NET40].ActualPoints()"},"CallParameters":[{"Method":"0M:static [p:void] [OxyPlot.RenderingExtensions, OxyPlot_NET40].DrawMarkers(this [i:OxyPlot.IRenderContext, OxyPlot_NET40] rc, [s:OxyPlot.OxyRect, OxyPlot_NET40] clippingRectangle, [i:System.Collections.Generic.IList`1[[T]], mscorlib, 4.0.0.0] markerPoints, [e:OxyPlot.MarkerType, OxyPlot_NET40] markerType, [i:System.Collections.Generic.IList`1[[T]], mscorlib, 4.0.0.0] markerOutline, [i:System.Collections.Generic.IList`1[[T]], mscorlib, 4.0.0.0] markerSize, [s:OxyPlot.OxyColor, OxyPlot_NET40] markerFill, [s:OxyPlot.OxyColor, OxyPlot_NET40] markerStroke, [p:double] markerStrokeThickness, opt [p:int] resolution, opt [s:OxyPlot.ScreenPoint, OxyPlot_NET40] binOffset)","ArgIndex":2}],"MemberAccesses":[{"Type":"MEMBER_REFERENCE","Member":"0P:get [p:int] [System.Collections.Generic.List`1[[T]], mscorlib, 4.0.0.0].Count()"},{"Type":"METHOD_CALL","Member":"0M:[p:void] [System.Collections.Generic.List`1[[T]], mscorlib, 4.0.0.0].Add([T] item)"}]}