{"Type":"0T:System.Collections.Generic.List`1[[T]], mscorlib, 4.0.0.0","ClassCtx":"0T:OxyPlot.Series.XYAxisSeries, OxyPlot_NET40","MethodCtx":"0M:[OxyPlot.TrackerHitResult, OxyPlot_NET40] [OxyPlot.Series.XYAxisSeries, OxyPlot_NET40].GetNearestInterpolatedPointInternal([System.Collections.Generic.List`1[[T]], mscorlib, 4.0.0.0] points, [s:OxyPlot.ScreenPoint, OxyPlot_NET40] point)","Definition":{"Type":"METHOD_PARAMETER","Member":"0M:[OxyPlot.TrackerHitResult, OxyPlot_NET40] [OxyPlot.Series.XYAxisSeries, OxyPlot_NET40].GetNearestInterpolatedPointInternal([System.Collections.Generic.List`1[[T]], mscorlib, 4.0.0.0] points, [s:OxyPlot.ScreenPoint, OxyPlot_NET40] point)","ArgIndex":0},"MemberAccesses":[{"Type":"MEMBER_REFERENCE","Member":"0P:get [p:int] [System.Collections.Generic.List`1[[T]], mscorlib, 4.0.0.0].Count()"}]}