{"Type":"0T:System.Collections.Generic.List`1[[T]], mscorlib, 4.0.0.0","ClassCtx":"0T:OxyPlot.Series.XYAxisSeries, OxyPlot_NET40","MethodCtx":"0M:[p:void] [OxyPlot.Series.XYAxisSeries, OxyPlot_NET40].InternalUpdateMaxMin([System.Collections.Generic.List`1[[T]], mscorlib, 4.0.0.0] points)","Definition":{"Type":"METHOD_PARAMETER","Member":"0M:[p:void] [OxyPlot.Series.XYAxisSeries, OxyPlot_NET40].InternalUpdateMaxMin([System.Collections.Generic.List`1[[T]], mscorlib, 4.0.0.0] points)","ArgIndex":0},"MemberAccesses":[{"Type":"MEMBER_REFERENCE","Member":"0P:get [p:int] [System.Collections.Generic.List`1[[T]], mscorlib, 4.0.0.0].Count()"}]}