{"Type":"0T:System.Collections.Generic.List`1[[T]], mscorlib, 4.0.0.0","ClassCtx":"0T:OxyPlot.Series.XYAxisSeries, OxyPlot_NET40","MethodCtx":"0M:[p:void] [OxyPlot.Series.XYAxisSeries, OxyPlot_NET40].InternalUpdateMaxMin`1[[T]]([System.Collections.Generic.List`1[[T]], mscorlib, 4.0.0.0] items, [d:[TResult] [System.Func`2[[T],[TResult]], mscorlib, 4.0.0.0].([T] arg)] xf, [d:[TResult] [System.Func`2[[T],[TResult]], mscorlib, 4.0.0.0].([T] arg)] yf)","Definition":{"Type":"METHOD_PARAMETER","Member":"0M:[p:void] [OxyPlot.Series.XYAxisSeries, OxyPlot_NET40].InternalUpdateMaxMin`1[[T]]([System.Collections.Generic.List`1[[T]], mscorlib, 4.0.0.0] items, [d:[TResult] [System.Func`2[[T],[TResult]], mscorlib, 4.0.0.0].([T] arg)] xf, [d:[TResult] [System.Func`2[[T],[TResult]], mscorlib, 4.0.0.0].([T] arg)] yf)","ArgIndex":0},"MemberAccesses":[{"Type":"MEMBER_REFERENCE","Member":"0P:get [p:int] [System.Collections.Generic.List`1[[T]], mscorlib, 4.0.0.0].Count()"}]}