{"Type":"0T:System.Collections.Generic.List`1[[T]], mscorlib, 4.0.0.0","ClassCtx":"0T:OxyPlot.ElementCollection`1[[T]], OxyPlot_NET40","MethodCtx":"0M:[p:void] [OxyPlot.ElementCollection`1[[T]], OxyPlot_NET40].RaiseCollectionChanged(opt [i:System.Collections.Generic.IEnumerable`1[[T]], mscorlib, 4.0.0.0] addedItems, opt [i:System.Collections.Generic.IEnumerable`1[[T]], mscorlib, 4.0.0.0] removedItems)","Definition":{"Type":"MEMBER_ACCESS","Member":"0F:[System.Collections.Generic.List`1[[T]], mscorlib, 4.0.0.0] [OxyPlot.ElementCollection`1[[T]], OxyPlot_NET40].internalList"}}