{"Type":"0T:System.Collections.Generic.List`1[[T]], mscorlib, 4.0.0.0","ClassCtx":"0T:OxyPlot.Series.PieSeries, OxyPlot_NET40","MethodCtx":"0M:[OxyPlot.TrackerHitResult, OxyPlot_NET40] [OxyPlot.Series.Series, OxyPlot_NET40].GetNearestPoint([s:OxyPlot.ScreenPoint, OxyPlot_NET40] point, [p:bool] interpolate)","Definition":{"Type":"MEMBER_ACCESS","Member":"0F:[System.Collections.Generic.List`1[[T]], mscorlib, 4.0.0.0] [OxyPlot.Series.PieSeries, OxyPlot_NET40].slicePoints"},"MemberAccesses":[{"Type":"MEMBER_REFERENCE","Member":"0P:get [p:int] [System.Collections.Generic.List`1[[T]], mscorlib, 4.0.0.0].Count()"}]}