{"Type":"0T:System.Collections.Generic.List`1[[T]], mscorlib, 4.0.0.0","ClassCtx":"0T:OxyPlot.Series.FunctionSeries, OxyPlot_NET40","MethodCtx":"0M:[p:void] [OxyPlot.Series.FunctionSeries, OxyPlot_NET40]..ctor([d:[TResult] [System.Func`2[[T],[TResult]], mscorlib, 4.0.0.0].([T] arg)] f, [p:double] x0, [p:double] x1, [p:double] dx, opt [p:string] title)","Definition":{"Type":"MEMBER_ACCESS","Member":"0P:get [System.Collections.Generic.List`1[[T]], mscorlib, 4.0.0.0] [OxyPlot.Series.DataPointSeries, OxyPlot_NET40].Points()"},"MemberAccesses":[{"Type":"METHOD_CALL","Member":"0M:[p:void] [System.Collections.Generic.List`1[[T]], mscorlib, 4.0.0.0].Add([T] item)"}]}