{"Type":"0T:System.Collections.Generic.List`1[[T]], mscorlib, 4.0.0.0","ClassCtx":"0T:OxyPlot.Series.LineSeries, OxyPlot_NET40","MethodCtx":"0M:[OxyPlot.TrackerHitResult, OxyPlot_NET40] [OxyPlot.Series.Series, OxyPlot_NET40].GetNearestPoint([s:OxyPlot.ScreenPoint, OxyPlot_NET40] point, [p:bool] interpolate)","Definition":{"Type":"MEMBER_ACCESS","Member":"0P:get [System.Collections.Generic.List`1[[T]], mscorlib, 4.0.0.0] [OxyPlot.Series.LineSeries, OxyPlot_NET40].SmoothedPoints()"},"CallParameters":[{"Method":"0M:[OxyPlot.TrackerHitResult, OxyPlot_NET40] [OxyPlot.Series.XYAxisSeries, OxyPlot_NET40].GetNearestInterpolatedPointInternal([System.Collections.Generic.List`1[[T]], mscorlib, 4.0.0.0] points, [s:OxyPlot.ScreenPoint, OxyPlot_NET40] point)","ArgIndex":0}]}