{"Type":"0T:System.Collections.Generic.List`1[[T]], mscorlib, 4.0.0.0","ClassCtx":"0T:OxyPlot.ControllerBase, OxyPlot_NET40","MethodCtx":"0M:[i:OxyPlot.IViewCommand, OxyPlot_NET40] [OxyPlot.ControllerBase, OxyPlot_NET40].GetCommand([OxyPlot.OxyInputGesture, OxyPlot_NET40] gesture)","Definition":{"Type":"MEMBER_ACCESS","Member":"0P:set get [System.Collections.Generic.List`1[[T]], mscorlib, 4.0.0.0] [OxyPlot.ControllerBase, OxyPlot_NET40].InputCommandBindings()"},"CallParameters":[{"Method":"0M:static [TSource] [System.Linq.Enumerable, System.Core, 4.0.0.0].FirstOrDefault`1[[TSource]](this [i:System.Collections.Generic.IEnumerable`1[[T]], mscorlib, 4.0.0.0] source, [d:[TResult] [System.Func`2[[T],[TResult]], mscorlib, 4.0.0.0].([T] arg)] predicate)","ArgIndex":0}]}