{"Type":"0T:System.Collections.Generic.List`1[[T]], mscorlib, 4.0.0.0","ClassCtx":"0T:OxyPlot.ControllerBase, OxyPlot_NET40","MethodCtx":"0M:[p:bool] [OxyPlot.ControllerBase, OxyPlot_NET40].HandleCommand([i:OxyPlot.IViewCommand, OxyPlot_NET40] command, [i:OxyPlot.IView, OxyPlot_NET40] view, [OxyPlot.OxyInputEventArgs, OxyPlot_NET40] args)","Definition":{"Type":"MEMBER_ACCESS","Member":"0P:set get [System.Collections.Generic.List`1[[T]], mscorlib, 4.0.0.0] [OxyPlot.ControllerBase, OxyPlot_NET40].InputCommandBindings()"}}