{"Type":"0T:System.Collections.Generic.List`1[[T]], mscorlib, 4.0.0.0","ClassCtx":"0T:OxyPlot.PlotModel, OxyPlot_NET40","MethodCtx":"0M:[p:double] [OxyPlot.PlotModel, OxyPlot_NET40].AdjustAxesPositions([i:OxyPlot.IRenderContext, OxyPlot_NET40] rc, [i:System.Collections.Generic.IList`1[[T]], mscorlib, 4.0.0.0] parallelAxes)","Definition":{"Type":"RETURN_VALUE","Member":"0M:static [System.Collections.Generic.List`1[[T]], mscorlib, 4.0.0.0] [System.Linq.Enumerable, System.Core, 4.0.0.0].ToList`1[[TSource]](this [i:System.Collections.Generic.IEnumerable`1[[T]], mscorlib, 4.0.0.0] source)"},"CallParameters":[{"Method":"0M:static [p:double] [OxyPlot.PlotModel, OxyPlot_NET40].MaxSizeOfPositionTier([i:OxyPlot.IRenderContext, OxyPlot_NET40] rc, [i:System.Collections.Generic.IEnumerable`1[[T]], mscorlib, 4.0.0.0] axesOfPositionTier)","ArgIndex":1}]}