{"Type":"0T:System.Collections.Generic.List`1[[T]], mscorlib, 4.0.0.0","ClassCtx":"0T:OxyPlot.ScreenPointHelper, OxyPlot_NET40","MethodCtx":"0M:static [i:System.Collections.Generic.IList`1[[T]], mscorlib, 4.0.0.0] [OxyPlot.ScreenPointHelper, OxyPlot_NET40].ResamplePoints([i:System.Collections.Generic.IList`1[[T]], mscorlib, 4.0.0.0] allPoints, [p:double] minimumDistance)","Definition":{"Type":"NEW","Member":"0M:[p:void] [System.Collections.Generic.List`1[[T]], mscorlib, 4.0.0.0]..ctor([p:int] capacity)"},"MemberAccesses":[{"Type":"METHOD_CALL","Member":"0M:[p:void] [System.Collections.Generic.List`1[[T]], mscorlib, 4.0.0.0].Add([T] item)"},{"Type":"METHOD_CALL","Member":"0M:[p:void] [System.Collections.Generic.List`1[[T]], mscorlib, 4.0.0.0].Add([T] item)"}]}