{"Type":"0T:System.Collections.Generic.List`1[[T]], mscorlib, 4.0.0.0","ClassCtx":"0T:OxyPlot.CanonicalSplineHelper, OxyPlot_NET40","MethodCtx":"0M:static [System.Collections.Generic.List`1[[T]], mscorlib, 4.0.0.0] [OxyPlot.CanonicalSplineHelper, OxyPlot_NET40].CreateSpline([i:System.Collections.Generic.IList`1[[T]], mscorlib, 4.0.0.0] points, [p:double] tension, [i:System.Collections.Generic.IList`1[[T]], mscorlib, 4.0.0.0] tensions, [p:bool] isClosed, [p:double] tolerance)","Definition":{"Type":"NEW","Member":"0M:[p:void] [System.Collections.Generic.List`1[[T]], mscorlib, 4.0.0.0]..ctor()"},"CallParameters":[{"Method":"0M:static [p:void] [OxyPlot.CanonicalSplineHelper, OxyPlot_NET40].Segment([i:System.Collections.Generic.IList`1[[T]], mscorlib, 4.0.0.0] points, [s:OxyPlot.ScreenPoint, OxyPlot_NET40] pt0, [s:OxyPlot.ScreenPoint, OxyPlot_NET40] pt1, [s:OxyPlot.ScreenPoint, OxyPlot_NET40] pt2, [s:OxyPlot.ScreenPoint, OxyPlot_NET40] pt3, [p:double] t1, [p:double] t2, [p:double] tolerance)","ArgIndex":0}],"MemberAccesses":[{"Type":"METHOD_CALL","Member":"0M:[p:void] [System.Collections.Generic.List`1[[T]], mscorlib, 4.0.0.0].AddRange([i:System.Collections.Generic.IEnumerable`1[[T]], mscorlib, 4.0.0.0] collection)"}]}