{"Type":"0T:System.Collections.Generic.List`1[[T]], mscorlib, 4.0.0.0","ClassCtx":"0T:OxyPlot.Decimator, OxyPlot_NET40","MethodCtx":"0M:static [p:void] [OxyPlot.Decimator, OxyPlot_NET40].Decimate([System.Collections.Generic.List`1[[T]], mscorlib, 4.0.0.0] input, [System.Collections.Generic.List`1[[T]], mscorlib, 4.0.0.0] output)","Definition":{"Type":"METHOD_PARAMETER","Member":"0M:static [p:void] [OxyPlot.Decimator, OxyPlot_NET40].Decimate([System.Collections.Generic.List`1[[T]], mscorlib, 4.0.0.0] input, [System.Collections.Generic.List`1[[T]], mscorlib, 4.0.0.0] output)","ArgIndex":1},"CallParameters":[{"Method":"0M:static [p:void] [OxyPlot.Decimator, OxyPlot_NET40].AddVerticalPoints([System.Collections.Generic.List`1[[T]], mscorlib, 4.0.0.0] result, [p:double] x, [p:double] firstY, [p:double] lastY, [p:double] minY, [p:double] maxY)","ArgIndex":0}],"MemberAccesses":[{"Type":"MEMBER_REFERENCE","Member":"0P:get [p:int] [System.Collections.Generic.List`1[[T]], mscorlib, 4.0.0.0].Count()"},{"Type":"MEMBER_REFERENCE","Member":"0P:get [p:int] [System.Collections.Generic.List`1[[T]], mscorlib, 4.0.0.0].Count()"}]}