{"Type":"0T:System.Collections.Generic.List`1[[T]], mscorlib, 4.0.0.0","ClassCtx":"0T:OxyPlot.XkcdRenderingDecorator, OxyPlot_NET40","MethodCtx":"0M:[p:void] [i:OxyPlot.IRenderContext, OxyPlot_NET40].DrawPolygon([i:System.Collections.Generic.IList`1[[T]], mscorlib, 4.0.0.0] points, [s:OxyPlot.OxyColor, OxyPlot_NET40] fill, [s:OxyPlot.OxyColor, OxyPlot_NET40] stroke, opt [p:double] thickness, opt [p:double[]] dashArray, opt [e:OxyPlot.LineJoin, OxyPlot_NET40] lineJoin, opt [p:bool] aliased)","Definition":{"Type":"NEW","Member":"0M:[p:void] [System.Collections.Generic.List`1[[T]], mscorlib, 4.0.0.0]..ctor([i:System.Collections.Generic.IEnumerable`1[[T]], mscorlib, 4.0.0.0] collection)"},"CallParameters":[{"Method":"0M:[s:OxyPlot.ScreenPoint[], OxyPlot_NET40] [OxyPlot.XkcdRenderingDecorator, OxyPlot_NET40].Distort([i:System.Collections.Generic.IEnumerable`1[[T]], mscorlib, 4.0.0.0] points)","ArgIndex":0}],"MemberAccesses":[{"Type":"METHOD_CALL","Member":"0M:[p:void] [System.Collections.Generic.List`1[[T]], mscorlib, 4.0.0.0].Add([T] item)"}]}