{"Type":"0T:System.Collections.Generic.List`1[[T]], mscorlib, 4.0.0.0","ClassCtx":"0T:OxyPlot.Reporting.PlotModelExtensions, OxyPlot_NET40","MethodCtx":"0M:static [OxyPlot.Reporting.Report, OxyPlot_NET40] [OxyPlot.Reporting.PlotModelExtensions, OxyPlot_NET40].CreateReport(this [OxyPlot.PlotModel, OxyPlot_NET40] plotModel)","Definition":{"Type":"NEW","Member":"0M:[p:void] [System.Collections.Generic.List`1[[T]], mscorlib, 4.0.0.0]..ctor()"},"CallParameters":[{"Method":"0M:[p:void] [OxyPlot.Reporting.ReportItem, OxyPlot_NET40].AddItemsTable([p:string] title, [i:System.Collections.IEnumerable, mscorlib, 4.0.0.0] items, [i:System.Collections.Generic.IList`1[[T]], mscorlib, 4.0.0.0] fields)","ArgIndex":0},{"Method":"0M:[p:void] [OxyPlot.Reporting.ReportItem, OxyPlot_NET40].AddItemsTable([p:string] title, [i:System.Collections.IEnumerable, mscorlib, 4.0.0.0] items, [i:System.Collections.Generic.IList`1[[T]], mscorlib, 4.0.0.0] fields)","ArgIndex":1}],"MemberAccesses":[{"Type":"METHOD_CALL","Member":"0M:[p:void] [System.Collections.Generic.List`1[[T]], mscorlib, 4.0.0.0].Add([T] item)"},{"Type":"METHOD_CALL","Member":"0M:[p:void] [System.Collections.Generic.List`1[[T]], mscorlib, 4.0.0.0].Add([T] item)"}]}