{"Type":"0T:System.Collections.Generic.List`1[[T]], mscorlib, 4.0.0.0","ClassCtx":"0T:OxyPlot.Reporting.StringExtensions, OxyPlot_NET40","MethodCtx":"0M:static [p:string[]] [OxyPlot.Reporting.StringExtensions, OxyPlot_NET40].SplitLines(this [p:string] s, opt [p:int] lineLength)","Definition":{"Type":"NEW","Member":"0M:[p:void] [System.Collections.Generic.List`1[[T]], mscorlib, 4.0.0.0]..ctor()"},"MemberAccesses":[{"Type":"METHOD_CALL","Member":"0M:[p:void] [System.Collections.Generic.List`1[[T]], mscorlib, 4.0.0.0].Add([T] item)"},{"Type":"METHOD_CALL","Member":"0M:[T[]] [System.Collections.Generic.List`1[[T]], mscorlib, 4.0.0.0].ToArray()"}]}