{"Type":"0T:SharpDX.DirectWrite.FontFace, SharpDX.Direct2D1, 2.6.3.0","ClassCtx":"0T:Cocos2D.CCLabel, Cocos2d.WinRT","MethodCtx":"0M:static [?] [Cocos2D.CCLabel, Cocos2d.WinRT].GetKerningInfo([Cocos2D.CCRawList`1[[T]], Cocos2d.WinRT] charset)","Definition":{"Type":"UNKNOWN"},"MemberAccesses":[{"Type":"MEMBER_REFERENCE","Member":"0P:get [s:SharpDX.DirectWrite.FontMetrics, SharpDX.Direct2D1, 2.6.3.0] [SharpDX.DirectWrite.FontFace, SharpDX.Direct2D1, 2.6.3.0].Metrics()"},{"Type":"METHOD_CALL","Member":"0M:[p:short[]] [SharpDX.DirectWrite.FontFace, SharpDX.Direct2D1, 2.6.3.0].GetGlyphIndices([p:int[]] codePoints)"},{"Type":"METHOD_CALL","Member":"0M:[s:SharpDX.DirectWrite.GlyphMetrics[], SharpDX.Direct2D1, 2.6.3.0] [SharpDX.DirectWrite.FontFace, SharpDX.Direct2D1, 2.6.3.0].GetDesignGlyphMetrics([p:short[]] glyphIndices, [p:bool] isSideways)"}]}