{"Type":"0T:System.Reflection.ConstructorInfo, mscorlib, 4.0.0.0","ClassCtx":"0T:Apress.Recipes.WebApi.Areas.HelpPage.ObjectGenerator, Apress.Recipes.WebApi","MethodCtx":"0M:static [p:object] [Apress.Recipes.WebApi.Areas.HelpPage.ObjectGenerator, Apress.Recipes.WebApi].GenerateComplexObject([System.Type, mscorlib, 4.0.0.0] type, [System.Collections.Generic.Dictionary`2[[TKey],[TValue]], mscorlib, 4.0.0.0] createdObjectReferences)","Definition":{"Type":"RETURN_VALUE","Member":"0M:[System.Reflection.ConstructorInfo, mscorlib, 4.0.0.0] [System.Type, mscorlib, 4.0.0.0].GetConstructor([System.Type[], mscorlib, 4.0.0.0] types)"},"MemberAccesses":[{"Type":"METHOD_CALL","Member":"0M:[p:object] [System.Reflection.ConstructorInfo, mscorlib, 4.0.0.0].Invoke([p:object[]] parameters)"}]}