{"Type":"0T:System.Reflection.Assembly, mscorlib, 4.0.0.0","ClassCtx":"0T:ExampleLibrary.Examples, ExampleLibrary_NET40","MethodCtx":"0M:static [System.Collections.Generic.List`1[[T]], mscorlib, 4.0.0.0] [ExampleLibrary.Examples, ExampleLibrary_NET40].GetList()","Definition":{"Type":"MEMBER_ACCESS","Member":"0P:get [System.Reflection.Assembly, mscorlib, 4.0.0.0] [System.Type, mscorlib, 4.0.0.0].Assembly()"},"MemberAccesses":[{"Type":"METHOD_CALL","Member":"0M:[System.Type[], mscorlib, 4.0.0.0] [System.Reflection.Assembly, mscorlib, 4.0.0.0].GetTypes()"}]}