{"Type":"0T:System.Reflection.Assembly, mscorlib, 4.0.0.0","ClassCtx":"0T:ExampleLibrary.MouseEventExamples, ExampleLibrary_NET40","MethodCtx":"0M:static [OxyPlot.PlotModel, OxyPlot_NET40] [ExampleLibrary.MouseEventExamples, ExampleLibrary_NET40].ImageAnnotation()","Definition":{"Type":"RETURN_VALUE","Member":"0M:static [System.Reflection.Assembly, mscorlib, 4.0.0.0] [System.Reflection.Assembly, mscorlib, 4.0.0.0].GetExecutingAssembly()"},"MemberAccesses":[{"Type":"METHOD_CALL","Member":"0M:[System.IO.Stream, mscorlib, 4.0.0.0] [System.Reflection.Assembly, mscorlib, 4.0.0.0].GetManifestResourceStream([p:string] name)"}]}