{"Type":"0T:System.Collections.Generic.Dictionary`2[[TKey],[TValue]], mscorlib, 4.0.0.0","ClassCtx":"0T:StockSharp.Anywhere.InputTranParser, Anywhere","MethodCtx":"0M:[p:void] [StockSharp.Anywhere.InputTranParser, Anywhere].NewLinesParsing([i:System.Collections.Generic.IEnumerable`1[[T]], mscorlib, 4.0.0.0] lines)","Definition":{"Type":"NEW","Member":"0M:[p:void] [System.Collections.Generic.Dictionary`2[[TKey],[TValue]], mscorlib, 4.0.0.0]..ctor()"},"CallParameters":[{"Method":"0M:[p:void] [StockSharp.Anywhere.InputTranParser, Anywhere].SendCommand([i:System.Collections.Generic.IReadOnlyDictionary`2[[TKey],[TValue]], mscorlib, 4.0.0.0] actions)","ArgIndex":0}],"MemberAccesses":[{"Type":"METHOD_CALL","Member":"0M:[p:void] [System.Collections.Generic.Dictionary`2[[TKey],[TValue]], mscorlib, 4.0.0.0].Add([TKey] key, [TValue] value)"},{"Type":"MEMBER_REFERENCE","Member":"0P:get [p:int] [System.Collections.Generic.Dictionary`2[[TKey],[TValue]], mscorlib, 4.0.0.0].Count()"}]}