{"Type":"0T:i:System.Collections.IList, mscorlib, 4.0.0.0","ClassCtx":"0T:MSHelpSystem.Commands.ShowErrorHelpCommand, HelpViewer","MethodCtx":"0M:[p:void] [MSHelpSystem.Commands.ShowErrorHelpCommand, HelpViewer].Run()","Definition":{"Type":"MEMBER_ACCESS","Member":"0P:get [i:System.Collections.IList, mscorlib, 4.0.0.0] [System.Windows.Controls.ListBox, PresentationFramework, 4.0.0.0].SelectedItems()"},"CallParameters":[{"Method":"0M:static [i:System.Collections.Generic.IEnumerable`1[[T]], mscorlib, 4.0.0.0] [System.Linq.Enumerable, System.Core, 4.0.0.0].OfType`1[[TResult]](this [i:System.Collections.IEnumerable, mscorlib, 4.0.0.0] source)","ArgIndex":0}]}