{"Type":"0T:p:bool","ClassCtx":"0T:Apress.Recipes.WebApi.Areas.HelpPage.Controllers.HelpController, Apress.Recipes.WebApi","MethodCtx":"0M:[System.Web.Mvc.ActionResult, System.Web.Mvc, 5.1.0.0] [Apress.Recipes.WebApi.Areas.HelpPage.Controllers.HelpController, Apress.Recipes.WebApi].ResourceModel([p:string] modelName)","Definition":{"Type":"RETURN_VALUE","Member":"0M:[p:bool] [System.Collections.Generic.Dictionary`2[[TKey],[TValue]], mscorlib, 4.0.0.0].TryGetValue([TKey] key, out [TValue] value)"}}