{"Type":"0T:p:bool","ClassCtx":"0T:Apress.Recipes.WebApi.Areas.HelpPage.HelpPageSampleGenerator, Apress.Recipes.WebApi","MethodCtx":"0M:static [p:bool] [Apress.Recipes.WebApi.Areas.HelpPage.HelpPageSampleGenerator, Apress.Recipes.WebApi].IsFormatSupported([e:Apress.Recipes.WebApi.Areas.HelpPage.SampleDirection, Apress.Recipes.WebApi] sampleDirection, [System.Net.Http.Formatting.MediaTypeFormatter, System.Net.Http.Formatting, 5.1.0.0] formatter, [System.Type, mscorlib, 4.0.0.0] type)","Definition":{"Type":"RETURN_VALUE","Member":"0M:[p:bool] [System.Net.Http.Formatting.MediaTypeFormatter, System.Net.Http.Formatting, 5.1.0.0].CanWriteType([System.Type, mscorlib, 4.0.0.0] type)"}}