{"Type":"0T:p:bool","ClassCtx":"0T:Apress.Recipes.WebApi.Areas.HelpPage.HelpPageConfigurationExtensions, Apress.Recipes.WebApi","MethodCtx":"0M:static [p:void] [Apress.Recipes.WebApi.Areas.HelpPage.HelpPageConfigurationExtensions, Apress.Recipes.WebApi].GenerateResourceDescription([Apress.Recipes.WebApi.Areas.HelpPage.Models.HelpPageApiModel, Apress.Recipes.WebApi] apiModel, [Apress.Recipes.WebApi.Areas.HelpPage.ModelDescriptions.ModelDescriptionGenerator, Apress.Recipes.WebApi] modelGenerator)","Definition":{"Type":"UNKNOWN"}}