{"Type":"0T:System.Net.Sockets.Socket, System, 4.0.0.0","ClassCtx":"0T:MSHelpSystem.Core.HelpLibraryAgent, HelpViewer","MethodCtx":"0M:[p:bool] [MSHelpSystem.Core.HelpLibraryAgent, HelpViewer].PortIsReady__get__()","Definition":{"Type":"NEW","Member":"0M:[p:void] [System.Net.Sockets.Socket, System, 4.0.0.0]..ctor([e:System.Net.Sockets.AddressFamily, System, 4.0.0.0] addressFamily, [e:System.Net.Sockets.SocketType, System, 4.0.0.0] socketType, [e:System.Net.Sockets.ProtocolType, System, 4.0.0.0] protocolType)"},"MemberAccesses":[{"Type":"METHOD_CALL","Member":"0M:[p:void] [System.Net.Sockets.Socket, System, 4.0.0.0].Connect([System.Net.IPAddress, System, 4.0.0.0] address, [p:int] port)"},{"Type":"MEMBER_REFERENCE","Member":"0P:get [p:bool] [System.Net.Sockets.Socket, System, 4.0.0.0].Connected()"},{"Type":"METHOD_CALL","Member":"0M:[p:void] [System.Net.Sockets.Socket, System, 4.0.0.0].Close()"}]}