{"Type":"0T:SharpDX.DataStream, SharpDX, 2.6.3.0","ClassCtx":"0T:Cocos2D.CCLabel, Cocos2d.WinRT","MethodCtx":"0M:[?] [Cocos2D.CCLabel, Cocos2d.WinRT].GetBitmapData([?] s, out [?] stride)","Definition":{"Type":"NEW","Member":"0M:[p:void] [SharpDX.DataStream, SharpDX, 2.6.3.0]..ctor([p:int] sizeInBytes, [p:bool] canRead, [p:bool] canWrite)"},"CallParameters":[{"Method":"0M:[p:void] [SharpDX.WIC.BitmapSource, SharpDX.Direct2D1, 2.6.3.0].CopyPixels([p:int] stride, [s:SharpDX.DataPointer, SharpDX, 2.6.3.0] dataPointer)","ArgIndex":1}],"MemberAccesses":[{"Type":"METHOD_CALL","Member":"0M:[T[]] [SharpDX.DataStream, SharpDX, 2.6.3.0].ReadRange`1[[T]]([p:int] count)"}]}