{"Type":"0T:System.Windows.Forms.HtmlElement, System.Windows.Forms, 4.0.0.0","ClassCtx":"0T:MSHelpSystem.BrowserScheme, HelpViewer","MethodCtx":"0M:[p:void] [MSHelpSystem.BrowserScheme, HelpViewer].DocumentCompleted([?] pane, [System.Windows.Forms.WebBrowserDocumentCompletedEventArgs, System.Windows.Forms, 4.0.0.0] e)","Definition":{"Type":"UNKNOWN"},"MemberAccesses":[{"Type":"MEMBER_REFERENCE","Member":"0P:set get [p:string] [System.Windows.Forms.HtmlElement, System.Windows.Forms, 4.0.0.0].Id()"},{"Type":"MEMBER_REFERENCE","Member":"0P:set get [p:string] [System.Windows.Forms.HtmlElement, System.Windows.Forms, 4.0.0.0].Id()"}]}