{"Type":"0T:p:string","ClassCtx":"0T:OxyPlot.PlotModel, OxyPlot_NET40","MethodCtx":"0M:[p:void] [OxyPlot.PlotModel, OxyPlot_NET40].RenderOverride([i:OxyPlot.IRenderContext, OxyPlot_NET40] rc, [p:double] width, [p:double] height)","Definition":{"Type":"RETURN_VALUE","Member":"0M:static [p:string] [p:string].Format([p:string] format, [p:object] arg0)"},"CallParameters":[{"Method":"0M:[p:void] [OxyPlot.PlotModel, OxyPlot_NET40].RenderErrorMessage([i:OxyPlot.IRenderContext, OxyPlot_NET40] rc, [p:string] title, [p:string] errorMessage, opt [p:double] fontSize)","ArgIndex":1},{"Method":"0M:static [p:string] [p:string].Format([p:string] format, [p:object] arg0)","ArgIndex":0},{"Method":"0M:[p:void] [OxyPlot.PlotModel, OxyPlot_NET40].RenderErrorMessage([i:OxyPlot.IRenderContext, OxyPlot_NET40] rc, [p:string] title, [p:string] errorMessage, opt [p:double] fontSize)","ArgIndex":2},{"Method":"0M:static [p:string] [p:string].Format([p:string] format, [p:object] arg0, [p:object] arg1)","ArgIndex":1}]}