{"Type":"0T:p:string","ClassCtx":"0T:OxyPlot.PlotModel, OxyPlot_NET40","MethodCtx":"0M:[p:void] [OxyPlot.PlotModel, OxyPlot_NET40].RenderErrorMessage([i:OxyPlot.IRenderContext, OxyPlot_NET40] rc, [p:string] title, [p:string] errorMessage, opt [p:double] fontSize)","Definition":{"Type":"METHOD_PARAMETER","Member":"0M:[p:void] [OxyPlot.PlotModel, OxyPlot_NET40].RenderErrorMessage([i:OxyPlot.IRenderContext, OxyPlot_NET40] rc, [p:string] title, [p:string] errorMessage, opt [p:double] fontSize)","ArgIndex":2},"CallParameters":[{"Method":"0M:[p:void] [i:OxyPlot.IRenderContext, OxyPlot_NET40].DrawText([s:OxyPlot.ScreenPoint, OxyPlot_NET40] p, [p:string] text, [s:OxyPlot.OxyColor, OxyPlot_NET40] fill, opt [p:string] fontFamily, opt [p:double] fontSize, opt [p:double] fontWeight, opt [p:double] rotation, opt [e:OxyPlot.HorizontalAlignment, OxyPlot_NET40] horizontalAlignment, opt [e:OxyPlot.VerticalAlignment, OxyPlot_NET40] verticalAlignment, opt [s:System.Nullable`1[[T]], mscorlib, 4.0.0.0] maxSize)","ArgIndex":1}]}