{"Type":"0T:p:string","ClassCtx":"0T:OxyPlot.PlotModel, OxyPlot_NET40","MethodCtx":"0M:[OxyPlot.Axes.Axis, OxyPlot_NET40] [OxyPlot.PlotModel, OxyPlot_NET40].GetAxisOrDefault([p:string] key, [OxyPlot.Axes.Axis, OxyPlot_NET40] defaultAxis)","Definition":{"Type":"RETURN_VALUE","Member":"0M:static [p:string] [p:string].Format([p:string] format, [p:object] arg0)"},"CallParameters":[{"Method":"0M:[p:void] [System.InvalidOperationException, mscorlib, 4.0.0.0]..ctor([p:string] message)","ArgIndex":0},{"Method":"0M:static [p:string] [p:string].Format([p:string] format, [p:object] arg0)","ArgIndex":0}]}