{"Type":"0T:p:string","ClassCtx":"0T:OxyPlot.MathRenderingExtensions, OxyPlot_NET40","MethodCtx":"0M:static [s:OxyPlot.OxySize, OxyPlot_NET40] [OxyPlot.MathRenderingExtensions, OxyPlot_NET40].MeasureMathText(this [i:OxyPlot.IRenderContext, OxyPlot_NET40] rc, [p:string] text, [p:string] fontFamily, [p:double] fontSize, [p:double] fontWeight)","Definition":{"Type":"METHOD_PARAMETER","Member":"0M:static [s:OxyPlot.OxySize, OxyPlot_NET40] [OxyPlot.MathRenderingExtensions, OxyPlot_NET40].MeasureMathText(this [i:OxyPlot.IRenderContext, OxyPlot_NET40] rc, [p:string] text, [p:string] fontFamily, [p:double] fontSize, [p:double] fontWeight)","ArgIndex":2},"CallParameters":[{"Method":"0M:[s:OxyPlot.OxySize, OxyPlot_NET40] [i:OxyPlot.IRenderContext, OxyPlot_NET40].MeasureText([p:string] text, opt [p:string] fontFamily, opt [p:double] fontSize, opt [p:double] fontWeight)","ArgIndex":0},{"Method":"0M:static [s:OxyPlot.OxySize, OxyPlot_NET40] [OxyPlot.MathRenderingExtensions, OxyPlot_NET40].InternalDrawMathText([i:OxyPlot.IRenderContext, OxyPlot_NET40] rc, [p:double] x, [p:double] y, [p:double] dx, [p:double] dy, [p:string] s, [s:OxyPlot.OxyColor, OxyPlot_NET40] textColor, [p:string] fontFamily, [p:double] fontSize, [p:double] fontWeight, [p:bool] measureOnly, [p:double] angle)","ArgIndex":1},{"Method":"0M:static [s:OxyPlot.OxySize, OxyPlot_NET40] [OxyPlot.MathRenderingExtensions, OxyPlot_NET40].InternalDrawMathText([i:OxyPlot.IRenderContext, OxyPlot_NET40] rc, [p:double] x, [p:double] y, [p:double] dx, [p:double] dy, [p:string] s, [s:OxyPlot.OxyColor, OxyPlot_NET40] textColor, [p:string] fontFamily, [p:double] fontSize, [p:double] fontWeight, [p:bool] measureOnly, [p:double] angle)","ArgIndex":3},{"Method":"0M:[s:OxyPlot.OxySize, OxyPlot_NET40] [i:OxyPlot.IRenderContext, OxyPlot_NET40].MeasureText([p:string] text, opt [p:string] fontFamily, opt [p:double] fontSize, opt [p:double] fontWeight)","ArgIndex":1}],"MemberAccesses":[{"Type":"METHOD_CALL","Member":"0M:[p:bool] [p:string].Contains([p:string] value)"},{"Type":"METHOD_CALL","Member":"0M:[p:bool] [p:string].Contains([p:string] value)"}]}