{"Type":"0T:p:string","ClassCtx":"0T:OxyPlot.MathRenderingExtensions, OxyPlot_NET40","MethodCtx":"0M:static [s:OxyPlot.OxySize, OxyPlot_NET40] [OxyPlot.MathRenderingExtensions, OxyPlot_NET40].InternalDrawMathText([i:OxyPlot.IRenderContext, OxyPlot_NET40] rc, [p:double] x, [p:double] y, [p:double] dx, [p:double] dy, [p:string] s, [s:OxyPlot.OxyColor, OxyPlot_NET40] textColor, [p:string] fontFamily, [p:double] fontSize, [p:double] fontWeight, [p:bool] measureOnly, [p:double] angle)","Definition":{"Type":"RETURN_VALUE","Member":"0M:[p:string] [p:string].Substring([p:int] startIndex, [p:int] length)"},"CallParameters":[{"Method":"0M:[TResult] [d:[TResult] [System.Func`5[[T1],[T2],[T3],[T4],[TResult]], mscorlib, 4.0.0.0].([T1] arg1, [T2] arg2, [T3] arg3, [T4] arg4)].Invoke([T1] arg1, [T2] arg2, [T3] arg3, [T4] arg4)","ArgIndex":2}],"MemberAccesses":[{"Type":"MEMBER_REFERENCE","Member":"0P:get [p:int] [p:string].Length()"},{"Type":"MEMBER_REFERENCE","Member":"0P:get [p:int] [p:string].Length()"},{"Type":"METHOD_CALL","Member":"0M:[p:int] [p:string].IndexOf([p:char] value, [p:int] startIndex)"},{"Type":"METHOD_CALL","Member":"0M:[p:string] [p:string].Substring([p:int] startIndex, [p:int] length)"},{"Type":"MEMBER_REFERENCE","Member":"0P:get [p:int] [p:string].Length()"},{"Type":"METHOD_CALL","Member":"0M:[p:int] [p:string].IndexOf([p:char] value, [p:int] startIndex)"},{"Type":"METHOD_CALL","Member":"0M:[p:string] [p:string].Substring([p:int] startIndex, [p:int] length)"},{"Type":"METHOD_CALL","Member":"0M:[p:char[]] [p:string].ToCharArray()"},{"Type":"METHOD_CALL","Member":"0M:[p:int] [p:string].IndexOfAny([p:char[]] anyOf, [p:int] startIndex)"},{"Type":"METHOD_CALL","Member":"0M:[p:string] [p:string].Substring([p:int] startIndex)"},{"Type":"MEMBER_REFERENCE","Member":"0P:get [p:int] [p:string].Length()"},{"Type":"METHOD_CALL","Member":"0M:[p:string] [p:string].Substring([p:int] startIndex, [p:int] length)"}]}