{"Type":"0T:p:string","ClassCtx":"0T:OxyPlot.MathRenderingExtensions, OxyPlot_NET40","MethodCtx":"0M:[TResult] [d:[TResult] [System.Func`5[[T1],[T2],[T3],[T4],[TResult]], mscorlib, 4.0.0.0].([T1] arg1, [T2] arg2, [T3] arg3, [T4] arg4)].Invoke([T1] arg1, [T2] arg2, [T3] arg3, [T4] arg4)","Definition":{"Type":"LAMBDA_PARAMETER"},"CallParameters":[{"Method":"0M:[p:void] [i:OxyPlot.IRenderContext, OxyPlot_NET40].DrawText([s:OxyPlot.ScreenPoint, OxyPlot_NET40] p, [p:string] text, [s:OxyPlot.OxyColor, OxyPlot_NET40] fill, opt [p:string] fontFamily, opt [p:double] fontSize, opt [p:double] fontWeight, opt [p:double] rotation, opt [e:OxyPlot.HorizontalAlignment, OxyPlot_NET40] horizontalAlignment, opt [e:OxyPlot.VerticalAlignment, OxyPlot_NET40] verticalAlignment, opt [s:System.Nullable`1[[T]], mscorlib, 4.0.0.0] maxSize)","ArgIndex":1},{"Method":"0M:[p:void] [i:OxyPlot.IRenderContext, OxyPlot_NET40].DrawText([s:OxyPlot.ScreenPoint, OxyPlot_NET40] p, [p:string] text, [s:OxyPlot.OxyColor, OxyPlot_NET40] fill, opt [p:string] fontFamily, opt [p:double] fontSize, opt [p:double] fontWeight, opt [p:double] rotation, opt [e:OxyPlot.HorizontalAlignment, OxyPlot_NET40] horizontalAlignment, opt [e:OxyPlot.VerticalAlignment, OxyPlot_NET40] verticalAlignment, opt [s:System.Nullable`1[[T]], mscorlib, 4.0.0.0] maxSize)","ArgIndex":3},{"Method":"0M:[s:OxyPlot.OxySize, OxyPlot_NET40] [i:OxyPlot.IRenderContext, OxyPlot_NET40].MeasureText([p:string] text, opt [p:string] fontFamily, opt [p:double] fontSize, opt [p:double] fontWeight)","ArgIndex":0},{"Method":"0M:[s:OxyPlot.OxySize, OxyPlot_NET40] [i:OxyPlot.IRenderContext, OxyPlot_NET40].MeasureText([p:string] text, opt [p:string] fontFamily, opt [p:double] fontSize, opt [p:double] fontWeight)","ArgIndex":1}]}