{"Type":"0T:p:string","ClassCtx":"0T:OxyPlot.RenderContextBase, OxyPlot_NET40","MethodCtx":"0M:[s:OxyPlot.OxySize, OxyPlot_NET40] [i:OxyPlot.IRenderContext, OxyPlot_NET40].MeasureText([p:string] text, opt [p:string] fontFamily, opt [p:double] fontSize, opt [p:double] fontWeight)","Definition":{"Type":"METHOD_PARAMETER","Member":"0M:[s:OxyPlot.OxySize, OxyPlot_NET40] [OxyPlot.RenderContextBase, OxyPlot_NET40].MeasureText([p:string] text, [p:string] fontFamily, [p:double] fontSize, [p:double] fontWeight)","ArgIndex":1}}