{"Type":"0T:p:string","ClassCtx":"0T:OxyPlot.RenderingExtensions, OxyPlot_NET40","MethodCtx":"0M:static [p:void] [OxyPlot.RenderingExtensions, OxyPlot_NET40].DrawMultilineText(this [i:OxyPlot.IRenderContext, OxyPlot_NET40] rc, [s:OxyPlot.ScreenPoint, OxyPlot_NET40] point, [p:string] text, [s:OxyPlot.OxyColor, OxyPlot_NET40] color, opt [p:string] fontFamily, opt [p:double] fontSize, opt [p:double] fontWeight, opt [p:double] dy)","Definition":{"Type":"UNKNOWN"},"CallParameters":[{"Method":"0M:[p:void] [i:OxyPlot.IRenderContext, OxyPlot_NET40].DrawText([s:OxyPlot.ScreenPoint, OxyPlot_NET40] p, [p:string] text, [s:OxyPlot.OxyColor, OxyPlot_NET40] fill, opt [p:string] fontFamily, opt [p:double] fontSize, opt [p:double] fontWeight, opt [p:double] rotation, opt [e:OxyPlot.HorizontalAlignment, OxyPlot_NET40] horizontalAlignment, opt [e:OxyPlot.VerticalAlignment, OxyPlot_NET40] verticalAlignment, opt [s:System.Nullable`1[[T]], mscorlib, 4.0.0.0] maxSize)","ArgIndex":1}],"MemberAccesses":[{"Type":"METHOD_CALL","Member":"0M:[p:string[]] [p:string].Split([p:string[]] separator, [e:System.StringSplitOptions, mscorlib, 4.0.0.0] options)"}]}