{"Type":"0T:p:string","ClassCtx":"0T:OxyPlot.RenderingExtensions, OxyPlot_NET40","MethodCtx":"0M:static [s:OxyPlot.OxySize, OxyPlot_NET40] [OxyPlot.RenderingExtensions, OxyPlot_NET40].MeasureText(this [i:OxyPlot.IRenderContext, OxyPlot_NET40] rc, [p:string] text, [p:string] fontFamily, [p:double] fontSize, [p:double] fontWeight, [p:double] angle)","Definition":{"Type":"METHOD_PARAMETER","Member":"0M:static [s:OxyPlot.OxySize, OxyPlot_NET40] [OxyPlot.RenderingExtensions, OxyPlot_NET40].MeasureText(this [i:OxyPlot.IRenderContext, OxyPlot_NET40] rc, [p:string] text, [p:string] fontFamily, [p:double] fontSize, [p:double] fontWeight, [p:double] angle)","ArgIndex":2},"CallParameters":[{"Method":"0M:[s:OxyPlot.OxySize, OxyPlot_NET40] [i:OxyPlot.IRenderContext, OxyPlot_NET40].MeasureText([p:string] text, opt [p:string] fontFamily, opt [p:double] fontSize, opt [p:double] fontWeight)","ArgIndex":0},{"Method":"0M:[s:OxyPlot.OxySize, OxyPlot_NET40] [i:OxyPlot.IRenderContext, OxyPlot_NET40].MeasureText([p:string] text, opt [p:string] fontFamily, opt [p:double] fontSize, opt [p:double] fontWeight)","ArgIndex":1}]}