{"Type":"0T:p:string","ClassCtx":"0T:OxyPlot.XkcdRenderingDecorator, OxyPlot_NET40","MethodCtx":"0M:[s:OxyPlot.OxySize, OxyPlot_NET40] [i:OxyPlot.IRenderContext, OxyPlot_NET40].MeasureText([p:string] text, opt [p:string] fontFamily, opt [p:double] fontSize, opt [p:double] fontWeight)","Definition":{"Type":"RETURN_VALUE","Member":"0M:[p:string] [OxyPlot.XkcdRenderingDecorator, OxyPlot_NET40].GetFontFamily([p:string] fontFamily)"},"CallParameters":[{"Method":"0M:[s:OxyPlot.OxySize, OxyPlot_NET40] [i:OxyPlot.IRenderContext, OxyPlot_NET40].MeasureText([p:string] text, opt [p:string] fontFamily, opt [p:double] fontSize, opt [p:double] fontWeight)","ArgIndex":0},{"Method":"0M:[s:OxyPlot.OxySize, OxyPlot_NET40] [i:OxyPlot.IRenderContext, OxyPlot_NET40].MeasureText([p:string] text, opt [p:string] fontFamily, opt [p:double] fontSize, opt [p:double] fontWeight)","ArgIndex":1},{"Method":"0M:[p:string] [OxyPlot.XkcdRenderingDecorator, OxyPlot_NET40].GetFontFamily([p:string] fontFamily)","ArgIndex":0}]}