{"Type":"0T:p:string","ClassCtx":"0T:OxyPlot.XkcdRenderingDecorator, OxyPlot_NET40","MethodCtx":"0M:[p:void] [i:OxyPlot.IRenderContext, OxyPlot_NET40].DrawImage([OxyPlot.OxyImage, OxyPlot_NET40] source, [p:double] srcX, [p:double] srcY, [p:double] srcWidth, [p:double] srcHeight, [p:double] destX, [p:double] destY, [p:double] destWidth, [p:double] destHeight, [p:double] opacity, [p:bool] interpolate)","Definition":{"Type":"MEMBER_ACCESS","Member":"0P:set get [p:string] [OxyPlot.XkcdRenderingDecorator, OxyPlot_NET40].FontFamily()"}}