{"Type":"0T:p:string","ClassCtx":"0T:OxyPlot.Reporting.PlotModelExtensions, OxyPlot_NET40","MethodCtx":"0M:static [OxyPlot.Reporting.Report, OxyPlot_NET40] [OxyPlot.Reporting.PlotModelExtensions, OxyPlot_NET40].CreateReport(this [OxyPlot.PlotModel, OxyPlot_NET40] plotModel)","Definition":{"Type":"RETURN_VALUE","Member":"0M:static [p:string] [p:string].Format([p:string] format, [p:object] arg0)"},"CallParameters":[{"Method":"0M:static [p:string] [p:string].Format([p:string] format, [p:object] arg0)","ArgIndex":0},{"Method":"0M:[p:void] [OxyPlot.Reporting.ReportItem, OxyPlot_NET40].AddParagraph([p:string] content)","ArgIndex":0},{"Method":"0M:[p:void] [System.Reflection.AssemblyName, mscorlib, 4.0.0.0]..ctor([p:string] assemblyName)","ArgIndex":0},{"Method":"0M:[OxyPlot.Reporting.PropertyTable, OxyPlot_NET40] [OxyPlot.Reporting.ReportItem, OxyPlot_NET40].AddPropertyTable([p:string] title, [p:object] obj)","ArgIndex":0}]}