{"Type":"0T:p:string","ClassCtx":"0T:OxyPlot.Reporting.WikiReportWriter, OxyPlot_NET40","MethodCtx":"0M:static [p:string] [OxyPlot.Reporting.WikiReportWriter, OxyPlot_NET40].PadString([p:string] text, [e:OxyPlot.Reporting.Alignment, OxyPlot_NET40] alignment, [p:int] width)","Definition":{"Type":"RETURN_VALUE","Member":"0M:[p:string] [p:string].PadLeft([p:int] totalWidth)"},"MemberAccesses":[{"Type":"METHOD_CALL","Member":"0M:[p:string] [p:string].PadLeft([p:int] totalWidth)"},{"Type":"METHOD_CALL","Member":"0M:[p:string] [p:string].PadRight([p:int] totalWidth)"},{"Type":"METHOD_CALL","Member":"0M:[p:string] [p:string].PadLeft([p:int] totalWidth)"},{"Type":"MEMBER_REFERENCE","Member":"0P:get [p:int] [p:string].Length()"},{"Type":"METHOD_CALL","Member":"0M:[p:string] [p:string].PadRight([p:int] totalWidth)"},{"Type":"METHOD_CALL","Member":"0M:[p:string] [p:string].PadLeft([p:int] totalWidth)"}]}