{"Type":"0T:p:string","ClassCtx":"0T:OxyPlot.Reporting.HtmlReportWriter, OxyPlot_NET40","MethodCtx":"0M:[p:void] [OxyPlot.Reporting.HtmlReportWriter, OxyPlot_NET40].WriteClassId([p:string] className, opt [p:string] id)","Definition":{"Type":"METHOD_PARAMETER","Member":"0M:[p:void] [OxyPlot.Reporting.HtmlReportWriter, OxyPlot_NET40].WriteClassId([p:string] className, opt [p:string] id)","ArgIndex":1},"CallParameters":[{"Method":"0M:[p:void] [OxyPlot.XmlWriterBase, OxyPlot_NET40].WriteAttributeString([p:string] name, [p:string] value)","ArgIndex":0}]}