{"Type":"0T:p:string","ClassCtx":"0T:OxyPlot.Reporting.HtmlReportWriter, OxyPlot_NET40","MethodCtx":"0M:[p:void] [i:OxyPlot.Reporting.IReportWriter, OxyPlot_NET40].WriteHeader([OxyPlot.Reporting.Header, OxyPlot_NET40] header)","Definition":{"Type":"RETURN_VALUE","Member":"0M:[p:string] [OxyPlot.Reporting.Header, OxyPlot_NET40].ToString()"},"CallParameters":[{"Method":"0M:[p:void] [OxyPlot.XmlWriterBase, OxyPlot_NET40].WriteString([p:string] text)","ArgIndex":0},{"Method":"0M:[p:void] [OxyPlot.XmlWriterBase, OxyPlot_NET40].WriteStartElement([p:string] name)","ArgIndex":0}]}