{"Type":"0T:p:string","ClassCtx":"0T:OxyPlot.Reporting.HtmlReportWriter, OxyPlot_NET40","MethodCtx":"0M:[p:void] [i:OxyPlot.Reporting.IReportWriter, OxyPlot_NET40].WriteImage([OxyPlot.Reporting.Image, OxyPlot_NET40] image)","Definition":{"Type":"MEMBER_ACCESS","Member":"0P:set get [p:string] [OxyPlot.Reporting.Image, OxyPlot_NET40].Source()"},"CallParameters":[{"Method":"0M:[p:void] [OxyPlot.XmlWriterBase, OxyPlot_NET40].WriteAttributeString([p:string] name, [p:string] value)","ArgIndex":0},{"Method":"0M:[p:void] [OxyPlot.Reporting.HtmlReportWriter, OxyPlot_NET40].WriteEndFigure([p:string] text)","ArgIndex":0}]}