{"Type":"0T:p:string","ClassCtx":"0T:OxyPlot.Reporting.HtmlReportWriter, OxyPlot_NET40","MethodCtx":"0M:[p:void] [i:OxyPlot.Reporting.IReportWriter, OxyPlot_NET40].WritePlot([OxyPlot.Reporting.PlotFigure, OxyPlot_NET40] plot)","Definition":{"Type":"RETURN_VALUE","Member":"0M:static [p:string] [OxyPlot.SvgExporter, OxyPlot_NET40].ExportToString([i:OxyPlot.IPlotModel, OxyPlot_NET40] model, [p:double] width, [p:double] height, [p:bool] isDocument, opt [i:OxyPlot.IRenderContext, OxyPlot_NET40] textMeasurer)"},"CallParameters":[{"Method":"0M:[p:void] [OxyPlot.XmlWriterBase, OxyPlot_NET40].WriteRaw([p:string] text)","ArgIndex":0},{"Method":"0M:[p:void] [OxyPlot.Reporting.HtmlReportWriter, OxyPlot_NET40].WriteEndFigure([p:string] text)","ArgIndex":0}]}