{"Type":"0T:p:string","ClassCtx":"0T:OxyPlot.Reporting.HtmlReportWriter, OxyPlot_NET40","MethodCtx":"0M:[p:void] [i:OxyPlot.Reporting.IReportWriter, OxyPlot_NET40].WriteReport([OxyPlot.Reporting.Report, OxyPlot_NET40] report, [OxyPlot.Reporting.ReportStyle, OxyPlot_NET40] reportStyle)","Definition":{"Type":"RETURN_VALUE","Member":"0M:static [p:string] [OxyPlot.Reporting.HtmlReportWriter, OxyPlot_NET40].CreateCss([OxyPlot.Reporting.ReportStyle, OxyPlot_NET40] style)"},"CallParameters":[{"Method":"0M:[p:void] [OxyPlot.Reporting.HtmlReportWriter, OxyPlot_NET40].WriteHtmlHeader([p:string] title, [p:string] cssPath, [p:string] cssStyle)","ArgIndex":0},{"Method":"0M:[p:void] [OxyPlot.Reporting.HtmlReportWriter, OxyPlot_NET40].WriteHtmlHeader([p:string] title, [p:string] cssPath, [p:string] cssStyle)","ArgIndex":1}]}