{"Type":"0T:p:string","ClassCtx":"0T:OxyPlot.Reporting.HtmlReportWriter, OxyPlot_NET40","MethodCtx":"0M:[p:void] [OxyPlot.Reporting.HtmlReportWriter, OxyPlot_NET40].WriteRows([OxyPlot.Reporting.Table, OxyPlot_NET40] t)","Definition":{"Type":"UNKNOWN"},"CallParameters":[{"Method":"0M:[p:void] [OxyPlot.XmlWriterBase, OxyPlot_NET40].WriteString([p:string] text)","ArgIndex":0},{"Method":"0M:[p:void] [OxyPlot.XmlWriterBase, OxyPlot_NET40].WriteAttributeString([p:string] name, [p:string] value)","ArgIndex":0}]}