{"Type":"0T:p:string","ClassCtx":"0T:OxyPlot.Reporting.HtmlReportWriter, OxyPlot_NET40","MethodCtx":"0M:[p:void] [i:OxyPlot.Reporting.IReportWriter, OxyPlot_NET40].WriteTable([OxyPlot.Reporting.Table, OxyPlot_NET40] table)","Definition":{"Type":"RETURN_VALUE","Member":"0M:[p:string] [OxyPlot.Reporting.Table, OxyPlot_NET40].GetFullCaption([OxyPlot.Reporting.ReportStyle, OxyPlot_NET40] style)"},"CallParameters":[{"Method":"0M:[p:void] [OxyPlot.XmlWriterBase, OxyPlot_NET40].WriteString([p:string] text)","ArgIndex":0}]}