{"Type":"0T:p:string","ClassCtx":"0T:OxyPlot.Reporting.HtmlReportWriter, OxyPlot_NET40","MethodCtx":"0M:static [p:string] [OxyPlot.Reporting.HtmlReportWriter, OxyPlot_NET40].ParagraphStyleToCss([OxyPlot.Reporting.ParagraphStyle, OxyPlot_NET40] s)","Definition":{"Type":"RETURN_VALUE","Member":"0M:[p:string] [System.Text.StringBuilder, mscorlib, 4.0.0.0].ToString()"},"CallParameters":[{"Method":"0M:static [p:string] [p:string].Format([p:string] format, [p:object] arg0)","ArgIndex":0},{"Method":"0M:[System.Text.StringBuilder, mscorlib, 4.0.0.0] [System.Text.StringBuilder, mscorlib, 4.0.0.0].Append([p:string] value)","ArgIndex":0}]}