{"Type":"0T:p:string","ClassCtx":"0T:OxyPlot.GtkSharp.PngExporter, OxyPlot.GtkSharp_NET40","MethodCtx":"0M:static [p:void] [OxyPlot.GtkSharp.PngExporter, OxyPlot.GtkSharp_NET40].Export([i:OxyPlot.IPlotModel, OxyPlot_NET40] model, [p:string] fileName, [p:int] width, [p:int] height, opt [?] background)","Definition":{"Type":"METHOD_PARAMETER","Member":"0M:static [p:void] [OxyPlot.GtkSharp.PngExporter, OxyPlot.GtkSharp_NET40].Export([i:OxyPlot.IPlotModel, OxyPlot_NET40] model, [p:string] fileName, [p:int] width, [p:int] height, opt [?] background)","ArgIndex":1}}