{"Type":"0T:p:string","ClassCtx":"0T:OxyPlot.Reporting.HtmlReportWriter, OxyPlot_NET40","MethodCtx":"0M:[p:void] [OxyPlot.Reporting.HtmlReportWriter, OxyPlot_NET40].WriteHtmlHeader([p:string] title, [p:string] cssPath, [p:string] cssStyle)","Definition":{"Type":"METHOD_PARAMETER","Member":"0M:[p:void] [OxyPlot.Reporting.HtmlReportWriter, OxyPlot_NET40].WriteHtmlHeader([p:string] title, [p:string] cssPath, [p:string] cssStyle)","ArgIndex":2},"CallParameters":[{"Method":"0M:[p:void] [OxyPlot.XmlWriterBase, OxyPlot_NET40].WriteRaw([p:string] text)","ArgIndex":0},{"Method":"0M:[p:void] [OxyPlot.XmlWriterBase, OxyPlot_NET40].WriteAttributeString([p:string] name, [p:string] value)","ArgIndex":0},{"Method":"0M:[p:void] [OxyPlot.XmlWriterBase, OxyPlot_NET40].WriteElementString([p:string] name, [p:string] text)","ArgIndex":0}]}