{"Type":"0T:p:string","ClassCtx":"0T:OxyPlot.Reporting.StringExtensions, OxyPlot_NET40","MethodCtx":"0M:static [p:string] [OxyPlot.Reporting.StringExtensions, OxyPlot_NET40].Repeat(this [p:string] source, [p:int] n)","Definition":{"Type":"RETURN_VALUE","Member":"0M:[p:string] [System.Text.StringBuilder, mscorlib, 4.0.0.0].ToString()"},"CallParameters":[{"Method":"0M:[System.Text.StringBuilder, mscorlib, 4.0.0.0] [System.Text.StringBuilder, mscorlib, 4.0.0.0].Append([p:string] value)","ArgIndex":0}],"MemberAccesses":[{"Type":"MEMBER_REFERENCE","Member":"0P:get [p:int] [p:string].Length()"}]}