{"Type":"0T:p:string","ClassCtx":"0T:OxyPlot.Reporting.StringExtensions, OxyPlot_NET40","MethodCtx":"0M:static [p:string[]] [OxyPlot.Reporting.StringExtensions, OxyPlot_NET40].SplitLines(this [p:string] s, opt [p:int] lineLength)","Definition":{"Type":"UNKNOWN"},"CallParameters":[{"Method":"0M:static [p:int] [OxyPlot.Reporting.StringExtensions, OxyPlot_NET40].FindLineLength([p:string] text, [p:int] i, [p:int] maxLineLength)","ArgIndex":0},{"Method":"0M:[p:void] [System.Collections.Generic.List`1[[T]], mscorlib, 4.0.0.0].Add([T] item)","ArgIndex":0}],"MemberAccesses":[{"Type":"MEMBER_REFERENCE","Member":"0P:get [p:int] [p:string].Length()"},{"Type":"METHOD_CALL","Member":"0M:[p:string] [p:string].Substring([p:int] startIndex)"},{"Type":"METHOD_CALL","Member":"0M:[p:string] [p:string].Trim()"},{"Type":"METHOD_CALL","Member":"0M:[p:string] [p:string].Substring([p:int] startIndex, [p:int] length)"},{"Type":"METHOD_CALL","Member":"0M:[p:string] [p:string].Trim()"}]}