{"Type":"0T:p:string","ClassCtx":"0T:OxyPlot.Reporting.StringExtensions, OxyPlot_NET40","MethodCtx":"0M:static [p:int] [OxyPlot.Reporting.StringExtensions, OxyPlot_NET40].FindLineLength([p:string] text, [p:int] i, [p:int] maxLineLength)","Definition":{"Type":"CONSTANT"},"MemberAccesses":[{"Type":"MEMBER_REFERENCE","Member":"0P:get [p:int] [p:string].Length()"},{"Type":"METHOD_CALL","Member":"0M:[p:char[]] [p:string].ToCharArray()"},{"Type":"METHOD_CALL","Member":"0M:[p:int] [p:string].IndexOfAny([p:char[]] anyOf, [p:int] startIndex)"},{"Type":"MEMBER_REFERENCE","Member":"0P:get [p:int] [p:string].Length()"}]}