{"Type":"0T:p:string","ClassCtx":"0T:OxyPlot.GtkSharp.PngExporter, OxyPlot.GtkSharp_NET40","MethodCtx":"0M:[p:void] [OxyPlot.GtkSharp.PngExporter, OxyPlot.GtkSharp_NET40].Export([i:OxyPlot.IPlotModel, OxyPlot_NET40] model, [System.IO.Stream, mscorlib, 4.0.0.0] stream)","Definition":{"Type":"UNKNOWN"},"CallParameters":[{"Method":"0M:static [p:void] [System.IO.File, mscorlib, 4.0.0.0].Delete([p:string] path)","ArgIndex":0},{"Method":"0M:static [p:byte[]] [System.IO.File, mscorlib, 4.0.0.0].ReadAllBytes([p:string] path)","ArgIndex":0}]}