{"Type":"0T:p:string","ClassCtx":"0T:OxyPlot.Reporting.PropertyTable, OxyPlot_NET40","MethodCtx":"0M:[p:void] [OxyPlot.Reporting.PropertyTable, OxyPlot_NET40].UpdateFields([i:System.Collections.IEnumerable, mscorlib, 4.0.0.0] items)","Definition":{"Type":"MEMBER_ACCESS","Member":"0P:get [p:string] [System.Reflection.MemberInfo, mscorlib, 4.0.0.0].Name()"},"CallParameters":[{"Method":"0M:[p:void] [OxyPlot.Reporting.ItemsTableField, OxyPlot_NET40]..ctor([p:string] header, [p:string] path, opt [p:string] stringFormat, opt [e:OxyPlot.Reporting.Alignment, OxyPlot_NET40] alignment)","ArgIndex":1},{"Method":"0M:[p:void] [OxyPlot.Reporting.ItemsTableField, OxyPlot_NET40]..ctor([p:string] header, [p:string] path, opt [p:string] stringFormat, opt [e:OxyPlot.Reporting.Alignment, OxyPlot_NET40] alignment)","ArgIndex":0}]}