{"Type":"0T:p:string","ClassCtx":"0T:OxyPlot.Reporting.Table, OxyPlot_NET40","MethodCtx":"0M:[p:string] [OxyPlot.Reporting.Table, OxyPlot_NET40].GetFullCaption([OxyPlot.Reporting.ReportStyle, OxyPlot_NET40] style)","Definition":{"Type":"RETURN_VALUE","Member":"0M:static [p:string] [p:string].Format([p:string] format, [p:object] arg0, [p:object] arg1)"},"CallParameters":[{"Method":"0M:static [p:string] [p:string].Format([p:string] format, [p:object] arg0, [p:object] arg1)","ArgIndex":0},{"Method":"0M:static [p:string] [p:string].Format([p:string] format, [p:object] arg0, [p:object] arg1)","ArgIndex":2}]}