{"Type":"0T:p:string","ClassCtx":"0T:OxyPlot.Reporting.ItemsTableField, OxyPlot_NET40","MethodCtx":"0M:[p:string] [OxyPlot.Reporting.ItemsTableField, OxyPlot_NET40].GetText([p:object] item, [i:System.IFormatProvider, mscorlib, 4.0.0.0] formatProvider)","Definition":{"Type":"UNKNOWN"},"CallParameters":[{"Method":"0M:[p:string] [i:System.IFormattable, mscorlib, 4.0.0.0].ToString([p:string] format, [i:System.IFormatProvider, mscorlib, 4.0.0.0] formatProvider)","ArgIndex":0},{"Method":"0M:static [System.Reflection.PropertyInfo, mscorlib, 4.0.0.0] [OxyPlot.ReflectionExtensions, OxyPlot_NET40].GetRuntimeProperty(this [System.Type, mscorlib, 4.0.0.0] type, [p:string] name)","ArgIndex":1}]}