{"Type":"0T:p:string","ClassCtx":"0T:OxyPlot.Series.BarItemBase, OxyPlot_NET40","MethodCtx":"0M:[p:string] [i:OxyPlot.ICodeGenerating, OxyPlot_NET40].ToCode()","Definition":{"Type":"RETURN_VALUE","Member":"0M:static [p:string] [OxyPlot.CodeGenerator, OxyPlot_NET40].FormatConstructor([System.Type, mscorlib, 4.0.0.0] type, [p:string] format, params [p:object[]] values)"},"CallParameters":[{"Method":"0M:static [p:string] [OxyPlot.CodeGenerator, OxyPlot_NET40].FormatConstructor([System.Type, mscorlib, 4.0.0.0] type, [p:string] format, params [p:object[]] values)","ArgIndex":2}]}