{"Type":"0T:p:string","ClassCtx":"0T:OxyPlot.Annotations.Annotation, OxyPlot_NET40","MethodCtx":"0M:[p:void] [OxyPlot.Annotations.Annotation, OxyPlot_NET40].EnsureAxes()","Definition":{"Type":"MEMBER_ACCESS","Member":"0P:set get [p:string] [OxyPlot.Annotations.Annotation, OxyPlot_NET40].YAxisKey()"},"CallParameters":[{"Method":"0M:[OxyPlot.Axes.Axis, OxyPlot_NET40] [OxyPlot.PlotModel, OxyPlot_NET40].GetAxisOrDefault([p:string] key, [OxyPlot.Axes.Axis, OxyPlot_NET40] defaultAxis)","ArgIndex":0}]}