{"Type":"0T:p:string","ClassCtx":"0T:OxyPlot.PlotCommands, OxyPlot_NET40","MethodCtx":"0M:static [p:void] [OxyPlot.PlotCommands, OxyPlot_NET40].HandleCopyTextReport([i:OxyPlot.IPlotView, OxyPlot_NET40] view, [OxyPlot.OxyInputEventArgs, OxyPlot_NET40] args)","Definition":{"Type":"RETURN_VALUE","Member":"0M:static [p:string] [OxyPlot.Reporting.PlotModelExtensions, OxyPlot_NET40].CreateTextReport(this [OxyPlot.PlotModel, OxyPlot_NET40] plotModel)"},"CallParameters":[{"Method":"0M:[p:void] [i:OxyPlot.IPlotView, OxyPlot_NET40].SetClipboardText([p:string] text)","ArgIndex":0}]}