{"Type":"0T:p:byte","ClassCtx":"0T:OxyPlot.OxyColorExtensions, OxyPlot_NET40","MethodCtx":"0M:static [p:double[]] [OxyPlot.OxyColorExtensions, OxyPlot_NET40].ToHsv(this [s:OxyPlot.OxyColor, OxyPlot_NET40] color)","Definition":{"Type":"RETURN_VALUE","Member":"0M:static [p:byte] [System.Math, mscorlib, 4.0.0.0].Max([p:byte] val1, [p:byte] val2)"},"CallParameters":[{"Method":"0M:static [p:byte] [System.Math, mscorlib, 4.0.0.0].Min([p:byte] val1, [p:byte] val2)","ArgIndex":1},{"Method":"0M:static [p:byte] [System.Math, mscorlib, 4.0.0.0].Min([p:byte] val1, [p:byte] val2)","ArgIndex":0},{"Method":"0M:static [p:byte] [System.Math, mscorlib, 4.0.0.0].Max([p:byte] val1, [p:byte] val2)","ArgIndex":1},{"Method":"0M:static [p:byte] [System.Math, mscorlib, 4.0.0.0].Max([p:byte] val1, [p:byte] val2)","ArgIndex":0}],"MemberAccesses":[{"Type":"METHOD_CALL","Member":"0M:[p:bool] [p:byte].Equals([p:byte] obj)"}]}