{"Type":"0T:p:byte","ClassCtx":"0T:OxyPlot.PngDecoder, OxyPlot_NET40","MethodCtx":"0M:[s:OxyPlot.OxyColor[,], OxyPlot_NET40] [i:OxyPlot.IImageDecoder, OxyPlot_NET40].Decode([p:byte[]] bytes)","Definition":{"Type":"CAST"},"CallParameters":[{"Method":"0M:static [s:OxyPlot.OxyColor, OxyPlot_NET40] [s:OxyPlot.OxyColor, OxyPlot_NET40].FromArgb([p:byte] a, [p:byte] r, [p:byte] g, [p:byte] b)","ArgIndex":1},{"Method":"0M:static [s:OxyPlot.OxyColor, OxyPlot_NET40] [s:OxyPlot.OxyColor, OxyPlot_NET40].FromArgb([p:byte] a, [p:byte] r, [p:byte] g, [p:byte] b)","ArgIndex":2},{"Method":"0M:static [s:OxyPlot.OxyColor, OxyPlot_NET40] [s:OxyPlot.OxyColor, OxyPlot_NET40].FromArgb([p:byte] a, [p:byte] r, [p:byte] g, [p:byte] b)","ArgIndex":3},{"Method":"0M:static [s:OxyPlot.OxyColor, OxyPlot_NET40] [s:OxyPlot.OxyColor, OxyPlot_NET40].FromArgb([p:byte] a, [p:byte] r, [p:byte] g, [p:byte] b)","ArgIndex":0}]}