{"Type":"0T:e:System.DayOfWeek, mscorlib, 4.0.0.0","ClassCtx":"0T:OxyPlot.Axes.DateTimeAxis, OxyPlot_NET40","MethodCtx":"0M:[i:System.Collections.Generic.IList`1[[T]], mscorlib, 4.0.0.0] [OxyPlot.Axes.DateTimeAxis, OxyPlot_NET40].CreateDateTickValues([p:double] min, [p:double] max, [p:double] step, [e:OxyPlot.Axes.DateTimeIntervalType, OxyPlot_NET40] intervalType)","Definition":{"Type":"MEMBER_ACCESS","Member":"0P:set get [e:System.DayOfWeek, mscorlib, 4.0.0.0] [OxyPlot.Axes.DateTimeAxis, OxyPlot_NET40].FirstDayOfWeek()"}}