{"Type":"0T:e:System.DayOfWeek, mscorlib, 4.0.0.0","ClassCtx":"0T:ExampleLibrary.DateTimeAxisExamples, ExampleLibrary_NET40","MethodCtx":"0M:[TResult] [d:[TResult] [System.Func`2[[T],[TResult]], mscorlib, 4.0.0.0].([T] arg)].Invoke([T] arg)","Definition":{"Type":"MEMBER_ACCESS","Member":"0P:get [e:System.DayOfWeek, mscorlib, 4.0.0.0] [s:System.DateTime, mscorlib, 4.0.0.0].DayOfWeek()"},"MemberAccesses":[{"Type":"METHOD_CALL","Member":"0M:[p:string] [System.Enum, mscorlib, 4.0.0.0].ToString()"}]}