{"Type":"0T:System.IO.StreamReader, mscorlib, 4.0.0.0","ClassCtx":"0T:Apress.Recipes.WebApi.Areas.HelpPage.HelpPageSampleGenerator, Apress.Recipes.WebApi","MethodCtx":"0M:[p:object] [Apress.Recipes.WebApi.Areas.HelpPage.HelpPageSampleGenerator, Apress.Recipes.WebApi].WriteSampleObjectUsingFormatter([System.Net.Http.Formatting.MediaTypeFormatter, System.Net.Http.Formatting, 5.1.0.0] formatter, [p:object] value, [System.Type, mscorlib, 4.0.0.0] type, [System.Net.Http.Headers.MediaTypeHeaderValue, System.Net.Http, 4.0.0.0] mediaType)","Definition":{"Type":"NEW","Member":"0M:[p:void] [System.IO.StreamReader, mscorlib, 4.0.0.0]..ctor([System.IO.Stream, mscorlib, 4.0.0.0] stream)"},"MemberAccesses":[{"Type":"METHOD_CALL","Member":"0M:[p:string] [System.IO.StreamReader, mscorlib, 4.0.0.0].ReadToEnd()"}]}