{"Type":"0T:s:SharpDX.Direct2D1.RenderTargetProperties, SharpDX.Direct2D1, 2.6.3.0","ClassCtx":"0T:Cocos2D.CCLabel, Cocos2d.WinRT","MethodCtx":"0M:[?] [Cocos2D.CCLabel, Cocos2d.WinRT].CreateBitmap([?] width, [?] height)","Definition":{"Type":"NEW","Member":"0M:[p:void] [s:SharpDX.Direct2D1.RenderTargetProperties, SharpDX.Direct2D1, 2.6.3.0]..ctor()"},"CallParameters":[{"Method":"0M:[p:void] [SharpDX.Direct2D1.WicRenderTarget, SharpDX.Direct2D1, 2.6.3.0]..ctor([SharpDX.Direct2D1.Factory, SharpDX.Direct2D1, 2.6.3.0] factory, [SharpDX.WIC.Bitmap, SharpDX.Direct2D1, 2.6.3.0] wicBitmap, [s:SharpDX.Direct2D1.RenderTargetProperties, SharpDX.Direct2D1, 2.6.3.0] renderTargetProperties)","ArgIndex":2}]}