{"Type":"0T:System.Web.Mvc.ViewResult, System.Web.Mvc, 5.1.0.0","ClassCtx":"0T:Apress.Recipes.WebApi.Areas.HelpPage.Controllers.HelpController, Apress.Recipes.WebApi","MethodCtx":"0M:[System.Web.Mvc.ActionResult, System.Web.Mvc, 5.1.0.0] [Apress.Recipes.WebApi.Areas.HelpPage.Controllers.HelpController, Apress.Recipes.WebApi].ResourceModel([p:string] modelName)","Definition":{"Type":"RETURN_VALUE","Member":"0M:[System.Web.Mvc.ViewResult, System.Web.Mvc, 5.1.0.0] [System.Web.Mvc.Controller, System.Web.Mvc, 5.1.0.0].View([p:string] viewName)"}}