{"Type":"0T:System.Web.Http.Controllers.ServicesContainer, System.Web.Http, 5.1.0.0","ClassCtx":"0T:Apress.Recipes.WebApi.Areas.HelpPage.HelpPageConfigurationExtensions, Apress.Recipes.WebApi","MethodCtx":"0M:static [p:void] [Apress.Recipes.WebApi.Areas.HelpPage.HelpPageConfigurationExtensions, Apress.Recipes.WebApi].SetDocumentationProvider(this [System.Web.Http.HttpConfiguration, System.Web.Http, 5.1.0.0] config, [i:System.Web.Http.Description.IDocumentationProvider, System.Web.Http, 5.1.0.0] documentationProvider)","Definition":{"Type":"MEMBER_ACCESS","Member":"0P:set get [System.Web.Http.Controllers.ServicesContainer, System.Web.Http, 5.1.0.0] [System.Web.Http.HttpConfiguration, System.Web.Http, 5.1.0.0].Services()"},"MemberAccesses":[{"Type":"METHOD_CALL","Member":"0M:[p:void] [System.Web.Http.Controllers.ServicesContainer, System.Web.Http, 5.1.0.0].Replace([System.Type, mscorlib, 4.0.0.0] serviceType, [p:object] service)"}]}