{"Type":"0T:System.Web.Http.Controllers.ServicesContainer, System.Web.Http, 5.1.0.0","ClassCtx":"0T:Apress.Recipes.WebApi.Areas.HelpPage.ModelDescriptions.ModelDescriptionGenerator, Apress.Recipes.WebApi","MethodCtx":"0M:[TResult] [d:[TResult] [System.Func`1[[TResult]], mscorlib, 4.0.0.0].()].Invoke()","Definition":{"Type":"MEMBER_ACCESS","Member":"0P:set get [System.Web.Http.Controllers.ServicesContainer, System.Web.Http, 5.1.0.0] [System.Web.Http.HttpConfiguration, System.Web.Http, 5.1.0.0].Services()"},"CallParameters":[{"Method":"0M:static [i:System.Web.Http.Description.IDocumentationProvider, System.Web.Http, 5.1.0.0] [System.Web.Http.ServicesExtensions, System.Web.Http, 5.1.0.0].GetDocumentationProvider(this [System.Web.Http.Controllers.ServicesContainer, System.Web.Http, 5.1.0.0] services)","ArgIndex":0}]}