{"Type":"0T:System.Globalization.DateTimeFormatInfo, mscorlib, 4.0.0.0","ClassCtx":"0T:ExampleLibrary.DiscussionExamples, ExampleLibrary_NET40","MethodCtx":"0M:static [OxyPlot.PlotModel, OxyPlot_NET40] [ExampleLibrary.DiscussionExamples, ExampleLibrary_NET40].MarkerTypeCircleProblem()","Definition":{"Type":"MEMBER_ACCESS","Member":"0P:set get [System.Globalization.DateTimeFormatInfo, mscorlib, 4.0.0.0] [System.Globalization.CultureInfo, mscorlib, 4.0.0.0].DateTimeFormat()"},"MemberAccesses":[{"Type":"METHOD_CALL","Member":"0M:[p:string] [System.Globalization.DateTimeFormatInfo, mscorlib, 4.0.0.0].GetAbbreviatedMonthName([p:int] month)"}]}