{"Type":"0T:System.Lazy`1[[T]], mscorlib, 4.0.0.0","ClassCtx":"0T:Apress.Recipes.WebApi.Areas.HelpPage.ModelDescriptions.ModelDescriptionGenerator, Apress.Recipes.WebApi","MethodCtx":"0M:[i:Apress.Recipes.WebApi.Areas.HelpPage.ModelDescriptions.IModelDocumentationProvider, Apress.Recipes.WebApi] [Apress.Recipes.WebApi.Areas.HelpPage.ModelDescriptions.ModelDescriptionGenerator, Apress.Recipes.WebApi].DocumentationProvider__get__()","Definition":{"Type":"MEMBER_ACCESS","Member":"0F:[System.Lazy`1[[T]], mscorlib, 4.0.0.0] [Apress.Recipes.WebApi.Areas.HelpPage.ModelDescriptions.ModelDescriptionGenerator, Apress.Recipes.WebApi]._documentationProvider"},"MemberAccesses":[{"Type":"MEMBER_REFERENCE","Member":"0P:get [T] [System.Lazy`1[[T]], mscorlib, 4.0.0.0].Value()"}]}