{"Type":"0T:System.Lazy`1[[T]], mscorlib, 4.0.0.0","ClassCtx":"0T:Apress.Recipes.WebApi.Areas.HelpPage.ModelDescriptions.ModelDescriptionGenerator, Apress.Recipes.WebApi","MethodCtx":"0M:static [p:string] [Apress.Recipes.WebApi.Areas.HelpPage.ModelDescriptions.ModelDescriptionGenerator, Apress.Recipes.WebApi].GetMemberName([System.Reflection.MemberInfo, mscorlib, 4.0.0.0] member, [p:bool] hasDataContractAttribute)","Definition":{"Type":"MEMBER_ACCESS","Member":"0F:[System.Lazy`1[[T]], mscorlib, 4.0.0.0] [Apress.Recipes.WebApi.Areas.HelpPage.ModelDescriptions.ModelDescriptionGenerator, Apress.Recipes.WebApi]._documentationProvider"}}