{"Type":"0T:System.Lazy`1[[T]], mscorlib, 4.0.0.0","ClassCtx":"0T:Apress.Recipes.WebApi.Areas.HelpPage.ModelDescriptions.ModelDescriptionGenerator, Apress.Recipes.WebApi","MethodCtx":"0M:[p:void] [Apress.Recipes.WebApi.Areas.HelpPage.ModelDescriptions.ModelDescriptionGenerator, Apress.Recipes.WebApi].GenerateAnnotations([System.Reflection.MemberInfo, mscorlib, 4.0.0.0] property, [Apress.Recipes.WebApi.Areas.HelpPage.ModelDescriptions.ParameterDescription, Apress.Recipes.WebApi] propertyModel)","Definition":{"Type":"MEMBER_ACCESS","Member":"0F:[System.Lazy`1[[T]], mscorlib, 4.0.0.0] [Apress.Recipes.WebApi.Areas.HelpPage.ModelDescriptions.ModelDescriptionGenerator, Apress.Recipes.WebApi]._documentationProvider"}}