{"Type":"0T:System.Collections.ObjectModel.ReadOnlyCollection`1[[T]], mscorlib, 4.0.0.0","ClassCtx":"0T:OxyPlot.Series.ScatterSeries`1[[T]], OxyPlot_NET40","MethodCtx":"0M:[OxyPlot.TrackerHitResult, OxyPlot_NET40] [OxyPlot.Series.Series, OxyPlot_NET40].GetNearestPoint([s:OxyPlot.ScreenPoint, OxyPlot_NET40] point, [p:bool] interpolate)","Definition":{"Type":"MEMBER_ACCESS","Member":"0P:get [System.Collections.ObjectModel.ReadOnlyCollection`1[[T]], mscorlib, 4.0.0.0] [OxyPlot.Series.ScatterSeries`1[[T]], OxyPlot_NET40].ActualPoints()"}}