{"Type":"0T:System.Collections.ObjectModel.ReadOnlyCollection`1[[T]], mscorlib, 4.0.0.0","ClassCtx":"0T:OxyPlot.Series.ScatterSeries`1[[T]], OxyPlot_NET40","MethodCtx":"0M:[p:void] [OxyPlot.Series.ScatterSeries`1[[T]], OxyPlot_NET40].InternalUpdateMaxMinValue([System.Collections.Generic.List`1[[T]], mscorlib, 4.0.0.0] pts)","Definition":{"Type":"MEMBER_ACCESS","Member":"0P:get [System.Collections.ObjectModel.ReadOnlyCollection`1[[T]], mscorlib, 4.0.0.0] [OxyPlot.Series.ScatterSeries`1[[T]], OxyPlot_NET40].ActualPoints()"}}