{"Type":"0T:System.ComponentModel.DataAnnotations.DataTypeAttribute, System.ComponentModel.DataAnnotations, 4.0.0.0","ClassCtx":"0T:Apress.Recipes.WebApi.Areas.HelpPage.ModelDescriptions.ModelDescriptionGenerator, Apress.Recipes.WebApi","MethodCtx":"0M:[TResult] [d:[TResult] [System.Func`2[[T],[TResult]], mscorlib, 4.0.0.0].([T] arg)].Invoke([T] arg)","Definition":{"Type":"CAST"},"MemberAccesses":[{"Type":"MEMBER_REFERENCE","Member":"0P:get [p:string] [System.ComponentModel.DataAnnotations.DataTypeAttribute, System.ComponentModel.DataAnnotations, 4.0.0.0].CustomDataType()"},{"Type":"MEMBER_REFERENCE","Member":"0P:get [e:System.ComponentModel.DataAnnotations.DataType, System.ComponentModel.DataAnnotations, 4.0.0.0] [System.ComponentModel.DataAnnotations.DataTypeAttribute, System.ComponentModel.DataAnnotations, 4.0.0.0].DataType()"}]}