{"Type":"0T:s:System.Nullable`1[[T]], mscorlib, 4.0.0.0","ClassCtx":"0T:OxyPlot.GtkSharp.PlotView, OxyPlot.GtkSharp_NET40","MethodCtx":"0M:[p:void] [OxyPlot.GtkSharp.PlotView, OxyPlot.GtkSharp_NET40].DrawPlot([?] cr)","Definition":{"Type":"MEMBER_ACCESS","Member":"0F:[s:System.Nullable`1[[T]], mscorlib, 4.0.0.0] [OxyPlot.GtkSharp.PlotView, OxyPlot.GtkSharp_NET40].zoomRectangle"},"MemberAccesses":[{"Type":"MEMBER_REFERENCE","Member":"0P:get [p:bool] [s:System.Nullable`1[[T]], mscorlib, 4.0.0.0].HasValue()"}]}