{"Type":"0T:s:System.Nullable`1[[T]], mscorlib, 4.0.0.0","ClassCtx":"0T:OxyPlot.MathRenderingExtensions, OxyPlot_NET40","MethodCtx":"0M:static [s:OxyPlot.OxySize, OxyPlot_NET40] [OxyPlot.MathRenderingExtensions, OxyPlot_NET40].DrawMathText(this [i:OxyPlot.IRenderContext, OxyPlot_NET40] rc, [s:OxyPlot.ScreenPoint, OxyPlot_NET40] pt, [p:string] text, [s:OxyPlot.OxyColor, OxyPlot_NET40] textColor, [p:string] fontFamily, [p:double] fontSize, [p:double] fontWeight, [p:double] angle, [e:OxyPlot.HorizontalAlignment, OxyPlot_NET40] ha, [e:OxyPlot.VerticalAlignment, OxyPlot_NET40] va, [s:System.Nullable`1[[T]], mscorlib, 4.0.0.0] maxSize, [p:bool] measure)","Definition":{"Type":"METHOD_PARAMETER","Member":"0M:static [s:OxyPlot.OxySize, OxyPlot_NET40] [OxyPlot.MathRenderingExtensions, OxyPlot_NET40].DrawMathText(this [i:OxyPlot.IRenderContext, OxyPlot_NET40] rc, [s:OxyPlot.ScreenPoint, OxyPlot_NET40] pt, [p:string] text, [s:OxyPlot.OxyColor, OxyPlot_NET40] textColor, [p:string] fontFamily, [p:double] fontSize, [p:double] fontWeight, [p:double] angle, [e:OxyPlot.HorizontalAlignment, OxyPlot_NET40] ha, [e:OxyPlot.VerticalAlignment, OxyPlot_NET40] va, [s:System.Nullable`1[[T]], mscorlib, 4.0.0.0] maxSize, [p:bool] measure)","ArgIndex":10},"CallParameters":[{"Method":"0M:[p:void] [i:OxyPlot.IRenderContext, OxyPlot_NET40].DrawText([s:OxyPlot.ScreenPoint, OxyPlot_NET40] p, [p:string] text, [s:OxyPlot.OxyColor, OxyPlot_NET40] fill, opt [p:string] fontFamily, opt [p:double] fontSize, opt [p:double] fontWeight, opt [p:double] rotation, opt [e:OxyPlot.HorizontalAlignment, OxyPlot_NET40] horizontalAlignment, opt [e:OxyPlot.VerticalAlignment, OxyPlot_NET40] verticalAlignment, opt [s:System.Nullable`1[[T]], mscorlib, 4.0.0.0] maxSize)","ArgIndex":9}]}