{"Type":"0T:s:System.Nullable`1[[T]], mscorlib, 4.0.0.0","ClassCtx":"0T:OxyPlot.MathRenderingExtensions, OxyPlot_NET40","MethodCtx":"0M:static [p:void] [OxyPlot.MathRenderingExtensions, OxyPlot_NET40].DrawMathText(this [i:OxyPlot.IRenderContext, OxyPlot_NET40] rc, [s:OxyPlot.ScreenPoint, OxyPlot_NET40] pt, [p:string] text, [s:OxyPlot.OxyColor, OxyPlot_NET40] textColor, [p:string] fontFamily, [p:double] fontSize, [p:double] fontWeight, [p:double] angle, [e:OxyPlot.HorizontalAlignment, OxyPlot_NET40] ha, [e:OxyPlot.VerticalAlignment, OxyPlot_NET40] va, opt [s:System.Nullable`1[[T]], mscorlib, 4.0.0.0] maxSize)","Definition":{"Type":"METHOD_PARAMETER","Member":"0M:static [p:void] [OxyPlot.MathRenderingExtensions, OxyPlot_NET40].DrawMathText(this [i:OxyPlot.IRenderContext, OxyPlot_NET40] rc, [s:OxyPlot.ScreenPoint, OxyPlot_NET40] pt, [p:string] text, [s:OxyPlot.OxyColor, OxyPlot_NET40] textColor, [p:string] fontFamily, [p:double] fontSize, [p:double] fontWeight, [p:double] angle, [e:OxyPlot.HorizontalAlignment, OxyPlot_NET40] ha, [e:OxyPlot.VerticalAlignment, OxyPlot_NET40] va, opt [s:System.Nullable`1[[T]], mscorlib, 4.0.0.0] maxSize)","ArgIndex":10},"CallParameters":[{"Method":"0M:static [s:OxyPlot.OxySize, OxyPlot_NET40] [OxyPlot.MathRenderingExtensions, OxyPlot_NET40].DrawMathText(this [i:OxyPlot.IRenderContext, OxyPlot_NET40] rc, [s:OxyPlot.ScreenPoint, OxyPlot_NET40] pt, [p:string] text, [s:OxyPlot.OxyColor, OxyPlot_NET40] textColor, [p:string] fontFamily, [p:double] fontSize, [p:double] fontWeight, [p:double] angle, [e:OxyPlot.HorizontalAlignment, OxyPlot_NET40] ha, [e:OxyPlot.VerticalAlignment, OxyPlot_NET40] va, [s:System.Nullable`1[[T]], mscorlib, 4.0.0.0] maxSize, [p:bool] measure)","ArgIndex":10}]}