{"Type":"0T:s:System.Nullable`1[[T]], mscorlib, 4.0.0.0","ClassCtx":"0T:OxyPlot.RenderingExtensions, OxyPlot_NET40","MethodCtx":"0M:static [p:void] [OxyPlot.RenderingExtensions, OxyPlot_NET40].DrawClippedRectangleAsPolygon(this [i:OxyPlot.IRenderContext, OxyPlot_NET40] rc, [s:OxyPlot.OxyRect, OxyPlot_NET40] clippingRectangle, [s:OxyPlot.OxyRect, OxyPlot_NET40] rect, [s:OxyPlot.OxyColor, OxyPlot_NET40] fill, [s:OxyPlot.OxyColor, OxyPlot_NET40] stroke, [p:double] thickness)","Definition":{"Type":"RETURN_VALUE","Member":"0M:static [s:System.Nullable`1[[T]], mscorlib, 4.0.0.0] [OxyPlot.RenderingExtensions, OxyPlot_NET40].ClipRect([s:OxyPlot.OxyRect, OxyPlot_NET40] rect, [s:OxyPlot.OxyRect, OxyPlot_NET40] clippingRectangle)"}}