{"Type":"0T:s:System.Nullable`1[[T]], mscorlib, 4.0.0.0","ClassCtx":"0T:OxyPlot.Series.LineSeries, OxyPlot_NET40","MethodCtx":"0M:[p:bool] [OxyPlot.Series.LineSeries, OxyPlot_NET40].ExtractNextContiguousLineSegment([i:System.Collections.Generic.IEnumerator`1[[T]], mscorlib, 4.0.0.0] pointEnumerator, ref [s:System.Nullable`1[[T]], mscorlib, 4.0.0.0] previousContiguousLineSegmentEndPoint, [System.Collections.Generic.List`1[[T]], mscorlib, 4.0.0.0] broken, [System.Collections.Generic.List`1[[T]], mscorlib, 4.0.0.0] contiguous)","Definition":{"Type":"UNKNOWN"},"MemberAccesses":[{"Type":"MEMBER_REFERENCE","Member":"0P:get [p:bool] [s:System.Nullable`1[[T]], mscorlib, 4.0.0.0].HasValue()"}]}