{"Type":"0T:s:System.Nullable`1[[T]], mscorlib, 4.0.0.0","ClassCtx":"0T:OxyPlot.PdfRenderContext, OxyPlot_NET40","MethodCtx":"0M:[p:void] [i:OxyPlot.IRenderContext, OxyPlot_NET40].DrawText([s:OxyPlot.ScreenPoint, OxyPlot_NET40] p, [p:string] text, [s:OxyPlot.OxyColor, OxyPlot_NET40] fill, opt [p:string] fontFamily, opt [p:double] fontSize, opt [p:double] fontWeight, opt [p:double] rotation, opt [e:OxyPlot.HorizontalAlignment, OxyPlot_NET40] horizontalAlignment, opt [e:OxyPlot.VerticalAlignment, OxyPlot_NET40] verticalAlignment, opt [s:System.Nullable`1[[T]], mscorlib, 4.0.0.0] maxSize)","Definition":{"Type":"METHOD_PARAMETER","Member":"0M:[p:void] [OxyPlot.PdfRenderContext, OxyPlot_NET40].DrawText([s:OxyPlot.ScreenPoint, OxyPlot_NET40] p, [p:string] text, [s:OxyPlot.OxyColor, OxyPlot_NET40] fill, [p:string] fontFamily, [p:double] fontSize, [p:double] fontWeight, [p:double] rotate, [e:OxyPlot.HorizontalAlignment, OxyPlot_NET40] halign, [e:OxyPlot.VerticalAlignment, OxyPlot_NET40] valign, [s:System.Nullable`1[[T]], mscorlib, 4.0.0.0] maxSize)","ArgIndex":9},"MemberAccesses":[{"Type":"MEMBER_REFERENCE","Member":"0P:get [T] [s:System.Nullable`1[[T]], mscorlib, 4.0.0.0].Value()"},{"Type":"MEMBER_REFERENCE","Member":"0P:get [T] [s:System.Nullable`1[[T]], mscorlib, 4.0.0.0].Value()"},{"Type":"MEMBER_REFERENCE","Member":"0P:get [T] [s:System.Nullable`1[[T]], mscorlib, 4.0.0.0].Value()"},{"Type":"MEMBER_REFERENCE","Member":"0P:get [T] [s:System.Nullable`1[[T]], mscorlib, 4.0.0.0].Value()"}]}