{"Type":"0T:s:System.Nullable`1[[T]], mscorlib, 4.0.0.0","ClassCtx":"0T:OxyPlot.Axes.HorizontalAndVerticalAxisRenderer, OxyPlot_NET40","MethodCtx":"0M:[p:void] [OxyPlot.Axes.HorizontalAndVerticalAxisRenderer, OxyPlot_NET40].RenderAxisTitle([OxyPlot.Axes.Axis, OxyPlot_NET40] axis, [p:double] titlePosition)","Definition":{"Type":"NEW","Member":"0M:[p:void] [s:OxyPlot.OxySize, OxyPlot_NET40]..ctor([p:double] width, [p:double] height)"},"CallParameters":[{"Method":"0M:static [p:void] [OxyPlot.MathRenderingExtensions, OxyPlot_NET40].DrawMathText(this [i:OxyPlot.IRenderContext, OxyPlot_NET40] rc, [s:OxyPlot.ScreenPoint, OxyPlot_NET40] pt, [p:string] text, [s:OxyPlot.OxyColor, OxyPlot_NET40] textColor, [p:string] fontFamily, [p:double] fontSize, [p:double] fontWeight, [p:double] angle, [e:OxyPlot.HorizontalAlignment, OxyPlot_NET40] ha, [e:OxyPlot.VerticalAlignment, OxyPlot_NET40] va, opt [s:System.Nullable`1[[T]], mscorlib, 4.0.0.0] maxSize)","ArgIndex":10}]}