{"Type":"0T:System.Collections.Generic.List`1[[T]], mscorlib, 4.0.0.0","ClassCtx":"0T:StockSharp.Anywhere.MainWindow, Anywhere","MethodCtx":"0M:[p:void] [StockSharp.Anywhere.MainWindow, Anywhere].Parsing([p:object] e)","Definition":{"Type":"MEMBER_ACCESS","Member":"0F:[System.Collections.Generic.List`1[[T]], mscorlib, 4.0.0.0] [StockSharp.Anywhere.MainWindow, Anywhere]._securities"},"CallParameters":[{"Method":"0M:[p:void] [StockSharp.Anywhere.InputTranParser, Anywhere]..ctor([?] transAdapter, [?] messAdapter, [System.Collections.Generic.List`1[[T]], mscorlib, 4.0.0.0] securities)","ArgIndex":2}]}