{"Type":"0T:System.Collections.Generic.List`1[[T]], mscorlib, 4.0.0.0","ClassCtx":"0T:StockSharp.Anywhere.InputTranParser, Anywhere","MethodCtx":"0M:[s:System.Collections.Generic.KeyValuePair`2[[TKey],[TValue]], mscorlib, 4.0.0.0] [StockSharp.Anywhere.InputTranParser, Anywhere].ConvertAndValidateCommandParams([p:string] key, [p:string] value)","Definition":{"Type":"MEMBER_ACCESS","Member":"0F:[System.Collections.Generic.List`1[[T]], mscorlib, 4.0.0.0] [StockSharp.Anywhere.InputTranParser, Anywhere]._securities"}}