{"Type":"0T:p:uint","ClassCtx":"0T:OxyPlot.RenderingExtensions, OxyPlot_NET40","MethodCtx":"0M:static [p:void] [OxyPlot.RenderingExtensions, OxyPlot_NET40].DrawMarkers(this [i:OxyPlot.IRenderContext, OxyPlot_NET40] rc, [s:OxyPlot.OxyRect, OxyPlot_NET40] clippingRectangle, [i:System.Collections.Generic.IList`1[[T]], mscorlib, 4.0.0.0] markerPoints, [e:OxyPlot.MarkerType, OxyPlot_NET40] markerType, [i:System.Collections.Generic.IList`1[[T]], mscorlib, 4.0.0.0] markerOutline, [i:System.Collections.Generic.IList`1[[T]], mscorlib, 4.0.0.0] markerSize, [s:OxyPlot.OxyColor, OxyPlot_NET40] markerFill, [s:OxyPlot.OxyColor, OxyPlot_NET40] markerStroke, [p:double] markerStrokeThickness, opt [p:int] resolution, opt [s:OxyPlot.ScreenPoint, OxyPlot_NET40] binOffset)","Definition":{"Type":"UNKNOWN"},"CallParameters":[{"Method":"0M:[p:bool] [System.Collections.Generic.Dictionary`2[[TKey],[TValue]], mscorlib, 4.0.0.0].ContainsKey([TKey] key)","ArgIndex":0},{"Method":"0M:[p:void] [System.Collections.Generic.Dictionary`2[[TKey],[TValue]], mscorlib, 4.0.0.0].Add([TKey] key, [TValue] value)","ArgIndex":0}]}