{"Type":"0T:p:uint","ClassCtx":"0T:OxyPlot.PngEncoder, OxyPlot_NET40","MethodCtx":"0M:static [p:byte[]] [OxyPlot.PngEncoder, OxyPlot_NET40].CreateUncompressedBlocks([p:byte[]] bytes)","Definition":{"Type":"RETURN_VALUE","Member":"0M:static [p:uint] [OxyPlot.PngEncoder, OxyPlot_NET40].Adler32([i:System.Collections.Generic.IEnumerable`1[[T]], mscorlib, 4.0.0.0] data)"},"CallParameters":[{"Method":"0M:static [p:void] [OxyPlot.PngEncoder, OxyPlot_NET40].WriteBigEndian([System.IO.BinaryWriter, mscorlib, 4.0.0.0] w, [p:uint] value)","ArgIndex":1}]}