{"Type":"0T:p:uint","ClassCtx":"0T:OxyPlot.PngEncoder, OxyPlot_NET40","MethodCtx":"0M:static [p:void] [OxyPlot.PngEncoder, OxyPlot_NET40].WriteBigEndian([System.IO.BinaryWriter, mscorlib, 4.0.0.0] w, [p:uint] value)","Definition":{"Type":"METHOD_PARAMETER","Member":"0M:static [p:void] [OxyPlot.PngEncoder, OxyPlot_NET40].WriteBigEndian([System.IO.BinaryWriter, mscorlib, 4.0.0.0] w, [p:uint] value)","ArgIndex":1},"CallParameters":[{"Method":"0M:static [p:byte[]] [System.BitConverter, mscorlib, 4.0.0.0].GetBytes([p:uint] value)","ArgIndex":0}]}