{"Type":"0T:p:uint","ClassCtx":"0T:OxyPlot.PngEncoder, OxyPlot_NET40","MethodCtx":"0M:static [p:void] [OxyPlot.PngEncoder, OxyPlot_NET40].WriteChunk([System.IO.BinaryWriter, mscorlib, 4.0.0.0] w, [p:string] type, [p:byte[]] data)","Definition":{"Type":"UNKNOWN"},"CallParameters":[{"Method":"0M:static [p:void] [OxyPlot.PngEncoder, OxyPlot_NET40].WriteBigEndian([System.IO.BinaryWriter, mscorlib, 4.0.0.0] w, [p:uint] value)","ArgIndex":1},{"Method":"0M:static [p:ulong] [OxyPlot.PngEncoder, OxyPlot_NET40].UpdateCrc([p:ulong] crc, [i:System.Collections.Generic.IEnumerable`1[[T]], mscorlib, 4.0.0.0] data)","ArgIndex":0}]}