{"Type":"0T:System.Reflection.FieldInfo, mscorlib, 4.0.0.0","ClassCtx":"0T:Apress.Recipes.WebApi.Areas.HelpPage.ObjectGenerator, Apress.Recipes.WebApi","MethodCtx":"0M:static [p:void] [Apress.Recipes.WebApi.Areas.HelpPage.ObjectGenerator, Apress.Recipes.WebApi].SetPublicFields([System.Type, mscorlib, 4.0.0.0] type, [p:object] obj, [System.Collections.Generic.Dictionary`2[[TKey],[TValue]], mscorlib, 4.0.0.0] createdObjectReferences)","Definition":{"Type":"UNKNOWN"},"MemberAccesses":[{"Type":"METHOD_CALL","Member":"0M:[p:void] [System.Reflection.FieldInfo, mscorlib, 4.0.0.0].SetValue([p:object] obj, [p:object] value)"}]}