{"Type":"0T:System.Web.Mvc.AreaRegistrationContext, System.Web.Mvc, 5.1.0.0","ClassCtx":"0T:Apress.Recipes.WebApi.Areas.HelpPage.HelpPageAreaRegistration, Apress.Recipes.WebApi","MethodCtx":"0M:[p:void] [System.Web.Mvc.AreaRegistration, System.Web.Mvc, 5.1.0.0].RegisterArea([System.Web.Mvc.AreaRegistrationContext, System.Web.Mvc, 5.1.0.0] context)","Definition":{"Type":"METHOD_PARAMETER","Member":"0M:[p:void] [Apress.Recipes.WebApi.Areas.HelpPage.HelpPageAreaRegistration, Apress.Recipes.WebApi].RegisterArea([System.Web.Mvc.AreaRegistrationContext, System.Web.Mvc, 5.1.0.0] context)","ArgIndex":0},"MemberAccesses":[{"Type":"METHOD_CALL","Member":"0M:[System.Web.Routing.Route, System.Web, 4.0.0.0] [System.Web.Mvc.AreaRegistrationContext, System.Web.Mvc, 5.1.0.0].MapRoute([p:string] name, [p:string] url, [p:object] defaults)"}]}