{"Type":"0T:p:object","ClassCtx":"0T:OxyPlot.Model, OxyPlot_NET40","MethodCtx":"0M:[p:void] [OxyPlot.Model, OxyPlot_NET40].OnKeyDown([p:object] sender, [OxyPlot.OxyKeyEventArgs, OxyPlot_NET40] e)","Definition":{"Type":"METHOD_PARAMETER","Member":"0M:[p:void] [OxyPlot.Model, OxyPlot_NET40].OnKeyDown([p:object] sender, [OxyPlot.OxyKeyEventArgs, OxyPlot_NET40] e)","ArgIndex":0},"CallParameters":[{"Method":"0M:[p:void] [d:[p:void] [System.EventHandler`1[[TEventArgs]], mscorlib, 4.0.0.0].([p:object] sender, [TEventArgs] e)].Invoke([p:object] sender, [TEventArgs] e)","ArgIndex":0}]}