{"Type":"0T:p:object","ClassCtx":"0T:OxyPlot.Series.BarSeriesBase, OxyPlot_NET40","MethodCtx":"0M:[OxyPlot.TrackerHitResult, OxyPlot_NET40] [OxyPlot.Series.Series, OxyPlot_NET40].GetNearestPoint([s:OxyPlot.ScreenPoint, OxyPlot_NET40] point, [p:bool] interpolate)","Definition":{"Type":"UNKNOWN"},"CallParameters":[{"Method":"0M:[p:string] [OxyPlot.Series.BarSeriesBase, OxyPlot_NET40].GetTrackerText([OxyPlot.Series.BarItemBase, OxyPlot_NET40] barItem, [p:object] item, [p:int] categoryIndex)","ArgIndex":1}]}