{"Type":"0T:p:object","ClassCtx":"0T:OxyPlot.Series.ScatterErrorPoint, OxyPlot_NET40","MethodCtx":"0M:[p:void] [OxyPlot.Series.ScatterErrorPoint, OxyPlot_NET40]..ctor([p:double] x, [p:double] y, [p:double] errorX, [p:double] errorY, opt [p:double] size, opt [p:double] value, opt [p:object] tag)","Definition":{"Type":"METHOD_PARAMETER","Member":"0M:[p:void] [OxyPlot.Series.ScatterErrorPoint, OxyPlot_NET40]..ctor([p:double] x, [p:double] y, [p:double] errorX, [p:double] errorY, opt [p:double] size, opt [p:double] value, opt [p:object] tag)","ArgIndex":6},"CallParameters":[{"Method":"0M:[p:void] [OxyPlot.Series.ScatterPoint, OxyPlot_NET40]..ctor([p:double] x, [p:double] y, opt [p:double] size, opt [p:double] value, opt [p:object] tag)","ArgIndex":4}]}