{"Type":"0T:p:object","ClassCtx":"0T:OxyPlot.Series.ScatterSeries`1[[T]], OxyPlot_NET40","MethodCtx":"0M:[OxyPlot.TrackerHitResult, OxyPlot_NET40] [OxyPlot.Series.Series, OxyPlot_NET40].GetNearestPoint([s:OxyPlot.ScreenPoint, OxyPlot_NET40] point, [p:bool] interpolate)","Definition":{"Type":"RETURN_VALUE","Member":"0M:[p:object] [OxyPlot.Axes.Axis, OxyPlot_NET40].GetValue([p:double] x)"},"CallParameters":[{"Method":"0M:static [p:string] [OxyPlot.StringHelper, OxyPlot_NET40].Format([i:System.IFormatProvider, mscorlib, 4.0.0.0] provider, [p:string] formatString, [p:object] item, params [p:object[]] values)","ArgIndex":3},{"Method":"0M:static [p:string] [OxyPlot.StringHelper, OxyPlot_NET40].Format([i:System.IFormatProvider, mscorlib, 4.0.0.0] provider, [p:string] formatString, [p:object] item, params [p:object[]] values)","ArgIndex":2}]}