{"Type":"0T:p:object","ClassCtx":"0T:OxyPlot.Series.ScatterSeries`1[[T]], OxyPlot_NET40","MethodCtx":"0M:[p:void] [OxyPlot.Series.ScatterSeries`1[[T]], OxyPlot_NET40].RenderPointLabels([i:OxyPlot.IRenderContext, OxyPlot_NET40] rc, [s:OxyPlot.OxyRect, OxyPlot_NET40] clippingRect)","Definition":{"Type":"RETURN_VALUE","Member":"0M:[p:object] [OxyPlot.Series.ItemsSeries, OxyPlot_NET40].GetItem([p:int] i)"},"CallParameters":[{"Method":"0M:static [p:string] [OxyPlot.StringHelper, OxyPlot_NET40].Format([i:System.IFormatProvider, mscorlib, 4.0.0.0] provider, [p:string] formatString, [p:object] item, params [p:object[]] values)","ArgIndex":2}]}