{"Type":"0T:p:object","ClassCtx":"0T:OxyPlot.Series.ScatterSeries, OxyPlot_NET40","MethodCtx":"0M:[TResult] [d:[TResult] [System.Func`2[[T],[TResult]], mscorlib, 4.0.0.0].([T] arg)].Invoke([T] arg)","Definition":{"Type":"UNKNOWN"},"CallParameters":[{"Method":"0M:[p:void] [OxyPlot.Series.ScatterPoint, OxyPlot_NET40]..ctor([p:double] x, [p:double] y, opt [p:double] size, opt [p:double] value, opt [p:object] tag)","ArgIndex":4},{"Method":"0M:static [p:double] [System.Convert, mscorlib, 4.0.0.0].ToDouble([p:object] value)","ArgIndex":0}]}