{"Type":"0T:p:object","ClassCtx":"0T:OxyPlot.Series.CandleStickSeries, OxyPlot_NET40","MethodCtx":"0M:[OxyPlot.Series.HighLowItem, OxyPlot_NET40] [OxyPlot.Series.CandleStickSeries, OxyPlot_NET40].ToNativeBar([p:object] bar)","Definition":{"Type":"METHOD_PARAMETER","Member":"0M:[OxyPlot.Series.HighLowItem, OxyPlot_NET40] [OxyPlot.Series.CandleStickSeries, OxyPlot_NET40].ToNativeBar([p:object] bar)","ArgIndex":0},"CallParameters":[{"Method":"0M:[p:double] [OxyPlot.Series.CandleStickSeries, OxyPlot_NET40].FieldValueOf([p:object] item, [p:string] propertyName)","ArgIndex":0}]}