{"Type":"0T:p:object","ClassCtx":"0T:OxyPlot.Series.CandleStickSeries, OxyPlot_NET40","MethodCtx":"0M:[p:double] [OxyPlot.Series.CandleStickSeries, OxyPlot_NET40].FieldValueOf([p:object] item, [p:string] propertyName)","Definition":{"Type":"RETURN_VALUE","Member":"0M:[p:object] [System.Reflection.PropertyInfo, mscorlib, 4.0.0.0].GetValue([p:object] obj, [p:object[]] index)"},"CallParameters":[{"Method":"0M:static [p:double] [OxyPlot.Axes.Axis, OxyPlot_NET40].ToDouble([p:object] value)","ArgIndex":0},{"Method":"0M:[p:object] [System.Reflection.PropertyInfo, mscorlib, 4.0.0.0].GetValue([p:object] obj, [p:object[]] index)","ArgIndex":0}],"MemberAccesses":[{"Type":"METHOD_CALL","Member":"0M:[System.Type, mscorlib, 4.0.0.0] [p:object].GetType()"}]}