{"Type":"0T:p:object","ClassCtx":"0T:OxyPlot.Series.HighLowSeries, OxyPlot_NET40","MethodCtx":"0M:[p:void] [d:[p:void] [System.Action`3[[T1],[T2],[T3]], mscorlib, 4.0.0.0].([T1] arg1, [T2] arg2, [T3] arg3)].Invoke([T1] arg1, [T2] arg2, [T3] arg3)","Definition":{"Type":"RETURN_VALUE","Member":"0M:[p:object] [OxyPlot.Axes.Axis, OxyPlot_NET40].GetValue([p:double] x)"},"CallParameters":[{"Method":"0M:static [p:string] [OxyPlot.StringHelper, OxyPlot_NET40].Format([i:System.IFormatProvider, mscorlib, 4.0.0.0] provider, [p:string] formatString, [p:object] item, params [p:object[]] values)","ArgIndex":3}]}