{"Type":"0T:p:object","ClassCtx":"0T:OxyPlot.CodeGenerator, OxyPlot_NET40","MethodCtx":"0M:[p:string] [OxyPlot.CodeGenerator, OxyPlot_NET40].Add([p:object] obj)","Definition":{"Type":"RETURN_VALUE","Member":"0M:static [p:object] [System.Activator, mscorlib, 4.0.0.0].CreateInstance([System.Type, mscorlib, 4.0.0.0] type)"},"CallParameters":[{"Method":"0M:[p:void] [OxyPlot.CodeGenerator, OxyPlot_NET40].SetProperties([p:object] instance, [p:string] varName, [p:object] defaultValues)","ArgIndex":0},{"Method":"0M:[p:void] [OxyPlot.CodeGenerator, OxyPlot_NET40].SetProperties([p:object] instance, [p:string] varName, [p:object] defaultValues)","ArgIndex":2}],"MemberAccesses":[{"Type":"METHOD_CALL","Member":"0M:[System.Type, mscorlib, 4.0.0.0] [p:object].GetType()"}]}