{"Type":"0T:p:object","ClassCtx":"0T:OxyPlot.CodeGenerator, OxyPlot_NET40","MethodCtx":"0M:[p:void] [OxyPlot.CodeGenerator, OxyPlot_NET40].SetProperties([p:object] instance, [p:string] varName, [p:object] defaultValues)","Definition":{"Type":"RETURN_VALUE","Member":"0M:[p:object] [System.Reflection.PropertyInfo, mscorlib, 4.0.0.0].GetValue([p:object] obj, [p:object[]] index)"},"CallParameters":[{"Method":"0M:[p:void] [OxyPlot.CodeGenerator, OxyPlot_NET40].SetProperty([p:string] name, [p:object] value)","ArgIndex":1},{"Method":"0M:[p:bool] [p:object].Equals([p:object] obj)","ArgIndex":0},{"Method":"0M:[p:object] [System.Reflection.PropertyInfo, mscorlib, 4.0.0.0].GetValue([p:object] obj, [p:object[]] index)","ArgIndex":0}],"MemberAccesses":[{"Type":"METHOD_CALL","Member":"0M:[System.Type, mscorlib, 4.0.0.0] [p:object].GetType()"},{"Type":"METHOD_CALL","Member":"0M:[p:bool] [p:object].Equals([p:object] obj)"}]}