{"Type":"0T:p:object","ClassCtx":"0T:OxyPlot.ListBuilder`1[[T]], OxyPlot_NET40","MethodCtx":"0M:[p:void] [OxyPlot.ListBuilder`1[[T]], OxyPlot_NET40].Fill([i:System.Collections.IList, mscorlib, 4.0.0.0] target, [i:System.Collections.IEnumerable, mscorlib, 4.0.0.0] source, [d:[TResult] [System.Func`2[[T],[TResult]], mscorlib, 4.0.0.0].([T] arg)] instanceCreator)","Definition":{"Type":"RETURN_VALUE","Member":"0M:[TResult] [d:[TResult] [System.Func`2[[T],[TResult]], mscorlib, 4.0.0.0].([T] arg)].Invoke([T] arg)"},"CallParameters":[{"Method":"0M:[p:int] [i:System.Collections.IList, mscorlib, 4.0.0.0].Add([p:object] value)","ArgIndex":0},{"Method":"0M:[p:void] [System.Collections.Generic.List`1[[T]], mscorlib, 4.0.0.0].Add([T] item)","ArgIndex":0},{"Method":"0M:[p:object] [System.Reflection.PropertyInfo, mscorlib, 4.0.0.0].GetValue([p:object] obj, [p:object[]] index)","ArgIndex":0}],"MemberAccesses":[{"Type":"METHOD_CALL","Member":"0M:[System.Type, mscorlib, 4.0.0.0] [p:object].GetType()"},{"Type":"METHOD_CALL","Member":"0M:[System.Type, mscorlib, 4.0.0.0] [p:object].GetType()"}]}