{"Type":"0T:p:object","ClassCtx":"0T:OxyPlot.ReflectionPath, OxyPlot_NET40","MethodCtx":"0M:[p:object] [OxyPlot.ReflectionPath, OxyPlot_NET40].GetValue([p:object] instance)","Definition":{"Type":"RETURN_VALUE","Member":"0M:[p:object] [System.Reflection.PropertyInfo, mscorlib, 4.0.0.0].GetValue([p:object] obj, [p:object[]] index)"},"CallParameters":[{"Method":"0M:[p:object] [System.Reflection.PropertyInfo, mscorlib, 4.0.0.0].GetValue([p:object] obj, [p:object[]] index)","ArgIndex":0}],"MemberAccesses":[{"Type":"METHOD_CALL","Member":"0M:[System.Type, mscorlib, 4.0.0.0] [p:object].GetType()"}]}