{"Type":"0T:p:object","ClassCtx":"0T:OxyPlot.ReflectionExtensions, OxyPlot_NET40","MethodCtx":"0M:static [p:void] [OxyPlot.ReflectionExtensions, OxyPlot_NET40].AddRange`1[[T]](this [System.Collections.Generic.List`1[[T]], mscorlib, 4.0.0.0] target, [i:System.Collections.IEnumerable, mscorlib, 4.0.0.0] source, [p:string] propertyName)","Definition":{"Type":"RETURN_VALUE","Member":"0M:static [p:object] [System.Convert, mscorlib, 4.0.0.0].ChangeType([p:object] value, [System.Type, mscorlib, 4.0.0.0] conversionType, [i:System.IFormatProvider, mscorlib, 4.0.0.0] provider)"},"CallParameters":[{"Method":"0M:static [p:object] [System.Convert, mscorlib, 4.0.0.0].ChangeType([p:object] value, [System.Type, mscorlib, 4.0.0.0] conversionType, [i:System.IFormatProvider, mscorlib, 4.0.0.0] provider)","ArgIndex":0},{"Method":"0M:[p:object] [OxyPlot.ReflectionPath, OxyPlot_NET40].GetValue([p:object] instance)","ArgIndex":0}]}