{"Type":"0T:p:object","ClassCtx":"0T:OxyPlot.ReflectionExtensions, OxyPlot_NET40","MethodCtx":"0M:static [p:void] [OxyPlot.ReflectionExtensions, OxyPlot_NET40].AddFormattedRange(this [System.Collections.Generic.List`1[[T]], mscorlib, 4.0.0.0] target, [i:System.Collections.IEnumerable, mscorlib, 4.0.0.0] source, [p:string] propertyName, [p:string] formatString, [i:System.IFormatProvider, mscorlib, 4.0.0.0] provider)","Definition":{"Type":"RETURN_VALUE","Member":"0M:[p:object] [OxyPlot.ReflectionPath, OxyPlot_NET40].GetValue([p:object] instance)"},"CallParameters":[{"Method":"0M:static [p:string] [p:string].Format([i:System.IFormatProvider, mscorlib, 4.0.0.0] provider, [p:string] format, params [p:object[]] args)","ArgIndex":2},{"Method":"0M:[p:object] [OxyPlot.ReflectionPath, OxyPlot_NET40].GetValue([p:object] instance)","ArgIndex":0}]}