{"Type":"0T:p:object","ClassCtx":"0T:OxyPlot.ReflectionExtensions, OxyPlot_NET40","MethodCtx":"0M:static [p:void] [OxyPlot.ReflectionExtensions, OxyPlot_NET40].AddRange(this [System.Collections.Generic.List`1[[T]], mscorlib, 4.0.0.0] target, [i:System.Collections.IEnumerable, mscorlib, 4.0.0.0] itemsSource, [p:string] dataFieldX, [p:string] dataFieldY)","Definition":{"Type":"RETURN_VALUE","Member":"0M:[p:object] [OxyPlot.ReflectionPath, OxyPlot_NET40].GetValue([p:object] instance)"},"CallParameters":[{"Method":"0M:static [p:double] [OxyPlot.Axes.Axis, OxyPlot_NET40].ToDouble([p:object] value)","ArgIndex":0},{"Method":"0M:[p:object] [OxyPlot.ReflectionPath, OxyPlot_NET40].GetValue([p:object] instance)","ArgIndex":0}]}