{"Type":"0T:p:object","ClassCtx":"0T:OxyPlot.Model, OxyPlot_NET40","MethodCtx":"0M:[p:void] [OxyPlot.Model, OxyPlot_NET40].HandleMouseDown([p:object] sender, [OxyPlot.OxyMouseDownEventArgs, OxyPlot_NET40] e)","Definition":{"Type":"METHOD_PARAMETER","Member":"0M:[p:void] [OxyPlot.Model, OxyPlot_NET40].HandleMouseDown([p:object] sender, [OxyPlot.OxyMouseDownEventArgs, OxyPlot_NET40] e)","ArgIndex":0},"CallParameters":[{"Method":"0M:[p:void] [OxyPlot.Model, OxyPlot_NET40].OnMouseDown([p:object] sender, [OxyPlot.OxyMouseDownEventArgs, OxyPlot_NET40] e)","ArgIndex":0}]}