{"Type":"0T:p:object","ClassCtx":"0T:OxyPlot.Model, OxyPlot_NET40","MethodCtx":"0M:[p:void] [OxyPlot.Model, OxyPlot_NET40].HandleMouseMove([p:object] sender, [OxyPlot.OxyMouseEventArgs, OxyPlot_NET40] e)","Definition":{"Type":"METHOD_PARAMETER","Member":"0M:[p:void] [OxyPlot.Model, OxyPlot_NET40].HandleMouseMove([p:object] sender, [OxyPlot.OxyMouseEventArgs, OxyPlot_NET40] e)","ArgIndex":0},"CallParameters":[{"Method":"0M:[p:void] [OxyPlot.Model, OxyPlot_NET40].OnMouseMove([p:object] sender, [OxyPlot.OxyMouseEventArgs, OxyPlot_NET40] e)","ArgIndex":0}]}