{"Type":"0T:System.IO.FileStream, mscorlib, 4.0.0.0","ClassCtx":"0T:StockSharp.Anywhere.WriteHelpers, Anywhere","MethodCtx":"0M:static [p:void] [StockSharp.Anywhere.WriteHelpers, Anywhere].MemoryToFile([p:string] line, [p:string] filePath)","Definition":{"Type":"NEW","Member":"0M:[p:void] [System.IO.FileStream, mscorlib, 4.0.0.0]..ctor([p:string] path, [e:System.IO.FileMode, mscorlib, 4.0.0.0] mode, [e:System.IO.FileAccess, mscorlib, 4.0.0.0] access, [e:System.IO.FileShare, mscorlib, 4.0.0.0] share)"},"CallParameters":[{"Method":"0M:[p:void] [System.IO.MemoryStream, mscorlib, 4.0.0.0].WriteTo([System.IO.Stream, mscorlib, 4.0.0.0] stream)","ArgIndex":0}]}