{"Type":"0T:System.IO.FileStream, mscorlib, 4.0.0.0","ClassCtx":"0T:StockSharp.Anywhere.InputTranParser, Anywhere","MethodCtx":"0M:[p:void] [StockSharp.Anywhere.InputTranParser, Anywhere].OnFileChanged([p:object] source, [System.IO.FileSystemEventArgs, System, 4.0.0.0] e)","Definition":{"Type":"NEW","Member":"0M:[p:void] [System.IO.FileStream, mscorlib, 4.0.0.0]..ctor([p:string] path, [e:System.IO.FileMode, mscorlib, 4.0.0.0] mode, [e:System.IO.FileAccess, mscorlib, 4.0.0.0] access, [e:System.IO.FileShare, mscorlib, 4.0.0.0] share)"},"CallParameters":[{"Method":"0M:[p:void] [System.IO.StreamReader, mscorlib, 4.0.0.0]..ctor([System.IO.Stream, mscorlib, 4.0.0.0] stream)","ArgIndex":0}]}