{"Type":"0T:System.Xml.XPath.XPathDocument, System.Xml, 4.0.0.0","ClassCtx":"0T:Apress.Recipes.WebApi.Areas.HelpPage.XmlDocumentationProvider, Apress.Recipes.WebApi","MethodCtx":"0M:[p:void] [Apress.Recipes.WebApi.Areas.HelpPage.XmlDocumentationProvider, Apress.Recipes.WebApi]..ctor([p:string] documentPath)","Definition":{"Type":"NEW","Member":"0M:[p:void] [System.Xml.XPath.XPathDocument, System.Xml, 4.0.0.0]..ctor([p:string] uri)"},"MemberAccesses":[{"Type":"METHOD_CALL","Member":"0M:[System.Xml.XPath.XPathNavigator, System.Xml, 4.0.0.0] [System.Xml.XPath.XPathDocument, System.Xml, 4.0.0.0].CreateNavigator()"}]}