{"Type":"0T:i:System.Collections.Generic.ICollection`1[[T]], mscorlib, 4.0.0.0","ClassCtx":"0T:OxyPlot.Series.ContourSeries, OxyPlot_NET40","MethodCtx":"0M:[p:void] [OxyPlot.Series.ContourSeries, OxyPlot_NET40].AddContourLabels([OxyPlot.Series.ContourSeries+Contour, OxyPlot_NET40] contour, [s:OxyPlot.ScreenPoint[], OxyPlot_NET40] pts, [s:OxyPlot.OxyRect, OxyPlot_NET40] clippingRect, [i:System.Collections.Generic.ICollection`1[[T]], mscorlib, 4.0.0.0] contourLabels)","Definition":{"Type":"METHOD_PARAMETER","Member":"0M:[p:void] [OxyPlot.Series.ContourSeries, OxyPlot_NET40].AddContourLabels([OxyPlot.Series.ContourSeries+Contour, OxyPlot_NET40] contour, [s:OxyPlot.ScreenPoint[], OxyPlot_NET40] pts, [s:OxyPlot.OxyRect, OxyPlot_NET40] clippingRect, [i:System.Collections.Generic.ICollection`1[[T]], mscorlib, 4.0.0.0] contourLabels)","ArgIndex":3},"MemberAccesses":[{"Type":"METHOD_CALL","Member":"0M:[p:void] [i:System.Collections.Generic.ICollection`1[[T]], mscorlib, 4.0.0.0].Add([T] item)"}]}