{"Type":"0T:i:System.Collections.Generic.ICollection`1[[T]], mscorlib, 4.0.0.0","ClassCtx":"0T:OxyPlot.Series.LineSeries, OxyPlot_NET40","MethodCtx":"0M:[p:void] [OxyPlot.Series.LineSeries, OxyPlot_NET40].RenderPoints([i:OxyPlot.IRenderContext, OxyPlot_NET40] rc, [s:OxyPlot.OxyRect, OxyPlot_NET40] clippingRect, [i:System.Collections.Generic.ICollection`1[[T]], mscorlib, 4.0.0.0] points)","Definition":{"Type":"METHOD_PARAMETER","Member":"0M:[p:void] [OxyPlot.Series.LineSeries, OxyPlot_NET40].RenderPoints([i:OxyPlot.IRenderContext, OxyPlot_NET40] rc, [s:OxyPlot.OxyRect, OxyPlot_NET40] clippingRect, [i:System.Collections.Generic.ICollection`1[[T]], mscorlib, 4.0.0.0] points)","ArgIndex":2},"MemberAccesses":[{"Type":"METHOD_CALL","Member":"0M:[i:System.Collections.Generic.IEnumerator`1[[T]], mscorlib, 4.0.0.0] [i:System.Collections.Generic.IEnumerable`1[[T]], mscorlib, 4.0.0.0].GetEnumerator()"}]}