{"Type":"0T:i:System.Collections.Generic.ICollection`1[[T]], mscorlib, 4.0.0.0","ClassCtx":"0T:ExampleLibrary.PerformanceExamples, ExampleLibrary_NET40","MethodCtx":"0M:static [p:void] [ExampleLibrary.PerformanceExamples, ExampleLibrary_NET40].AddPoints([i:System.Collections.Generic.ICollection`1[[T]], mscorlib, 4.0.0.0] points, [p:int] n)","Definition":{"Type":"METHOD_PARAMETER","Member":"0M:static [p:void] [ExampleLibrary.PerformanceExamples, ExampleLibrary_NET40].AddPoints([i:System.Collections.Generic.ICollection`1[[T]], mscorlib, 4.0.0.0] points, [p:int] n)","ArgIndex":0},"MemberAccesses":[{"Type":"METHOD_CALL","Member":"0M:[p:void] [i:System.Collections.Generic.ICollection`1[[T]], mscorlib, 4.0.0.0].Add([T] item)"}]}