{"Type":"0T:System.Collections.Generic.Dictionary`2[[TKey],[TValue]], mscorlib, 4.0.0.0","ClassCtx":"0T:Apress.Recipes.WebApi.Areas.HelpPage.ModelDescriptions.ModelDescriptionGenerator, Apress.Recipes.WebApi","MethodCtx":"0M:[Apress.Recipes.WebApi.Areas.HelpPage.ModelDescriptions.KeyValuePairModelDescription, Apress.Recipes.WebApi] [Apress.Recipes.WebApi.Areas.HelpPage.ModelDescriptions.ModelDescriptionGenerator, Apress.Recipes.WebApi].GenerateKeyValuePairModelDescription([System.Type, mscorlib, 4.0.0.0] modelType, [System.Type, mscorlib, 4.0.0.0] keyType, [System.Type, mscorlib, 4.0.0.0] valueType)","Definition":{"Type":"MEMBER_ACCESS","Member":"0P:set get [System.Collections.Generic.Dictionary`2[[TKey],[TValue]], mscorlib, 4.0.0.0] [Apress.Recipes.WebApi.Areas.HelpPage.ModelDescriptions.ModelDescriptionGenerator, Apress.Recipes.WebApi].GeneratedModels()"}}