{"Type":"0T:System.Collections.Generic.Dictionary`2[[TKey],[TValue]], mscorlib, 4.0.0.0","ClassCtx":"0T:Apress.Recipes.WebApi.Areas.HelpPage.ObjectGenerator+SimpleTypeObjectGenerator, Apress.Recipes.WebApi","MethodCtx":"0M:static [p:void] [Apress.Recipes.WebApi.Areas.HelpPage.ObjectGenerator+SimpleTypeObjectGenerator, Apress.Recipes.WebApi]..cinit()","Definition":{"Type":"RETURN_VALUE","Member":"0M:static [System.Collections.Generic.Dictionary`2[[TKey],[TValue]], mscorlib, 4.0.0.0] [Apress.Recipes.WebApi.Areas.HelpPage.ObjectGenerator+SimpleTypeObjectGenerator, Apress.Recipes.WebApi].InitializeGenerators()"}}