{"Type":"0T:Microsoft.Win32.RegistryKey, mscorlib, 4.0.0.0","ClassCtx":"0T:MSHelpSystem.Core.Help3Environment, HelpViewer","MethodCtx":"0M:[p:string] [MSHelpSystem.Core.Help3Environment, HelpViewer].LocalStore__get__()","Definition":{"Type":"RETURN_VALUE","Member":"0M:[Microsoft.Win32.RegistryKey, mscorlib, 4.0.0.0] [Microsoft.Win32.RegistryKey, mscorlib, 4.0.0.0].OpenSubKey([p:string] name, [p:bool] writable)"},"MemberAccesses":[{"Type":"METHOD_CALL","Member":"0M:[Microsoft.Win32.RegistryKey, mscorlib, 4.0.0.0] [Microsoft.Win32.RegistryKey, mscorlib, 4.0.0.0].OpenSubKey([p:string] name, [p:bool] writable)"},{"Type":"METHOD_CALL","Member":"0M:[p:object] [Microsoft.Win32.RegistryKey, mscorlib, 4.0.0.0].GetValue([p:string] name, [p:object] defaultValue)"},{"Type":"METHOD_CALL","Member":"0M:[p:void] [Microsoft.Win32.RegistryKey, mscorlib, 4.0.0.0].Close()"}]}