{"Type":"0T:System.Web.Http.Controllers.HttpControllerDescriptor, System.Web.Http, 5.1.0.0","ClassCtx":"0T:Apress.Recipes.WebApi.Areas.HelpPage.HelpPageSampleGenerator, Apress.Recipes.WebApi","MethodCtx":"0M:[System.Type, mscorlib, 4.0.0.0] [Apress.Recipes.WebApi.Areas.HelpPage.HelpPageSampleGenerator, Apress.Recipes.WebApi].ResolveHttpRequestMessageType([System.Web.Http.Description.ApiDescription, System.Web.Http, 5.1.0.0] api)","Definition":{"Type":"MEMBER_ACCESS","Member":"0P:set get [System.Web.Http.Controllers.HttpControllerDescriptor, System.Web.Http, 5.1.0.0] [System.Web.Http.Controllers.HttpActionDescriptor, System.Web.Http, 5.1.0.0].ControllerDescriptor()"},"MemberAccesses":[{"Type":"MEMBER_REFERENCE","Member":"0P:set get [p:string] [System.Web.Http.Controllers.HttpControllerDescriptor, System.Web.Http, 5.1.0.0].ControllerName()"}]}