{"Type":"0T:System.Web.Http.Controllers.HttpControllerDescriptor, System.Web.Http, 5.1.0.0","ClassCtx":"0T:Apress.Recipes.WebApi.Areas.HelpPage.XmlDocumentationProvider, Apress.Recipes.WebApi","MethodCtx":"0M:[p:string] [i:System.Web.Http.Description.IDocumentationProvider, System.Web.Http, 5.1.0.0].GetDocumentation([System.Web.Http.Controllers.HttpControllerDescriptor, System.Web.Http, 5.1.0.0] controllerDescriptor)","Definition":{"Type":"METHOD_PARAMETER","Member":"0M:[p:string] [Apress.Recipes.WebApi.Areas.HelpPage.XmlDocumentationProvider, Apress.Recipes.WebApi].GetDocumentation([System.Web.Http.Controllers.HttpControllerDescriptor, System.Web.Http, 5.1.0.0] controllerDescriptor)","ArgIndex":0}}