{"Type":"0T:i:System.Collections.Generic.IList`1[[T]], mscorlib, 4.0.0.0","ClassCtx":"0T:OxyPlot.Annotations.TextAnnotation, OxyPlot_NET40","MethodCtx":"0M:static [i:System.Collections.Generic.IList`1[[T]], mscorlib, 4.0.0.0] [OxyPlot.Annotations.TextAnnotation, OxyPlot_NET40].GetTextBounds([s:OxyPlot.ScreenPoint, OxyPlot_NET40] position, [s:OxyPlot.OxySize, OxyPlot_NET40] size, [s:OxyPlot.OxyThickness, OxyPlot_NET40] padding, [p:double] rotation, [e:OxyPlot.HorizontalAlignment, OxyPlot_NET40] horizontalAlignment, [e:OxyPlot.VerticalAlignment, OxyPlot_NET40] verticalAlignment)","Definition":{"Type":"MEMBER_ACCESS","Member":"0F:[i:System.Collections.Generic.IList`1[[T]], mscorlib, 4.0.0.0] [OxyPlot.Annotations.TextAnnotation, OxyPlot_NET40].actualBounds"}}