{"Type":"0T:i:System.Collections.Generic.IList`1[[T]], mscorlib, 4.0.0.0","ClassCtx":"0T:OxyPlot.Annotations.PolygonAnnotation, OxyPlot_NET40","MethodCtx":"0M:[OxyPlot.HitTestResult, OxyPlot_NET40] [OxyPlot.UIElement, OxyPlot_NET40].HitTestOverride([OxyPlot.HitTestArguments, OxyPlot_NET40] args)","Definition":{"Type":"MEMBER_ACCESS","Member":"0F:[i:System.Collections.Generic.IList`1[[T]], mscorlib, 4.0.0.0] [OxyPlot.Annotations.PolygonAnnotation, OxyPlot_NET40].screenPoints"},"CallParameters":[{"Method":"0M:static [p:bool] [OxyPlot.ScreenPointHelper, OxyPlot_NET40].IsPointInPolygon([s:OxyPlot.ScreenPoint, OxyPlot_NET40] p, [i:System.Collections.Generic.IList`1[[T]], mscorlib, 4.0.0.0] pts)","ArgIndex":1}]}