{"Type":"0T:i:System.Collections.Generic.IList`1[[T]], mscorlib, 4.0.0.0","ClassCtx":"0T:OxyPlot.Annotations.PolygonAnnotation, OxyPlot_NET40","MethodCtx":"0M:[TResult] [d:[TResult] [System.Func`1[[TResult]], mscorlib, 4.0.0.0].()].Invoke()","Definition":{"Type":"MEMBER_ACCESS","Member":"0F:[i:System.Collections.Generic.IList`1[[T]], mscorlib, 4.0.0.0] [OxyPlot.Annotations.PolygonAnnotation, OxyPlot_NET40].screenPoints"},"CallParameters":[{"Method":"0M:static [s:OxyPlot.ScreenPoint, OxyPlot_NET40] [OxyPlot.ScreenPointHelper, OxyPlot_NET40].GetCentroid([i:System.Collections.Generic.IList`1[[T]], mscorlib, 4.0.0.0] points)","ArgIndex":0}]}