{"Type":"0T:i:System.Collections.Generic.IList`1[[T]], mscorlib, 4.0.0.0","ClassCtx":"0T:OxyPlot.PlotModel, OxyPlot_NET40","MethodCtx":"0M:[p:void] [OxyPlot.PlotModel, OxyPlot_NET40].GetAxesFromPoint([s:OxyPlot.ScreenPoint, OxyPlot_NET40] pt, out [OxyPlot.Axes.Axis, OxyPlot_NET40] xaxis, out [OxyPlot.Axes.Axis, OxyPlot_NET40] yaxis)","Definition":{"Type":"MEMBER_ACCESS","Member":"0P:set get [i:System.Collections.Generic.IList`1[[T]], mscorlib, 4.0.0.0] [OxyPlot.PlotModel, OxyPlot_NET40].DefaultColors()"}}