{"Type":"0T:i:System.Collections.Generic.IList`1[[T]], mscorlib, 4.0.0.0","ClassCtx":"0T:OxyPlot.ScreenPointHelper, OxyPlot_NET40","MethodCtx":"0M:static [s:OxyPlot.ScreenPoint, OxyPlot_NET40] [OxyPlot.ScreenPointHelper, OxyPlot_NET40].FindNearestPointOnPolyline([s:OxyPlot.ScreenPoint, OxyPlot_NET40] point, [i:System.Collections.Generic.IList`1[[T]], mscorlib, 4.0.0.0] points)","Definition":{"Type":"METHOD_PARAMETER","Member":"0M:static [s:OxyPlot.ScreenPoint, OxyPlot_NET40] [OxyPlot.ScreenPointHelper, OxyPlot_NET40].FindNearestPointOnPolyline([s:OxyPlot.ScreenPoint, OxyPlot_NET40] point, [i:System.Collections.Generic.IList`1[[T]], mscorlib, 4.0.0.0] points)","ArgIndex":1},"MemberAccesses":[{"Type":"MEMBER_REFERENCE","Member":"0P:get [p:int] [i:System.Collections.Generic.ICollection`1[[T]], mscorlib, 4.0.0.0].Count()"}]}