{"Type":"0T:i:System.Collections.Generic.IList`1[[T]], mscorlib, 4.0.0.0","ClassCtx":"0T:OxyPlot.ScreenPointHelper, OxyPlot_NET40","MethodCtx":"0M:static [p:bool] [OxyPlot.ScreenPointHelper, OxyPlot_NET40].IsPointInPolygon([s:OxyPlot.ScreenPoint, OxyPlot_NET40] p, [i:System.Collections.Generic.IList`1[[T]], mscorlib, 4.0.0.0] pts)","Definition":{"Type":"METHOD_PARAMETER","Member":"0M:static [p:bool] [OxyPlot.ScreenPointHelper, OxyPlot_NET40].IsPointInPolygon([s:OxyPlot.ScreenPoint, OxyPlot_NET40] p, [i:System.Collections.Generic.IList`1[[T]], mscorlib, 4.0.0.0] pts)","ArgIndex":1},"MemberAccesses":[{"Type":"MEMBER_REFERENCE","Member":"0P:get [p:int] [i:System.Collections.Generic.ICollection`1[[T]], mscorlib, 4.0.0.0].Count()"}]}