{"Type":"0T:i:System.Collections.Generic.IList`1[[T]], mscorlib, 4.0.0.0","ClassCtx":"0T:OxyPlot.CanonicalSplineHelper, OxyPlot_NET40","MethodCtx":"0M:static [p:void] [OxyPlot.CanonicalSplineHelper, OxyPlot_NET40].Segment([i:System.Collections.Generic.IList`1[[T]], mscorlib, 4.0.0.0] points, [s:OxyPlot.ScreenPoint, OxyPlot_NET40] pt0, [s:OxyPlot.ScreenPoint, OxyPlot_NET40] pt1, [s:OxyPlot.ScreenPoint, OxyPlot_NET40] pt2, [s:OxyPlot.ScreenPoint, OxyPlot_NET40] pt3, [p:double] t1, [p:double] t2, [p:double] tolerance)","Definition":{"Type":"METHOD_PARAMETER","Member":"0M:static [p:void] [OxyPlot.CanonicalSplineHelper, OxyPlot_NET40].Segment([i:System.Collections.Generic.IList`1[[T]], mscorlib, 4.0.0.0] points, [s:OxyPlot.ScreenPoint, OxyPlot_NET40] pt0, [s:OxyPlot.ScreenPoint, OxyPlot_NET40] pt1, [s:OxyPlot.ScreenPoint, OxyPlot_NET40] pt2, [s:OxyPlot.ScreenPoint, OxyPlot_NET40] pt3, [p:double] t1, [p:double] t2, [p:double] tolerance)","ArgIndex":0},"MemberAccesses":[{"Type":"METHOD_CALL","Member":"0M:[p:void] [i:System.Collections.Generic.ICollection`1[[T]], mscorlib, 4.0.0.0].Add([T] item)"}]}