{"Type":"0T:i:System.Collections.Generic.IList`1[[T]], mscorlib, 4.0.0.0","ClassCtx":"0T:OxyPlot.RenderContextBase, OxyPlot_NET40","MethodCtx":"0M:[p:void] [i:OxyPlot.IRenderContext, OxyPlot_NET40].DrawRectangles([i:System.Collections.Generic.IList`1[[T]], mscorlib, 4.0.0.0] rectangles, [s:OxyPlot.OxyColor, OxyPlot_NET40] fill, [s:OxyPlot.OxyColor, OxyPlot_NET40] stroke, opt [p:double] thickness)","Definition":{"Type":"METHOD_PARAMETER","Member":"0M:[p:void] [OxyPlot.RenderContextBase, OxyPlot_NET40].DrawRectangles([i:System.Collections.Generic.IList`1[[T]], mscorlib, 4.0.0.0] rectangles, [s:OxyPlot.OxyColor, OxyPlot_NET40] fill, [s:OxyPlot.OxyColor, OxyPlot_NET40] stroke, [p:double] thickness)","ArgIndex":0}}