{"Type":"0T:i:System.Collections.Generic.IList`1[[T]], mscorlib, 4.0.0.0","ClassCtx":"0T:OxyPlot.RenderingExtensions, OxyPlot_NET40","MethodCtx":"0M:static [p:void] [OxyPlot.RenderingExtensions, OxyPlot_NET40].DrawClippedLineSegments(this [i:OxyPlot.IRenderContext, OxyPlot_NET40] rc, [s:OxyPlot.OxyRect, OxyPlot_NET40] clippingRectangle, [i:System.Collections.Generic.IList`1[[T]], mscorlib, 4.0.0.0] points, [s:OxyPlot.OxyColor, OxyPlot_NET40] stroke, [p:double] strokeThickness, [p:double[]] dashArray, [e:OxyPlot.LineJoin, OxyPlot_NET40] lineJoin, [p:bool] aliased)","Definition":{"Type":"METHOD_PARAMETER","Member":"0M:static [p:void] [OxyPlot.RenderingExtensions, OxyPlot_NET40].DrawClippedLineSegments(this [i:OxyPlot.IRenderContext, OxyPlot_NET40] rc, [s:OxyPlot.OxyRect, OxyPlot_NET40] clippingRectangle, [i:System.Collections.Generic.IList`1[[T]], mscorlib, 4.0.0.0] points, [s:OxyPlot.OxyColor, OxyPlot_NET40] stroke, [p:double] strokeThickness, [p:double[]] dashArray, [e:OxyPlot.LineJoin, OxyPlot_NET40] lineJoin, [p:bool] aliased)","ArgIndex":2},"CallParameters":[{"Method":"0M:[p:void] [i:OxyPlot.IRenderContext, OxyPlot_NET40].DrawLineSegments([i:System.Collections.Generic.IList`1[[T]], mscorlib, 4.0.0.0] points, [s:OxyPlot.OxyColor, OxyPlot_NET40] stroke, opt [p:double] thickness, opt [p:double[]] dashArray, opt [e:OxyPlot.LineJoin, OxyPlot_NET40] lineJoin, opt [p:bool] aliased)","ArgIndex":0}],"MemberAccesses":[{"Type":"MEMBER_REFERENCE","Member":"0P:get [p:int] [i:System.Collections.Generic.ICollection`1[[T]], mscorlib, 4.0.0.0].Count()"}]}