{"Type":"0T:i:System.Collections.Generic.IList`1[[T]], mscorlib, 4.0.0.0","ClassCtx":"0T:OxyPlot.RenderingExtensions, OxyPlot_NET40","MethodCtx":"0M:static [p:void] [OxyPlot.RenderingExtensions, OxyPlot_NET40].DrawClippedPolygon(this [i:OxyPlot.IRenderContext, OxyPlot_NET40] rc, [s:OxyPlot.OxyRect, OxyPlot_NET40] clippingRectangle, [i:System.Collections.Generic.IList`1[[T]], mscorlib, 4.0.0.0] points, [p:double] minDistSquared, [s:OxyPlot.OxyColor, OxyPlot_NET40] fill, [s:OxyPlot.OxyColor, OxyPlot_NET40] stroke, opt [p:double] strokeThickness, opt [e:OxyPlot.LineStyle, OxyPlot_NET40] lineStyle, opt [e:OxyPlot.LineJoin, OxyPlot_NET40] lineJoin, opt [p:bool] aliased)","Definition":{"Type":"METHOD_PARAMETER","Member":"0M:static [p:void] [OxyPlot.RenderingExtensions, OxyPlot_NET40].DrawClippedPolygon(this [i:OxyPlot.IRenderContext, OxyPlot_NET40] rc, [s:OxyPlot.OxyRect, OxyPlot_NET40] clippingRectangle, [i:System.Collections.Generic.IList`1[[T]], mscorlib, 4.0.0.0] points, [p:double] minDistSquared, [s:OxyPlot.OxyColor, OxyPlot_NET40] fill, [s:OxyPlot.OxyColor, OxyPlot_NET40] stroke, opt [p:double] strokeThickness, opt [e:OxyPlot.LineStyle, OxyPlot_NET40] lineStyle, opt [e:OxyPlot.LineJoin, OxyPlot_NET40] lineJoin, opt [p:bool] aliased)","ArgIndex":2},"CallParameters":[{"Method":"0M:[p:void] [i:OxyPlot.IRenderContext, OxyPlot_NET40].DrawPolygon([i:System.Collections.Generic.IList`1[[T]], mscorlib, 4.0.0.0] points, [s:OxyPlot.OxyColor, OxyPlot_NET40] fill, [s:OxyPlot.OxyColor, OxyPlot_NET40] stroke, opt [p:double] thickness, opt [p:double[]] dashArray, opt [e:OxyPlot.LineJoin, OxyPlot_NET40] lineJoin, opt [p:bool] aliased)","ArgIndex":0},{"Method":"0M:static [System.Collections.Generic.List`1[[T]], mscorlib, 4.0.0.0] [OxyPlot.SutherlandHodgmanClipping, OxyPlot_NET40].ClipPolygon([s:OxyPlot.OxyRect, OxyPlot_NET40] bounds, [i:System.Collections.Generic.IList`1[[T]], mscorlib, 4.0.0.0] v)","ArgIndex":1}]}