{"Type":"0T:i:System.Collections.Generic.IList`1[[T]], mscorlib, 4.0.0.0","ClassCtx":"0T:OxyPlot.RenderingExtensions, OxyPlot_NET40","MethodCtx":"0M:static [p:void] [OxyPlot.RenderingExtensions, OxyPlot_NET40].DrawLineSegments(this [i:OxyPlot.IRenderContext, OxyPlot_NET40] rc, [i:System.Collections.Generic.IList`1[[T]], mscorlib, 4.0.0.0] points, [OxyPlot.OxyPen, OxyPlot_NET40] pen, opt [p:bool] aliased)","Definition":{"Type":"METHOD_PARAMETER","Member":"0M:static [p:void] [OxyPlot.RenderingExtensions, OxyPlot_NET40].DrawLineSegments(this [i:OxyPlot.IRenderContext, OxyPlot_NET40] rc, [i:System.Collections.Generic.IList`1[[T]], mscorlib, 4.0.0.0] points, [OxyPlot.OxyPen, OxyPlot_NET40] pen, opt [p:bool] aliased)","ArgIndex":1},"CallParameters":[{"Method":"0M:[p:void] [i:OxyPlot.IRenderContext, OxyPlot_NET40].DrawLineSegments([i:System.Collections.Generic.IList`1[[T]], mscorlib, 4.0.0.0] points, [s:OxyPlot.OxyColor, OxyPlot_NET40] stroke, opt [p:double] thickness, opt [p:double[]] dashArray, opt [e:OxyPlot.LineJoin, OxyPlot_NET40] lineJoin, opt [p:bool] aliased)","ArgIndex":0}]}