{"Type":"0T:i:System.Collections.Generic.IList`1[[T]], mscorlib, 4.0.0.0","ClassCtx":"0T:OxyPlot.XkcdRenderingDecorator, OxyPlot_NET40","MethodCtx":"0M:[s:OxyPlot.ScreenPoint[], OxyPlot_NET40] [OxyPlot.XkcdRenderingDecorator, OxyPlot_NET40].Distort([i:System.Collections.Generic.IEnumerable`1[[T]], mscorlib, 4.0.0.0] points)","Definition":{"Type":"RETURN_VALUE","Member":"0M:static [TSource[]] [System.Linq.Enumerable, System.Core, 4.0.0.0].ToArray`1[[TSource]](this [i:System.Collections.Generic.IEnumerable`1[[T]], mscorlib, 4.0.0.0] source)"},"MemberAccesses":[{"Type":"MEMBER_REFERENCE","Member":"0P:get [p:int] [i:System.Collections.Generic.ICollection`1[[T]], mscorlib, 4.0.0.0].Count()"},{"Type":"MEMBER_REFERENCE","Member":"0P:get [p:int] [i:System.Collections.Generic.ICollection`1[[T]], mscorlib, 4.0.0.0].Count()"}]}