{"Type":"0T:i:System.Collections.Generic.IList`1[[T]], mscorlib, 4.0.0.0","ClassCtx":"0T:OxyPlot.XkcdRenderingDecorator, OxyPlot_NET40","MethodCtx":"0M:[p:double[]] [OxyPlot.XkcdRenderingDecorator, OxyPlot_NET40].ApplyMovingAverage([i:System.Collections.Generic.IList`1[[T]], mscorlib, 4.0.0.0] input, [p:int] m)","Definition":{"Type":"METHOD_PARAMETER","Member":"0M:[p:double[]] [OxyPlot.XkcdRenderingDecorator, OxyPlot_NET40].ApplyMovingAverage([i:System.Collections.Generic.IList`1[[T]], mscorlib, 4.0.0.0] input, [p:int] m)","ArgIndex":0},"MemberAccesses":[{"Type":"MEMBER_REFERENCE","Member":"0P:get [p:int] [i:System.Collections.Generic.ICollection`1[[T]], mscorlib, 4.0.0.0].Count()"}]}