{"Type":"0T:i:System.Collections.Generic.IList`1[[T]], mscorlib, 4.0.0.0","ClassCtx":"0T:OxyPlot.Reporting.TextReportWriter, OxyPlot_NET40","MethodCtx":"0M:[p:void] [i:OxyPlot.Reporting.IReportWriter, OxyPlot_NET40].WriteTable([OxyPlot.Reporting.Table, OxyPlot_NET40] table)","Definition":{"Type":"MEMBER_ACCESS","Member":"0P:set get [i:System.Collections.Generic.IList`1[[T]], mscorlib, 4.0.0.0] [OxyPlot.Reporting.Table, OxyPlot_NET40].Columns()"},"MemberAccesses":[{"Type":"MEMBER_REFERENCE","Member":"0P:get [p:int] [i:System.Collections.Generic.ICollection`1[[T]], mscorlib, 4.0.0.0].Count()"}]}