{"Type":"0T:i:System.Collections.Generic.IList`1[[T]], mscorlib, 4.0.0.0","ClassCtx":"0T:OxyPlot.Reporting.ItemsTable, OxyPlot_NET40","MethodCtx":"0M:[p:void] [OxyPlot.Reporting.ItemsTable, OxyPlot_NET40].UpdateItems()","Definition":{"Type":"MEMBER_ACCESS","Member":"0P:set get [i:System.Collections.Generic.IList`1[[T]], mscorlib, 4.0.0.0] [OxyPlot.Reporting.Table, OxyPlot_NET40].Columns()"},"MemberAccesses":[{"Type":"METHOD_CALL","Member":"0M:[p:void] [i:System.Collections.Generic.ICollection`1[[T]], mscorlib, 4.0.0.0].Clear()"},{"Type":"METHOD_CALL","Member":"0M:[p:void] [i:System.Collections.Generic.ICollection`1[[T]], mscorlib, 4.0.0.0].Clear()"},{"Type":"MEMBER_REFERENCE","Member":"0P:get [p:int] [i:System.Collections.Generic.ICollection`1[[T]], mscorlib, 4.0.0.0].Count()"},{"Type":"METHOD_CALL","Member":"0M:[p:void] [i:System.Collections.Generic.ICollection`1[[T]], mscorlib, 4.0.0.0].Add([T] item)"},{"Type":"METHOD_CALL","Member":"0M:[p:void] [i:System.Collections.Generic.ICollection`1[[T]], mscorlib, 4.0.0.0].Add([T] item)"},{"Type":"METHOD_CALL","Member":"0M:[p:void] [i:System.Collections.Generic.ICollection`1[[T]], mscorlib, 4.0.0.0].Add([T] item)"}]}