{"Type":"0T:i:System.Collections.Generic.IList`1[[T]], mscorlib, 4.0.0.0","ClassCtx":"0T:OxyPlot.Series.BarSeriesBase, OxyPlot_NET40","MethodCtx":"0M:[p:void] [OxyPlot.Series.Series, OxyPlot_NET40].UpdateValidData()","Definition":{"Type":"MEMBER_ACCESS","Member":"0P:set get [i:System.Collections.Generic.IList`1[[T]], mscorlib, 4.0.0.0] [OxyPlot.Series.BarSeriesBase, OxyPlot_NET40].ValidItems()"},"MemberAccesses":[{"Type":"METHOD_CALL","Member":"0M:[p:void] [i:System.Collections.Generic.ICollection`1[[T]], mscorlib, 4.0.0.0].Add([T] item)"}]}