{"Type":"0T:i:System.Collections.Generic.IList`1[[T]], mscorlib, 4.0.0.0","ClassCtx":"0T:OxyPlot.Series.BarSeriesBase, OxyPlot_NET40","MethodCtx":"0M:[p:string] [OxyPlot.Series.BarSeriesBase, OxyPlot_NET40].GetTrackerText([OxyPlot.Series.BarItemBase, OxyPlot_NET40] barItem, [p:object] item, [p:int] categoryIndex)","Definition":{"Type":"MEMBER_ACCESS","Member":"0P:set get [i:System.Collections.Generic.IList`1[[T]], mscorlib, 4.0.0.0] [OxyPlot.Series.BarSeriesBase, OxyPlot_NET40].ActualBarRectangles()"}}