{"Type":"0T:i:System.Collections.Generic.IList`1[[T]], mscorlib, 4.0.0.0","ClassCtx":"0T:OxyPlot.Series.BarSeriesBase, OxyPlot_NET40","MethodCtx":"0M:[p:void] [OxyPlot.Series.BarSeriesBase, OxyPlot_NET40].RenderLabel([i:OxyPlot.IRenderContext, OxyPlot_NET40] rc, [s:OxyPlot.OxyRect, OxyPlot_NET40] clippingRect, [s:OxyPlot.OxyRect, OxyPlot_NET40] rect, [p:double] value, [p:int] index)","Definition":{"Type":"MEMBER_ACCESS","Member":"0P:set get [i:System.Collections.Generic.IList`1[[T]], mscorlib, 4.0.0.0] [OxyPlot.Series.BarSeriesBase, OxyPlot_NET40].ActualBarRectangles()"}}