{"Type":"0T:i:System.Collections.Generic.IList`1[[T]], mscorlib, 4.0.0.0","ClassCtx":"0T:OxyPlot.Series.RectangleBarSeries, OxyPlot_NET40","MethodCtx":"0M:[p:void] [OxyPlot.Series.RectangleBarSeries, OxyPlot_NET40].Items__set__([i:System.Collections.Generic.IList`1[[T]], mscorlib, 4.0.0.0] value)","Definition":{"Type":"METHOD_PARAMETER","Member":"0M:[p:void] [OxyPlot.Series.RectangleBarSeries, OxyPlot_NET40].Items__set__([i:System.Collections.Generic.IList`1[[T]], mscorlib, 4.0.0.0] value)","ArgIndex":0}}