{"Type":"0T:i:System.Collections.Generic.IList`1[[T]], mscorlib, 4.0.0.0","ClassCtx":"0T:OxyPlot.Series.RectangleBarSeries, OxyPlot_NET40","MethodCtx":"0M:[OxyPlot.TrackerHitResult, OxyPlot_NET40] [OxyPlot.Series.Series, OxyPlot_NET40].GetNearestPoint([s:OxyPlot.ScreenPoint, OxyPlot_NET40] point, [p:bool] interpolate)","Definition":{"Type":"MEMBER_ACCESS","Member":"0P:set get [i:System.Collections.Generic.IList`1[[T]], mscorlib, 4.0.0.0] [OxyPlot.Series.RectangleBarSeries, OxyPlot_NET40].Items()"},"MemberAccesses":[{"Type":"MEMBER_REFERENCE","Member":"0P:get [p:int] [i:System.Collections.Generic.ICollection`1[[T]], mscorlib, 4.0.0.0].Count()"}]}