{"Type":"0T:i:System.Collections.Generic.IList`1[[T]], mscorlib, 4.0.0.0","ClassCtx":"0T:OxyPlot.Annotations.PathAnnotation, OxyPlot_NET40","MethodCtx":"0M:[p:void] [OxyPlot.Annotations.Annotation, OxyPlot_NET40].Render([i:OxyPlot.IRenderContext, OxyPlot_NET40] rc)","Definition":{"Type":"RETURN_VALUE","Member":"0M:[i:System.Collections.Generic.IList`1[[T]], mscorlib, 4.0.0.0] [OxyPlot.Annotations.PathAnnotation, OxyPlot_NET40].GetScreenPoints()"},"CallParameters":[{"Method":"0M:static [p:void] [OxyPlot.RenderingExtensions, OxyPlot_NET40].DrawClippedLine(this [i:OxyPlot.IRenderContext, OxyPlot_NET40] rc, [s:OxyPlot.OxyRect, OxyPlot_NET40] clippingRectangle, [i:System.Collections.Generic.IList`1[[T]], mscorlib, 4.0.0.0] points, [p:double] minDistSquared, [s:OxyPlot.OxyColor, OxyPlot_NET40] stroke, [p:double] strokeThickness, [p:double[]] dashArray, [e:OxyPlot.LineJoin, OxyPlot_NET40] lineJoin, [p:bool] aliased, opt [System.Collections.Generic.List`1[[T]], mscorlib, 4.0.0.0] outputBuffer, opt [d:[p:void] [System.Action`1[[T]], mscorlib, 4.0.0.0].([T] obj)] pointsRendered)","ArgIndex":2}]}