{"Type":"0T:i:System.Collections.Generic.IList`1[[T]], mscorlib, 4.0.0.0","ClassCtx":"0T:OxyPlot.Annotations.PathAnnotation, OxyPlot_NET40","MethodCtx":"0M:[OxyPlot.HitTestResult, OxyPlot_NET40] [OxyPlot.UIElement, OxyPlot_NET40].HitTestOverride([OxyPlot.HitTestArguments, OxyPlot_NET40] args)","Definition":{"Type":"MEMBER_ACCESS","Member":"0F:[i:System.Collections.Generic.IList`1[[T]], mscorlib, 4.0.0.0] [OxyPlot.Annotations.PathAnnotation, OxyPlot_NET40].screenPoints"},"CallParameters":[{"Method":"0M:static [s:OxyPlot.ScreenPoint, OxyPlot_NET40] [OxyPlot.ScreenPointHelper, OxyPlot_NET40].FindNearestPointOnPolyline([s:OxyPlot.ScreenPoint, OxyPlot_NET40] point, [i:System.Collections.Generic.IList`1[[T]], mscorlib, 4.0.0.0] points)","ArgIndex":1}]}