{"Type":"0T:i:System.Collections.Generic.IList`1[[T]], mscorlib, 4.0.0.0","ClassCtx":"0T:OxyPlot.Annotations.PathAnnotation, OxyPlot_NET40","MethodCtx":"0M:static [p:bool] [OxyPlot.Annotations.PathAnnotation, OxyPlot_NET40].GetPointAtRelativeDistance([i:System.Collections.Generic.IList`1[[T]], mscorlib, 4.0.0.0] pts, [p:double] p, [p:double] margin, out [s:OxyPlot.ScreenPoint, OxyPlot_NET40] position, out [p:double] angle)","Definition":{"Type":"METHOD_PARAMETER","Member":"0M:static [p:bool] [OxyPlot.Annotations.PathAnnotation, OxyPlot_NET40].GetPointAtRelativeDistance([i:System.Collections.Generic.IList`1[[T]], mscorlib, 4.0.0.0] pts, [p:double] p, [p:double] margin, out [s:OxyPlot.ScreenPoint, OxyPlot_NET40] position, out [p:double] angle)","ArgIndex":0},"MemberAccesses":[{"Type":"MEMBER_REFERENCE","Member":"0P:get [p:int] [i:System.Collections.Generic.ICollection`1[[T]], mscorlib, 4.0.0.0].Count()"},{"Type":"MEMBER_REFERENCE","Member":"0P:get [p:int] [i:System.Collections.Generic.ICollection`1[[T]], mscorlib, 4.0.0.0].Count()"},{"Type":"MEMBER_REFERENCE","Member":"0P:get [p:int] [i:System.Collections.Generic.ICollection`1[[T]], mscorlib, 4.0.0.0].Count()"}]}