{"Type":"0T:i:System.Collections.Generic.IList`1[[T]], mscorlib, 4.0.0.0","ClassCtx":"0T:OxyPlot.Annotations.PolylineAnnotation, OxyPlot_NET40","MethodCtx":"0M:[i:System.Collections.Generic.IList`1[[T]], mscorlib, 4.0.0.0] [OxyPlot.Annotations.PathAnnotation, OxyPlot_NET40].GetScreenPoints()","Definition":{"Type":"RETURN_VALUE","Member":"0M:static [i:System.Collections.Generic.IList`1[[T]], mscorlib, 4.0.0.0] [OxyPlot.ScreenPointHelper, OxyPlot_NET40].ResamplePoints([i:System.Collections.Generic.IList`1[[T]], mscorlib, 4.0.0.0] allPoints, [p:double] minimumDistance)"},"CallParameters":[{"Method":"0M:static [System.Collections.Generic.List`1[[T]], mscorlib, 4.0.0.0] [OxyPlot.CanonicalSplineHelper, OxyPlot_NET40].CreateSpline([i:System.Collections.Generic.IList`1[[T]], mscorlib, 4.0.0.0] points, [p:double] tension, [i:System.Collections.Generic.IList`1[[T]], mscorlib, 4.0.0.0] tensions, [p:bool] isClosed, [p:double] tolerance)","ArgIndex":0}]}