{"Type":"0T:i:System.Collections.Generic.IList`1[[T]], mscorlib, 4.0.0.0","ClassCtx":"0T:OxyPlot.ControllerBase, OxyPlot_NET40","MethodCtx":"0M:[p:void] [i:OxyPlot.IController, OxyPlot_NET40].AddHoverManipulator([i:OxyPlot.IView, OxyPlot_NET40] view, [OxyPlot.ManipulatorBase`1[[T]], OxyPlot_NET40] manipulator, [OxyPlot.OxyMouseEventArgs, OxyPlot_NET40] args)","Definition":{"Type":"MEMBER_ACCESS","Member":"0P:set get [i:System.Collections.Generic.IList`1[[T]], mscorlib, 4.0.0.0] [OxyPlot.ControllerBase, OxyPlot_NET40].MouseHoverManipulators()"},"MemberAccesses":[{"Type":"METHOD_CALL","Member":"0M:[p:void] [i:System.Collections.Generic.ICollection`1[[T]], mscorlib, 4.0.0.0].Add([T] item)"}]}