{"Type":"0T:System.IO.TextReader, mscorlib, 4.0.0.0","ClassCtx":"0T:MSHelpSystem.Core.Help3Service, HelpViewer","MethodCtx":"0M:static [p:void] [MSHelpSystem.Core.Help3Service, HelpViewer].LoadHelpConfiguration()","Definition":{"Type":"NEW","Member":"0M:[p:void] [System.IO.StreamReader, mscorlib, 4.0.0.0]..ctor([p:string] path)"},"CallParameters":[{"Method":"0M:[p:object] [System.Xml.Serialization.XmlSerializer, System.Xml, 4.0.0.0].Deserialize([System.IO.TextReader, mscorlib, 4.0.0.0] textReader)","ArgIndex":0}],"MemberAccesses":[{"Type":"METHOD_CALL","Member":"0M:[p:void] [System.IO.TextReader, mscorlib, 4.0.0.0].Close()"}]}