{"Type":"0T:System.Windows.Forms.WebBrowserDocumentCompletedEventArgs, System.Windows.Forms, 4.0.0.0","ClassCtx":"0T:MSHelpSystem.BrowserScheme, HelpViewer","MethodCtx":"0M:[p:void] [MSHelpSystem.BrowserScheme, HelpViewer].DocumentCompleted([?] pane, [System.Windows.Forms.WebBrowserDocumentCompletedEventArgs, System.Windows.Forms, 4.0.0.0] e)","Definition":{"Type":"METHOD_PARAMETER","Member":"0M:[p:void] [MSHelpSystem.BrowserScheme, HelpViewer].DocumentCompleted([?] pane, [System.Windows.Forms.WebBrowserDocumentCompletedEventArgs, System.Windows.Forms, 4.0.0.0] e)","ArgIndex":1}}