{"Type":"0T:System.IO.Stream, mscorlib, 4.0.0.0","ClassCtx":"0T:OxyPlot.GtkSharp.PngExporter, OxyPlot.GtkSharp_NET40","MethodCtx":"0M:[p:void] [OxyPlot.GtkSharp.PngExporter, OxyPlot.GtkSharp_NET40].Export([i:OxyPlot.IPlotModel, OxyPlot_NET40] model, [System.IO.Stream, mscorlib, 4.0.0.0] stream)","Definition":{"Type":"METHOD_PARAMETER","Member":"0M:[p:void] [OxyPlot.GtkSharp.PngExporter, OxyPlot.GtkSharp_NET40].Export([i:OxyPlot.IPlotModel, OxyPlot_NET40] model, [System.IO.Stream, mscorlib, 4.0.0.0] stream)","ArgIndex":1},"MemberAccesses":[{"Type":"METHOD_CALL","Member":"0M:[p:void] [System.IO.Stream, mscorlib, 4.0.0.0].Write([p:byte[]] buffer, [p:int] offset, [p:int] count)"}]}