{"Type":"0T:System.IO.Stream, mscorlib, 4.0.0.0","ClassCtx":"0T:OxyPlot.StreamExtensions, OxyPlot_NET40","MethodCtx":"0M:static [p:void] [OxyPlot.StreamExtensions, OxyPlot_NET40].CopyTo(this [System.IO.Stream, mscorlib, 4.0.0.0] input, [System.IO.Stream, mscorlib, 4.0.0.0] output)","Definition":{"Type":"METHOD_PARAMETER","Member":"0M:static [p:void] [OxyPlot.StreamExtensions, OxyPlot_NET40].CopyTo(this [System.IO.Stream, mscorlib, 4.0.0.0] input, [System.IO.Stream, mscorlib, 4.0.0.0] output)","ArgIndex":1},"MemberAccesses":[{"Type":"METHOD_CALL","Member":"0M:[p:void] [System.IO.Stream, mscorlib, 4.0.0.0].Write([p:byte[]] buffer, [p:int] offset, [p:int] count)"}]}