{"Type":"0T:System.IO.Stream, mscorlib, 4.0.0.0","ClassCtx":"0T:OxyPlot.OxyImage, OxyPlot_NET40","MethodCtx":"0M:[p:void] [OxyPlot.OxyImage, OxyPlot_NET40]..ctor([System.IO.Stream, mscorlib, 4.0.0.0] s)","Definition":{"Type":"METHOD_PARAMETER","Member":"0M:[p:void] [OxyPlot.OxyImage, OxyPlot_NET40]..ctor([System.IO.Stream, mscorlib, 4.0.0.0] s)","ArgIndex":0},"CallParameters":[{"Method":"0M:static [p:byte[]] [OxyPlot.OxyImage, OxyPlot_NET40].GetBytes([System.IO.Stream, mscorlib, 4.0.0.0] s)","ArgIndex":0}]}