{"Type":"0T:System.IO.Stream, mscorlib, 4.0.0.0","ClassCtx":"0T:OxyPlot.Deflate, OxyPlot_NET40","MethodCtx":"0M:static [p:byte[]] [OxyPlot.Deflate, OxyPlot_NET40].Decompress([System.IO.Stream, mscorlib, 4.0.0.0] input)","Definition":{"Type":"METHOD_PARAMETER","Member":"0M:static [p:byte[]] [OxyPlot.Deflate, OxyPlot_NET40].Decompress([System.IO.Stream, mscorlib, 4.0.0.0] input)","ArgIndex":0},"CallParameters":[{"Method":"0M:[p:void] [OxyPlot.ByteBitReader, OxyPlot_NET40]..ctor([System.IO.Stream, mscorlib, 4.0.0.0] s)","ArgIndex":0}]}