{"Type":"0T:System.IO.Stream, mscorlib, 4.0.0.0","ClassCtx":"0T:OxyPlot.SvgWriter, OxyPlot_NET40","MethodCtx":"0M:[p:void] [OxyPlot.SvgWriter, OxyPlot_NET40]..ctor([System.IO.Stream, mscorlib, 4.0.0.0] stream, [p:double] width, [p:double] height, opt [p:bool] isDocument)","Definition":{"Type":"METHOD_PARAMETER","Member":"0M:[p:void] [OxyPlot.SvgWriter, OxyPlot_NET40]..ctor([System.IO.Stream, mscorlib, 4.0.0.0] stream, [p:double] width, [p:double] height, opt [p:bool] isDocument)","ArgIndex":0},"CallParameters":[{"Method":"0M:[p:void] [OxyPlot.XmlWriterBase, OxyPlot_NET40]..ctor([System.IO.Stream, mscorlib, 4.0.0.0] stream)","ArgIndex":0}]}