{"Type":"0T:System.IO.Stream, mscorlib, 4.0.0.0","ClassCtx":"0T:OxyPlot.Reporting.HtmlReportWriter, OxyPlot_NET40","MethodCtx":"0M:[p:void] [OxyPlot.Reporting.HtmlReportWriter, OxyPlot_NET40]..ctor([System.IO.Stream, mscorlib, 4.0.0.0] stream, opt [i:OxyPlot.IRenderContext, OxyPlot_NET40] textMeasurer)","Definition":{"Type":"METHOD_PARAMETER","Member":"0M:[p:void] [OxyPlot.Reporting.HtmlReportWriter, OxyPlot_NET40]..ctor([System.IO.Stream, mscorlib, 4.0.0.0] stream, opt [i:OxyPlot.IRenderContext, OxyPlot_NET40] textMeasurer)","ArgIndex":0},"CallParameters":[{"Method":"0M:[p:void] [OxyPlot.XmlWriterBase, OxyPlot_NET40]..ctor([System.IO.Stream, mscorlib, 4.0.0.0] stream)","ArgIndex":0}]}