{"Type":"0T:System.IO.Stream, mscorlib, 4.0.0.0","ClassCtx":"0T:OxyPlot.SvgExporter, OxyPlot_NET40","MethodCtx":"0M:static [p:void] [OxyPlot.SvgExporter, OxyPlot_NET40].Export([i:OxyPlot.IPlotModel, OxyPlot_NET40] model, [System.IO.Stream, mscorlib, 4.0.0.0] stream, [p:double] width, [p:double] height, [p:bool] isDocument, opt [i:OxyPlot.IRenderContext, OxyPlot_NET40] textMeasurer)","Definition":{"Type":"METHOD_PARAMETER","Member":"0M:static [p:void] [OxyPlot.SvgExporter, OxyPlot_NET40].Export([i:OxyPlot.IPlotModel, OxyPlot_NET40] model, [System.IO.Stream, mscorlib, 4.0.0.0] stream, [p:double] width, [p:double] height, [p:bool] isDocument, opt [i:OxyPlot.IRenderContext, OxyPlot_NET40] textMeasurer)","ArgIndex":1},"CallParameters":[{"Method":"0M:[p:void] [OxyPlot.SvgRenderContext, OxyPlot_NET40]..ctor([System.IO.Stream, mscorlib, 4.0.0.0] s, [p:double] width, [p:double] height, [p:bool] isDocument, [i:OxyPlot.IRenderContext, OxyPlot_NET40] textMeasurer, [s:OxyPlot.OxyColor, OxyPlot_NET40] background)","ArgIndex":0}]}