{"Type":"0T:System.IO.Stream, mscorlib, 4.0.0.0","ClassCtx":"0T:ExampleLibrary.TileMapAnnotation, ExampleLibrary_NET40","MethodCtx":"0M:[p:void] [ExampleLibrary.TileMapAnnotation, ExampleLibrary_NET40].DownloadCompleted([p:string] uri, [System.IO.Stream, mscorlib, 4.0.0.0] result)","Definition":{"Type":"METHOD_PARAMETER","Member":"0M:[p:void] [ExampleLibrary.TileMapAnnotation, ExampleLibrary_NET40].DownloadCompleted([p:string] uri, [System.IO.Stream, mscorlib, 4.0.0.0] result)","ArgIndex":1},"MemberAccesses":[{"Type":"METHOD_CALL","Member":"0M:[p:void] [System.IO.Stream, mscorlib, 4.0.0.0].CopyTo([System.IO.Stream, mscorlib, 4.0.0.0] destination)"}]}