{"Type":"0T:System.IO.Stream, mscorlib, 4.0.0.0","ClassCtx":"0T:ExampleLibrary.TileMapAnnotation, ExampleLibrary_NET40","MethodCtx":"0M:[p:void] [d:[p:void] [System.Action`1[[T]], mscorlib, 4.0.0.0].([T] obj)].Invoke([T] obj)","Definition":{"Type":"RETURN_VALUE","Member":"0M:[System.IO.Stream, mscorlib, 4.0.0.0] [System.Net.WebResponse, System, 4.0.0.0].GetResponseStream()"},"MemberAccesses":[{"Type":"METHOD_CALL","Member":"0M:[p:void] [System.IO.Stream, mscorlib, 4.0.0.0].CopyTo([System.IO.Stream, mscorlib, 4.0.0.0] destination)"}]}