{"Type":"0T:System.IO.Stream, mscorlib, 4.0.0.0","ClassCtx":"0T:ExampleLibrary.MiscExamples, ExampleLibrary_NET40","MethodCtx":"0M:static [OxyPlot.PlotModel, OxyPlot_NET40] [ExampleLibrary.MiscExamples, ExampleLibrary_NET40].MatrixSeriesWest0479()","Definition":{"Type":"RETURN_VALUE","Member":"0M:[System.IO.Stream, mscorlib, 4.0.0.0] [System.Reflection.Assembly, mscorlib, 4.0.0.0].GetManifestResourceStream([p:string] name)"},"CallParameters":[{"Method":"0M:[p:void] [System.IO.StreamReader, mscorlib, 4.0.0.0]..ctor([System.IO.Stream, mscorlib, 4.0.0.0] stream)","ArgIndex":0}]}