{"Type":"0T:System.IO.Stream, mscorlib, 4.0.0.0","ClassCtx":"0T:OxyPlot.Reporting.TextReportWriter, OxyPlot_NET40","MethodCtx":"0M:[p:void] [OxyPlot.Reporting.TextReportWriter, OxyPlot_NET40]..ctor([System.IO.Stream, mscorlib, 4.0.0.0] stream)","Definition":{"Type":"METHOD_PARAMETER","Member":"0M:[p:void] [OxyPlot.Reporting.TextReportWriter, OxyPlot_NET40]..ctor([System.IO.Stream, mscorlib, 4.0.0.0] stream)","ArgIndex":0},"CallParameters":[{"Method":"0M:[p:void] [System.IO.StreamWriter, mscorlib, 4.0.0.0]..ctor([System.IO.Stream, mscorlib, 4.0.0.0] stream)","ArgIndex":0}]}