{"Type":"0T:System.IO.Stream, mscorlib, 4.0.0.0","ClassCtx":"0T:OxyPlot.PdfExporter, OxyPlot_NET40","MethodCtx":"0M:static [p:void] [OxyPlot.PdfExporter, OxyPlot_NET40].Export([i:OxyPlot.IPlotModel, OxyPlot_NET40] model, [System.IO.Stream, mscorlib, 4.0.0.0] stream, [p:double] width, [p:double] height)","Definition":{"Type":"METHOD_PARAMETER","Member":"0M:static [p:void] [OxyPlot.PdfExporter, OxyPlot_NET40].Export([i:OxyPlot.IPlotModel, OxyPlot_NET40] model, [System.IO.Stream, mscorlib, 4.0.0.0] stream, [p:double] width, [p:double] height)","ArgIndex":1},"CallParameters":[{"Method":"0M:[p:void] [OxyPlot.PdfExporter, OxyPlot_NET40].Export([i:OxyPlot.IPlotModel, OxyPlot_NET40] model, [System.IO.Stream, mscorlib, 4.0.0.0] stream)","ArgIndex":1}]}