{"Type":"0T:System.IO.Stream, mscorlib, 4.0.0.0","ClassCtx":"0T:OxyPlot.PdfExporter, OxyPlot_NET40","MethodCtx":"0M:[p:void] [OxyPlot.PdfExporter, OxyPlot_NET40].Export([i:OxyPlot.IPlotModel, OxyPlot_NET40] model, [System.IO.Stream, mscorlib, 4.0.0.0] stream)","Definition":{"Type":"METHOD_PARAMETER","Member":"0M:[p:void] [OxyPlot.PdfExporter, OxyPlot_NET40].Export([i:OxyPlot.IPlotModel, OxyPlot_NET40] model, [System.IO.Stream, mscorlib, 4.0.0.0] stream)","ArgIndex":1},"CallParameters":[{"Method":"0M:[p:void] [OxyPlot.PdfRenderContext, OxyPlot_NET40].Save([System.IO.Stream, mscorlib, 4.0.0.0] s)","ArgIndex":0}]}