{"Type":"0T:System.IO.Stream, mscorlib, 4.0.0.0","ClassCtx":"0T:OxyPlot.PdfRenderContext, OxyPlot_NET40","MethodCtx":"0M:[p:void] [OxyPlot.PdfRenderContext, OxyPlot_NET40].Save([System.IO.Stream, mscorlib, 4.0.0.0] s)","Definition":{"Type":"METHOD_PARAMETER","Member":"0M:[p:void] [OxyPlot.PdfRenderContext, OxyPlot_NET40].Save([System.IO.Stream, mscorlib, 4.0.0.0] s)","ArgIndex":0},"CallParameters":[{"Method":"0M:[p:void] [OxyPlot.PortableDocument, OxyPlot_NET40].Save([System.IO.Stream, mscorlib, 4.0.0.0] s)","ArgIndex":0}]}