{"Type":"0T:System.IO.Stream, mscorlib, 4.0.0.0","ClassCtx":"0T:OxyPlot.PdfWriter, OxyPlot_NET40","MethodCtx":"0M:[p:void] [OxyPlot.PdfWriter, OxyPlot_NET40]..ctor([System.IO.Stream, mscorlib, 4.0.0.0] s)","Definition":{"Type":"METHOD_PARAMETER","Member":"0M:[p:void] [OxyPlot.PdfWriter, OxyPlot_NET40]..ctor([System.IO.Stream, mscorlib, 4.0.0.0] s)","ArgIndex":0},"CallParameters":[{"Method":"0M:[p:void] [System.IO.BinaryWriter, mscorlib, 4.0.0.0]..ctor([System.IO.Stream, mscorlib, 4.0.0.0] output)","ArgIndex":0}]}