{"Type":"0T:System.Array, mscorlib, 4.0.0.0","ClassCtx":"0T:Apress.Recipes.WebApi.Areas.HelpPage.ObjectGenerator, Apress.Recipes.WebApi","MethodCtx":"0M:static [p:object] [Apress.Recipes.WebApi.Areas.HelpPage.ObjectGenerator, Apress.Recipes.WebApi].GenerateArray([System.Type, mscorlib, 4.0.0.0] arrayType, [p:int] size, [System.Collections.Generic.Dictionary`2[[TKey],[TValue]], mscorlib, 4.0.0.0] createdObjectReferences)","Definition":{"Type":"RETURN_VALUE","Member":"0M:static [System.Array, mscorlib, 4.0.0.0] [System.Array, mscorlib, 4.0.0.0].CreateInstance([System.Type, mscorlib, 4.0.0.0] elementType, [p:int] length)"},"MemberAccesses":[{"Type":"METHOD_CALL","Member":"0M:[p:void] [System.Array, mscorlib, 4.0.0.0].SetValue([p:object] value, [p:int] index)"}]}