{"Type":"0T:System.Array, mscorlib, 4.0.0.0","ClassCtx":"0T:Apress.Recipes.WebApi.Areas.HelpPage.ObjectGenerator, Apress.Recipes.WebApi","MethodCtx":"0M:static [p:object] [Apress.Recipes.WebApi.Areas.HelpPage.ObjectGenerator, Apress.Recipes.WebApi].GenerateEnum([System.Type, mscorlib, 4.0.0.0] enumType)","Definition":{"Type":"RETURN_VALUE","Member":"0M:static [System.Array, mscorlib, 4.0.0.0] [System.Enum, mscorlib, 4.0.0.0].GetValues([System.Type, mscorlib, 4.0.0.0] enumType)"},"MemberAccesses":[{"Type":"MEMBER_REFERENCE","Member":"0P:get [p:int] [System.Array, mscorlib, 4.0.0.0].Length()"},{"Type":"METHOD_CALL","Member":"0M:[p:object] [System.Array, mscorlib, 4.0.0.0].GetValue([p:int] index)"}]}