{"Type":"0T:System.Collections.ObjectModel.ObservableCollection`1[[T]], System, 4.0.0.0","ClassCtx":"0T:MSHelpSystem.Controls.SearchPadControl, HelpViewer","MethodCtx":"0M:[p:void] [MSHelpSystem.Controls.SearchPadControl, HelpViewer].SearchCBPreviewKeyUp([p:object] sender, [System.Windows.Input.KeyEventArgs, PresentationCore, 4.0.0.0] e)","Definition":{"Type":"MEMBER_ACCESS","Member":"0F:[System.Collections.ObjectModel.ObservableCollection`1[[T]], System, 4.0.0.0] [MSHelpSystem.Controls.SearchPadControl, HelpViewer].searchTerms"}}