{"Type":"0T:s:SharpDX.DirectWrite.FontMetrics, SharpDX.Direct2D1, 2.6.3.0","ClassCtx":"0T:Cocos2D.CCLabel, Cocos2d.WinRT","MethodCtx":"0M:[?] [Cocos2D.CCLabel, Cocos2d.WinRT].GetFontHeight()","Definition":{"Type":"MEMBER_ACCESS","Member":"0P:get [s:SharpDX.DirectWrite.FontMetrics, SharpDX.Direct2D1, 2.6.3.0] [SharpDX.DirectWrite.Font, SharpDX.Direct2D1, 2.6.3.0].Metrics()"},"MemberAccesses":[{"Type":"MEMBER_REFERENCE","Member":"0F:[p:short] [s:SharpDX.DirectWrite.FontMetrics, SharpDX.Direct2D1, 2.6.3.0].Ascent"},{"Type":"MEMBER_REFERENCE","Member":"0F:[p:short] [s:SharpDX.DirectWrite.FontMetrics, SharpDX.Direct2D1, 2.6.3.0].Descent"},{"Type":"MEMBER_REFERENCE","Member":"0F:[p:short] [s:SharpDX.DirectWrite.FontMetrics, SharpDX.Direct2D1, 2.6.3.0].LineGap"},{"Type":"MEMBER_REFERENCE","Member":"0F:[p:short] [s:SharpDX.DirectWrite.FontMetrics, SharpDX.Direct2D1, 2.6.3.0].DesignUnitsPerEm"}]}