{"Type":"0T:System.Web.Routing.RouteCollection, System.Web, 4.0.0.0","ClassCtx":"0T:Apress.Recipes.WebApi.RouteConfig, Apress.Recipes.WebApi","MethodCtx":"0M:static [p:void] [Apress.Recipes.WebApi.RouteConfig, Apress.Recipes.WebApi].RegisterRoutes([System.Web.Routing.RouteCollection, System.Web, 4.0.0.0] routes)","Definition":{"Type":"METHOD_PARAMETER","Member":"0M:static [p:void] [Apress.Recipes.WebApi.RouteConfig, Apress.Recipes.WebApi].RegisterRoutes([System.Web.Routing.RouteCollection, System.Web, 4.0.0.0] routes)","ArgIndex":0},"CallParameters":[{"Method":"0M:static [System.Web.Routing.Route, System.Web, 4.0.0.0] [System.Web.Mvc.RouteCollectionExtensions, System.Web.Mvc, 5.1.0.0].MapRoute(this [System.Web.Routing.RouteCollection, System.Web, 4.0.0.0] routes, [p:string] name, [p:string] url, [p:object] defaults)","ArgIndex":0},{"Method":"0M:static [p:void] [System.Web.Mvc.RouteCollectionExtensions, System.Web.Mvc, 5.1.0.0].IgnoreRoute(this [System.Web.Routing.RouteCollection, System.Web, 4.0.0.0] routes, [p:string] url)","ArgIndex":0}]}