{"Type":"0T:System.ArgumentOutOfRangeException, mscorlib, 4.0.0.0","ClassCtx":"0T:MSHelpSystem.Core.HelpLibraryManager, HelpViewer","MethodCtx":"0M:static [p:void] [MSHelpSystem.Core.HelpLibraryManager, HelpViewer].UninstallHelpDocuments([p:string] productCode, [p:string] productVersion, [p:string] locale, [p:string] vendor, [p:string] productName, [p:string] mediaBookList)","Definition":{"Type":"NEW","Member":"0M:[p:void] [System.ArgumentOutOfRangeException, mscorlib, 4.0.0.0]..ctor([p:string] paramName)"}}