{"Type":"0T:System.Collections.Generic.List`1[[T]], mscorlib, 4.0.0.0","ClassCtx":"0T:MSHelpSystem.Core.Help3Service, HelpViewer","MethodCtx":"0M:static [p:void] [MSHelpSystem.Core.Help3Service, HelpViewer].Help3ActiveCatalogIdChanged([p:object] sender, [System.EventArgs, mscorlib, 4.0.0.0] e)","Definition":{"Type":"MEMBER_ACCESS","Member":"0F:static [System.Collections.Generic.List`1[[T]], mscorlib, 4.0.0.0] [MSHelpSystem.Core.Help3Service, HelpViewer].catalogs"},"MemberAccesses":[{"Type":"MEMBER_REFERENCE","Member":"0P:get [p:int] [System.Collections.Generic.List`1[[T]], mscorlib, 4.0.0.0].Count()"}]}