{"Type":"0T:System.Reflection.MethodInfo, mscorlib, 4.0.0.0","ClassCtx":"0T:OxyPlot.CodeGenerator, OxyPlot_NET40","MethodCtx":"0M:[p:void] [OxyPlot.CodeGenerator, OxyPlot_NET40].SetProperties([p:object] instance, [p:string] varName, [p:object] defaultValues)","Definition":{"Type":"RETURN_VALUE","Member":"0M:[System.Reflection.MethodInfo, mscorlib, 4.0.0.0] [System.Reflection.PropertyInfo, mscorlib, 4.0.0.0].GetSetMethod()"},"MemberAccesses":[{"Type":"MEMBER_REFERENCE","Member":"0P:get [p:bool] [System.Reflection.MethodBase, mscorlib, 4.0.0.0].IsPublic()"}]}