{"Type":"0T:System.Reflection.MethodInfo, mscorlib, 4.0.0.0","ClassCtx":"0T:ExampleLibrary.Examples, ExampleLibrary_NET40","MethodCtx":"0M:static [System.Collections.Generic.List`1[[T]], mscorlib, 4.0.0.0] [ExampleLibrary.Examples, ExampleLibrary_NET40].GetList()","Definition":{"Type":"UNKNOWN"},"CallParameters":[{"Method":"0M:[p:void] [ExampleLibrary.ExampleInfo, ExampleLibrary_NET40]..ctor([p:string] category, [p:string] title, [p:string[]] tags, [System.Reflection.MethodInfo, mscorlib, 4.0.0.0] method)","ArgIndex":3}]}