{"Type":"0T:System.Configuration.KeyValueConfigurationElement, System.Configuration, 4.0.0.0","ClassCtx":"0T:MSHelpSystem.Helper.HelpClientWatcher, HelpViewer","MethodCtx":"0M:static [p:string] [MSHelpSystem.Helper.HelpClientWatcher, HelpViewer].GetHelpMode()","Definition":{"Type":"UNKNOWN"},"MemberAccesses":[{"Type":"MEMBER_REFERENCE","Member":"0P:set get [p:string] [System.Configuration.KeyValueConfigurationElement, System.Configuration, 4.0.0.0].Value()"},{"Type":"MEMBER_REFERENCE","Member":"0P:set get [p:string] [System.Configuration.KeyValueConfigurationElement, System.Configuration, 4.0.0.0].Value()"}]}