{"Type":"0T:p:long","ClassCtx":"0T:Apress.Recipes.WebApi.Areas.HelpPage.ObjectGenerator+SimpleTypeObjectGenerator, Apress.Recipes.WebApi","MethodCtx":"0M:static [p:bool] [Apress.Recipes.WebApi.Areas.HelpPage.ObjectGenerator+SimpleTypeObjectGenerator, Apress.Recipes.WebApi].CanGenerateObject([System.Type, mscorlib, 4.0.0.0] type)","Definition":{"Type":"MEMBER_ACCESS","Member":"0F:[p:long] [Apress.Recipes.WebApi.Areas.HelpPage.ObjectGenerator+SimpleTypeObjectGenerator, Apress.Recipes.WebApi]._index"}}