{"Type":"0T:p:string","ClassCtx":"0T:StockSharp.Anywhere.TransactionKey, Anywhere","MethodCtx":"0M:[p:object] [StockSharp.Anywhere.TransactionKey, Anywhere].GetValue([p:string] value)","Definition":{"Type":"RETURN_VALUE","Member":"0M:[p:string] [StockSharp.Anywhere.TransactionKey, Anywhere].StringValidate([p:string] value)"},"CallParameters":[{"Method":"0M:[s:System.Nullable`1[[T]], mscorlib, 4.0.0.0] [StockSharp.Anywhere.TransactionKey, Anywhere].ConvertToDecimal([p:string] value)","ArgIndex":0},{"Method":"0M:[p:object] [StockSharp.Anywhere.TransactionKey, Anywhere].PredefinedSetValidate([p:string] value)","ArgIndex":0},{"Method":"0M:[p:string] [StockSharp.Anywhere.TransactionKey, Anywhere].StringValidate([p:string] value)","ArgIndex":0},{"Method":"0M:[s:System.Nullable`1[[T]], mscorlib, 4.0.0.0] [StockSharp.Anywhere.TransactionKey, Anywhere].ConvertToInteger([p:string] value)","ArgIndex":0},{"Method":"0M:[s:System.Nullable`1[[T]], mscorlib, 4.0.0.0] [StockSharp.Anywhere.TransactionKey, Anywhere].ConvertToLong([p:string] value)","ArgIndex":0}]}