{"Type":"0T:p:string","ClassCtx":"0T:StockSharp.Anywhere.TransactionKey, Anywhere","MethodCtx":"0M:[p:object] [StockSharp.Anywhere.TransactionKey, Anywhere].PredefinedSetValidate([p:string] value)","Definition":{"Type":"UNKNOWN"},"CallParameters":[{"Method":"0M:static [p:bool] [System.Linq.Enumerable, System.Core, 4.0.0.0].Contains`1[[TSource]](this [i:System.Collections.Generic.IEnumerable`1[[T]], mscorlib, 4.0.0.0] source, [TSource] value)","ArgIndex":1}],"MemberAccesses":[{"Type":"METHOD_CALL","Member":"0M:[p:string] [p:string].Trim()"},{"Type":"METHOD_CALL","Member":"0M:[p:string] [p:string].ToUpper()"}]}