{"Type":"0T:p:string","ClassCtx":"0T:StockSharp.Anywhere.TransactionKey, Anywhere","MethodCtx":"0M:[s:System.Nullable`1[[T]], mscorlib, 4.0.0.0] [StockSharp.Anywhere.TransactionKey, Anywhere].ConvertToInteger([p:string] value)","Definition":{"Type":"METHOD_PARAMETER","Member":"0M:[s:System.Nullable`1[[T]], mscorlib, 4.0.0.0] [StockSharp.Anywhere.TransactionKey, Anywhere].ConvertToInteger([p:string] value)","ArgIndex":0},"CallParameters":[{"Method":"0M:static [p:bool] [p:int].TryParse([p:string] s, out [p:int] result)","ArgIndex":0}]}