{"Type":"0T:p:string","ClassCtx":"0T:StockSharp.Anywhere.WriteHelpers, Anywhere","MethodCtx":"0M:static [p:void] [StockSharp.Anywhere.WriteHelpers, Anywhere]..cctor()","Definition":{"Type":"MEMBER_ACCESS","Member":"0F:static [p:string] [StockSharp.Anywhere.WriteHelpers, Anywhere]._positionsFilePath"},"CallParameters":[{"Method":"0M:static [System.IO.FileStream, mscorlib, 4.0.0.0] [System.IO.File, mscorlib, 4.0.0.0].Create([p:string] path)","ArgIndex":0},{"Method":"0M:static [p:bool] [System.IO.Directory, mscorlib, 4.0.0.0].Exists([p:string] path)","ArgIndex":0},{"Method":"0M:static [p:bool] [System.IO.File, mscorlib, 4.0.0.0].Exists([p:string] path)","ArgIndex":0},{"Method":"0M:static [System.IO.DirectoryInfo, mscorlib, 4.0.0.0] [System.IO.Directory, mscorlib, 4.0.0.0].CreateDirectory([p:string] path)","ArgIndex":0}]}