{"Type":"0T:p:string","ClassCtx":"0T:StockSharp.Anywhere.WriteHelpers, Anywhere","MethodCtx":"0M:static [p:void] [StockSharp.Anywhere.WriteHelpers, Anywhere].WriteTrade(this [?] tick)","Definition":{"Type":"RETURN_VALUE","Member":"0M:static [p:string] [StockSharp.Anywhere.WriteHelpers, Anywhere].TradeToString([?] tick)"},"CallParameters":[{"Method":"0M:static [p:void] [StockSharp.Anywhere.WriteHelpers, Anywhere].MemoryToFile([p:string] line, [p:string] filePath)","ArgIndex":1},{"Method":"0M:static [p:void] [StockSharp.Anywhere.WriteHelpers, Anywhere].MemoryToFile([p:string] line, [p:string] filePath)","ArgIndex":0}]}