{"Type":"0T:p:string","ClassCtx":"0T:StockSharp.Anywhere.WriteHelpers, Anywhere","MethodCtx":"0M:static [p:void] [StockSharp.Anywhere.WriteHelpers, Anywhere].WritePosition(this [?] position)","Definition":{"Type":"RETURN_VALUE","Member":"0M:static [p:string] [StockSharp.Anywhere.WriteHelpers, Anywhere].PositionToString([?] position)"},"CallParameters":[{"Method":"0M:static [p:void] [StockSharp.Anywhere.WriteHelpers, Anywhere].MemoryToFile([p:string] line, [p:string] filePath)","ArgIndex":1},{"Method":"0M:static [p:void] [StockSharp.Anywhere.WriteHelpers, Anywhere].MemoryToFile([p:string] line, [p:string] filePath)","ArgIndex":0}]}