{"Type":"0T:p:string","ClassCtx":"0T:StockSharp.Anywhere.WriteHelpers, Anywhere","MethodCtx":"0M:static [p:void] [StockSharp.Anywhere.WriteHelpers, Anywhere].MemoryToFile([p:string] line, [p:string] filePath)","Definition":{"Type":"METHOD_PARAMETER","Member":"0M:static [p:void] [StockSharp.Anywhere.WriteHelpers, Anywhere].MemoryToFile([p:string] line, [p:string] filePath)","ArgIndex":1},"CallParameters":[{"Method":"0M:[p:void] [System.IO.FileStream, mscorlib, 4.0.0.0]..ctor([p:string] path, [e:System.IO.FileMode, mscorlib, 4.0.0.0] mode, [e:System.IO.FileAccess, mscorlib, 4.0.0.0] access, [e:System.IO.FileShare, mscorlib, 4.0.0.0] share)","ArgIndex":0},{"Method":"0M:[p:byte[]] [System.Text.Encoding, mscorlib, 4.0.0.0].GetBytes([p:string] s)","ArgIndex":0}],"MemberAccesses":[{"Type":"MEMBER_REFERENCE","Member":"0P:get [p:int] [p:string].Length()"}]}