{"Type":"0T:p:string","ClassCtx":"0T:StockSharp.Anywhere.InputTranParser, Anywhere","MethodCtx":"0M:[p:void] [StockSharp.Anywhere.InputTranParser, Anywhere]..ctor([?] transAdapter, [?] messAdapter, [System.Collections.Generic.List`1[[T]], mscorlib, 4.0.0.0] securities)","Definition":{"Type":"MEMBER_ACCESS","Member":"0F:static [p:string] [StockSharp.Anywhere.InputTranParser, Anywhere]._transIDpattern"},"CallParameters":[{"Method":"0M:[p:void] [System.IO.FileSystemWatcher, System, 4.0.0.0]..ctor([p:string] path, [p:string] filter)","ArgIndex":0}]}