{"Type":"0T:p:string","ClassCtx":"0T:StockSharp.Anywhere.InputTranParser, Anywhere","MethodCtx":"0M:[p:void] [StockSharp.Anywhere.InputTranParser, Anywhere].OnFileChanged([p:object] source, [System.IO.FileSystemEventArgs, System, 4.0.0.0] e)","Definition":{"Type":"UNKNOWN"},"CallParameters":[{"Method":"0M:[p:void] [System.Collections.Generic.List`1[[T]], mscorlib, 4.0.0.0].Add([T] item)","ArgIndex":0},{"Method":"0M:[p:void] [System.IO.FileStream, mscorlib, 4.0.0.0]..ctor([p:string] path, [e:System.IO.FileMode, mscorlib, 4.0.0.0] mode, [e:System.IO.FileAccess, mscorlib, 4.0.0.0] access, [e:System.IO.FileShare, mscorlib, 4.0.0.0] share)","ArgIndex":0},{"Method":"0M:static [p:bool] [System.Linq.Enumerable, System.Core, 4.0.0.0].Contains`1[[TSource]](this [i:System.Collections.Generic.IEnumerable`1[[T]], mscorlib, 4.0.0.0] source, [TSource] value)","ArgIndex":0},{"Method":"0M:[p:long] [StockSharp.Anywhere.InputTranParser, Anywhere].GetTransId([p:string] line)","ArgIndex":0},{"Method":"0M:static [p:bool] [p:string].IsNullOrEmpty([p:string] value)","ArgIndex":0}],"MemberAccesses":[{"Type":"METHOD_CALL","Member":"0M:[p:string[]] [p:string].Split(params [p:char[]] separator)"}]}