{"Type":"0T:p:string","ClassCtx":"0T:StockSharp.Anywhere.InputTranParser, Anywhere","MethodCtx":"0M:[p:long] [StockSharp.Anywhere.InputTranParser, Anywhere].GetTransId([p:string] line)","Definition":{"Type":"METHOD_PARAMETER","Member":"0M:[p:long] [StockSharp.Anywhere.InputTranParser, Anywhere].GetTransId([p:string] line)","ArgIndex":0},"CallParameters":[{"Method":"0M:static [System.Text.RegularExpressions.Match, System, 4.0.0.0] [System.Text.RegularExpressions.Regex, System, 4.0.0.0].Match([p:string] input, [p:string] pattern)","ArgIndex":0},{"Method":"0M:static [System.Text.RegularExpressions.Match, System, 4.0.0.0] [System.Text.RegularExpressions.Regex, System, 4.0.0.0].Match([p:string] input, [p:string] pattern, [e:System.Text.RegularExpressions.RegexOptions, System, 4.0.0.0] options)","ArgIndex":0},{"Method":"0M:static [System.Text.RegularExpressions.Match, System, 4.0.0.0] [System.Text.RegularExpressions.Regex, System, 4.0.0.0].Match([p:string] input, [p:string] pattern, [e:System.Text.RegularExpressions.RegexOptions, System, 4.0.0.0] options)","ArgIndex":1},{"Method":"0M:static [p:long] [p:long].Parse([p:string] s)","ArgIndex":0}]}