{"Type":"0T:p:string","ClassCtx":"0T:StockSharp.Anywhere.InputTranParser, Anywhere","MethodCtx":"0M:[p:void] [StockSharp.Anywhere.InputTranParser, Anywhere].NewLinesParsing([i:System.Collections.Generic.IEnumerable`1[[T]], mscorlib, 4.0.0.0] lines)","Definition":{"Type":"RETURN_VALUE","Member":"0M:[p:string] [p:string].Trim()"},"CallParameters":[{"Method":"0M:[s:System.Collections.Generic.KeyValuePair`2[[TKey],[TValue]], mscorlib, 4.0.0.0] [StockSharp.Anywhere.InputTranParser, Anywhere].ConvertAndValidateCommandParams([p:string] key, [p:string] value)","ArgIndex":1},{"Method":"0M:static [p:bool] [p:string].IsNullOrWhiteSpace([p:string] value)","ArgIndex":0},{"Method":"0M:[s:System.Collections.Generic.KeyValuePair`2[[TKey],[TValue]], mscorlib, 4.0.0.0] [StockSharp.Anywhere.InputTranParser, Anywhere].ConvertAndValidateCommandParams([p:string] key, [p:string] value)","ArgIndex":0}],"MemberAccesses":[{"Type":"METHOD_CALL","Member":"0M:[p:string[]] [p:string].Split(params [p:char[]] separator)"},{"Type":"METHOD_CALL","Member":"0M:[p:string[]] [p:string].Split(params [p:char[]] separator)"},{"Type":"METHOD_CALL","Member":"0M:[p:string] [p:string].Trim()"},{"Type":"METHOD_CALL","Member":"0M:[p:string[]] [p:string].Split(params [p:char[]] separator)"},{"Type":"METHOD_CALL","Member":"0M:[p:string] [p:string].Trim()"}]}