{"Type":"0T:p:string","ClassCtx":"0T:StockSharp.Anywhere.InputTranParser, Anywhere","MethodCtx":"0M:[s:System.Collections.Generic.KeyValuePair`2[[TKey],[TValue]], mscorlib, 4.0.0.0] [StockSharp.Anywhere.InputTranParser, Anywhere].ConvertAndValidateCommandParams([p:string] key, [p:string] value)","Definition":{"Type":"METHOD_PARAMETER","Member":"0M:[s:System.Collections.Generic.KeyValuePair`2[[TKey],[TValue]], mscorlib, 4.0.0.0] [StockSharp.Anywhere.InputTranParser, Anywhere].ConvertAndValidateCommandParams([p:string] key, [p:string] value)","ArgIndex":1},"CallParameters":[{"Method":"0M:[p:void] [s:System.Collections.Generic.KeyValuePair`2[[TKey],[TValue]], mscorlib, 4.0.0.0]..ctor([TKey] key, [TValue] value)","ArgIndex":0},{"Method":"0M:static [p:void] [System.Diagnostics.Debug, System, 4.0.0.0].WriteLine([p:string] format, params [p:object[]] args)","ArgIndex":0},{"Method":"0M:[p:object] [StockSharp.Anywhere.TransactionKey, Anywhere].GetValue([p:string] value)","ArgIndex":0},{"Method":"0M:static [p:void] [System.Diagnostics.Debug, System, 4.0.0.0].WriteLine([p:string] format, params [p:object[]] args)","ArgIndex":1}]}