{"Type":"0T:p:string","ClassCtx":"0T:StockSharp.Anywhere.MainWindow, Anywhere","MethodCtx":"0M:[p:void] [StockSharp.Anywhere.MainWindow, Anywhere].OnNewOutMessage([?] message)","Definition":{"Type":"UNKNOWN"},"CallParameters":[{"Method":"0M:static [p:void] [System.Diagnostics.Debug, System, 4.0.0.0].WriteLine([p:string] message)","ArgIndex":0},{"Method":"0M:[p:void] [System.ArgumentOutOfRangeException, mscorlib, 4.0.0.0]..ctor([p:string] paramName)","ArgIndex":0},{"Method":"0M:static [p:string] [Ecng.Common.StringHelper, Ecng.Common, 1.0.0.0].Put(this [p:string] str, params [p:object[]] args)","ArgIndex":0}]}