{"Type":"0T:p:string","ClassCtx":"0T:StockSharp.Anywhere.MainWindow, Anywhere","MethodCtx":"0M:[p:void] [StockSharp.Anywhere.MainWindow, Anywhere].NotifyPropertyChanged(opt [p:string] propertyName)","Definition":{"Type":"METHOD_PARAMETER","Member":"0M:[p:void] [StockSharp.Anywhere.MainWindow, Anywhere].NotifyPropertyChanged(opt [p:string] propertyName)","ArgIndex":0},"CallParameters":[{"Method":"0M:[p:void] [System.ComponentModel.PropertyChangedEventArgs, System, 4.0.0.0]..ctor([p:string] propertyName)","ArgIndex":0}]}